name,common,hazard,wikipedia,usda,tinyclip-8m:common:poisonous/harmless,tinyclip-8m:common:toxic/safe,tinyclip-8m:common:poisonous/edible,tinyclip-8m:scientific:poisonous/harmless,tinyclip-8m:scientific:toxic/safe,tinyclip-8m:scientific:poisonous/edible,tinyclip-39m:common:poisonous/harmless,tinyclip-39m:common:toxic/safe,tinyclip-39m:common:poisonous/edible,tinyclip-39m:scientific:poisonous/harmless,tinyclip-39m:scientific:toxic/safe,tinyclip-39m:scientific:poisonous/edible,tinyclip-40m:common:poisonous/harmless,tinyclip-40m:common:toxic/safe,tinyclip-40m:common:poisonous/edible,tinyclip-40m:scientific:poisonous/harmless,tinyclip-40m:scientific:toxic/safe,tinyclip-40m:scientific:poisonous/edible,bioclip-2.5-vith14:common:poisonous/harmless,bioclip-2.5-vith14:common:toxic/safe,bioclip-2.5-vith14:common:poisonous/edible,bioclip-2.5-vith14:scientific:poisonous/harmless,bioclip-2.5-vith14:scientific:toxic/safe,bioclip-2.5-vith14:scientific:poisonous/edible
Conoclinium coelestinum,blue mistflower,False,False,False,0.010478,0.017304,0.046304,-0.002979,0.006003,0.041338,-0.020021,0.007146,-0.016475,-0.023375,0.024799,-0.030964,-0.009581,0.03479,0.047413,-0.005656,0.061052,0.017097,-0.047924,-0.01946,0.038313,-0.05359,-0.013162,0.035443
Callicarpa americana,American beautyberry,False,False,False,0.011918,0.023367,0.005649,0.018211,0.0241,0.048858,-0.015698,0.023748,-0.01726,-0.010167,0.02051,-0.003543,-0.016074,0.035298,0.023353,-0.004111,0.036953,0.045475,0.00215,-0.013357,0.117139,-0.009893,-0.025775,0.135974
Liquidambar styraciflua,American sweetgum,False,False,False,-0.013425,0.023665,0.02877,-0.015264,0.037432,0.030884,-0.043525,0.006995,-0.062043,-0.044363,0.006104,-0.039134,-0.059074,0.030789,-0.013223,-0.047145,0.047511,0.015825,-0.086134,-0.039902,-0.025609,-0.077731,-0.074076,0.001095
Persicaria longiseta,low smartweed,False,False,False,-0.016279,0.016753,0.014803,0.019411,0.032658,0.045668,-0.042542,0.027387,-0.032171,-0.011982,0.023537,0.000259,-0.070777,0.012846,-0.020416,-0.008986,0.041341,0.045449,-0.171334,0.018852,-0.042697,-0.184075,-0.000314,-0.013482
Magnolia grandiflora,southern magnolia,False,False,False,-0.017719,0.014566,0.035526,-0.009269,0.022307,0.034273,-0.035067,-0.008252,-0.031702,-0.034928,-0.000467,-0.0303,-0.034881,0.023232,0.01787,-0.022484,0.051008,0.029555,0.000782,-0.028546,-0.002764,-0.020269,-0.019046,-0.005686
Phytolacca americana,American pokeweed,True,True,True,0.027185,0.052814,0.034539,0.017744,0.015392,0.027335,0.010421,0.022606,-0.000285,-0.006747,0.028202,-0.011443,-0.000956,0.046594,0.035886,-0.016797,0.059784,0.039259,-0.032161,-0.036048,0.030443,-0.052333,-0.028347,0.026875
Liriodendron tulipifera,American tuliptree,False,False,False,-0.013173,0.004592,0.020214,-0.007987,0.024754,0.017102,-0.040367,-0.010771,-0.051092,-0.031537,0.019977,-0.051874,-0.032438,0.054166,0.013099,-0.019163,0.053142,-0.009647,0.061028,-0.016553,0.027302,-0.038849,-0.035512,-0.054323
Eupatorium capillifolium,dogfennel,False,True,False,-0.005097,0.028646,0.028133,-0.00304,0.037715,0.024588,-0.030473,0.016148,-0.03056,-0.035772,0.02758,-0.033477,-0.059463,0.052731,0.001923,-0.007157,0.046767,0.022096,-0.01406,-0.04519,-0.089484,-0.077531,-0.093533,0.061101
Polystichum acrostichoides,Christmas fern,False,False,False,0.003469,0.016753,0.000651,0.009036,0.027829,0.032104,-0.022292,0.018547,-0.005145,-0.017432,0.050802,0.004554,-0.030911,0.027216,0.025663,0.001555,0.064963,0.058172,-0.09502,-0.034061,0.041626,-0.101615,-0.037249,0.03034
Euonymus americanus,strawberry bush,False,True,False,-0.003013,-0.000397,-0.028959,0.014521,0.004784,0.030633,-0.022394,0.018026,-0.036905,-0.012025,0.032671,-0.017135,-0.032199,0.024908,-0.035993,-0.001094,0.05499,0.043334,-0.018455,0.025481,0.011131,-0.06494,-0.017588,-0.003955
Fagus grandifolia,American beech,False,False,False,-0.012695,0.003993,0.017221,-0.000233,0.027087,0.010915,-0.044894,0.013452,-0.044303,-0.036045,0.021373,-0.029095,-0.023815,0.012007,0.008973,-0.031967,0.05239,0.003846,-0.048464,0.003173,0.031585,-0.051217,0.005814,0.02819
Lonicera maackii,Amur honeysuckle,False,True,False,0.000719,0.009031,0.038732,0.016162,0.014237,0.05301,-0.012275,0.022326,-0.013491,-0.004133,0.027283,-0.013868,-0.024149,0.0552,0.020348,-0.039423,0.067693,0.037286,-0.024035,-0.045581,0.007601,-0.030644,-0.046109,0.011637
Erechtites hieraciifolius,American burnweed,False,False,False,-0.006489,0.022903,0.024386,-0.019231,-0.004577,0.02531,-0.040466,0.039196,-0.03379,-0.037161,0.019247,-0.029053,-0.040234,0.057795,0.017204,-0.041196,0.043525,-4.8e-05,-0.04985,-0.08645,0.035766,-0.057265,-0.090947,0.03905
Ampelopsis glandulosa,Porcelain Berry,False,False,False,0.01096,0.014727,-0.004333,0.004546,0.01631,0.047567,-0.014404,0.015628,-0.041247,-0.032738,0.02447,-0.02583,-0.025086,0.037968,-0.00634,-0.02837,0.037704,0.007739,-0.048453,0.008111,0.016756,-0.101246,-0.021457,-0.027684
Diospyros virginiana,American persimmon,False,False,False,0.007726,0.02701,0.006665,0.009552,-0.009321,0.015667,-0.009183,0.016708,-0.042458,-0.0353,0.02448,-0.026307,-0.040021,0.016683,-0.00831,-0.013415,0.057178,0.04793,0.034161,-0.042158,-0.010393,-0.025713,-0.031862,-0.040321
Eupatorium serotinum,late boneset,False,False,False,-0.01806,-0.019489,0.026539,0.007438,0.031754,0.033548,-0.021315,0.030684,-0.013938,-0.038548,0.03443,-0.035284,-0.031125,0.02616,0.042183,-0.002012,0.049834,0.034604,-0.0815,-0.067074,0.030481,-0.096043,-0.080039,0.031161
Ligustrum sinense,Chinese privet,False,True,False,0.011628,-0.000673,0.036617,-0.001015,-0.030512,0.049281,-0.020868,0.012464,-0.00387,-0.021381,0.018271,0.002474,-0.015526,0.027945,0.031526,-0.019713,0.033473,0.03301,-0.073251,-0.043577,0.012333,-0.067257,-0.049196,0.012016
Platanus occidentalis,American sycamore,False,False,False,-0.021595,0.015138,0.015029,-0.006143,0.002874,0.041482,-0.047815,0.012424,-0.048531,-0.043371,0.029734,-0.046766,-0.05633,0.008381,0.005213,-0.034365,0.041907,0.016584,0.024826,-0.053979,0.046394,0.020753,-0.052524,0.051137
Asarum arifolium,Little Brown Jugs,False,False,False,-0.013502,0.005063,0.026503,0.023232,0.044473,0.014695,-0.045122,0.013635,-0.035557,0.010113,0.032995,-0.001978,-0.018873,0.011523,-0.021612,-0.030523,0.044435,0.050254,-0.018762,-0.002211,0.04441,0.015637,0.036182,0.139666
Hedera helix,common ivy,False,True,False,0.002071,0.007013,0.006691,0.012406,-0.001202,0.006177,-0.021904,0.008961,-0.021278,-0.016493,0.008015,-0.020571,-0.034481,0.030545,0.017498,-0.042181,0.060863,0.022163,-0.004449,0.026847,0.008423,-0.031892,-0.032734,0.013234
Vitis rotundifolia,muscadine,False,False,False,-0.020079,-0.01441,0.03226,0.010343,0.019391,0.015086,-0.023087,0.011668,-0.037647,-0.029397,0.014255,-0.029868,-0.029954,0.019277,-0.021994,-0.0222,0.056994,0.003061,-0.024756,-0.01597,0.061866,-0.050353,-0.020306,0.017973
Pueraria montana,kudzu,False,False,False,-0.007485,-0.002912,-0.004249,-0.017139,-0.024945,0.029654,-0.020455,0.023867,-0.03715,-0.006275,0.008159,-0.022493,-0.014009,0.048518,-0.014549,-0.01922,0.017063,0.032072,-0.033016,-0.03894,-0.027479,-0.041895,-0.04607,-0.029
Cercis canadensis,eastern redbud,False,False,False,-0.004627,0.008051,0.034947,-0.003807,0.005975,0.045435,-0.026285,0.008248,-0.037387,-0.029315,0.014562,-0.029209,-0.017852,0.029649,0.013456,-0.029913,0.038629,0.013427,-0.052294,-1.5e-05,0.001415,-0.048331,-0.001636,-0.001072
Quercus nigra,water oak,False,False,False,-0.018675,0.007722,5.1e-05,-0.010872,0.015552,0.018299,-0.038994,0.020016,-0.044454,-0.037634,0.0214,-0.044228,-0.042608,0.02785,-0.008236,-0.030627,0.04069,0.018528,0.004871,-0.023511,0.043264,0.005934,-0.028055,0.060176
Parthenocissus quinquefolia,Virginia creeper,False,True,False,-0.003803,-0.000339,0.015296,0.002416,0.009766,0.028644,-0.019848,-0.002319,-0.016737,-0.020157,0.01368,-0.022314,-0.022325,0.016037,0.035559,-0.007138,0.036841,0.047015,-0.033045,0.045125,-0.012035,-0.075623,0.01201,-0.038806
Albizia julibrissin,Persian silk tree,False,False,False,0.003228,0.026789,0.032674,-0.011417,0.019744,0.023497,-0.029858,0.004484,-0.026366,-0.025887,-0.001364,-0.023067,-0.024535,0.024626,0.02436,-0.023913,0.050527,0.041097,0.023049,-0.070602,0.030906,-0.055779,-0.046034,-0.031546
Acer negundo,box elder,False,True,False,-0.028175,-0.059218,0.018347,-0.014907,0.009074,0.036388,-0.019199,-0.014926,-0.039157,-0.031574,-0.004568,-0.041065,-0.057296,0.022545,-0.034569,-0.04248,0.008547,0.008024,-0.029183,-0.015213,0.009105,-0.02557,-0.063765,0.006542
Cornus florida,flowering dogwood,False,True,False,-0.001742,0.004665,0.022102,0.000295,0.020896,0.032664,-0.026025,0.008289,-0.024804,-0.030559,0.019636,-0.02543,-0.004712,0.074656,0.050454,-0.032641,0.065075,0.02696,0.026015,-0.025703,0.057049,0.011634,-0.028298,0.043741
Chimaphila maculata,striped wintergreen,False,False,False,-0.013459,-0.010224,0.011292,0.016667,0.025454,0.055545,-0.005953,0.023828,-0.003355,-0.004677,0.034497,0.010096,-0.009113,0.049237,0.034905,-0.045753,0.039171,-0.001485,0.072698,0.051833,0.139928,-0.090828,0.009887,0.053906
Nandina domestica,Heavenly bamboo,False,True,False,-0.021258,-0.006707,0.021924,0.020228,-0.009744,0.053147,-0.038877,0.014801,-0.0227,0.001228,0.001215,0.017267,-0.065042,0.020472,0.00034,-0.007202,0.041139,0.051496,-0.160621,-0.053754,-0.085592,-0.115646,-0.022262,-0.039812
Toxicodendron radicans,eastern poison ivy,True,True,False,0.012307,0.048798,0.024865,0.006165,0.030335,0.012398,0.010696,0.048872,0.01406,-0.016558,0.035551,-0.025815,0.036402,0.059468,0.067433,0.011374,0.093072,0.051284,-0.066227,0.003784,0.08741,-0.086732,-0.009463,0.082971
Rhus copallinum,shining sumac,False,False,False,0.013815,0.021253,0.041163,0.004416,0.020323,0.041016,-0.025519,0.018907,-0.01098,-0.035893,0.032337,-0.024449,-0.017172,0.031775,0.024138,-0.010428,0.046771,0.053804,-0.092837,-0.044429,-0.007692,-0.108817,0.009893,0.0111
Solidago altissima,tall goldenrod,False,False,False,0.003972,0.011324,0.061549,0.002982,0.00943,0.054717,-0.036532,0.027482,-0.020805,-0.030894,0.024869,-0.020166,-0.00228,0.041402,0.045829,0.008844,0.046453,0.072265,-0.067394,0.015051,0.049349,-0.080489,-0.001362,0.065774
Ilex cornuta,Chinese holly,False,False,False,0.004985,0.01265,0.005241,-0.0077,-0.024939,0.010589,-0.007111,0.020672,-0.012987,-0.029948,0.013537,-0.022151,-0.029615,0.04713,0.009936,-0.035553,0.035261,0.015398,-0.014829,-0.019098,0.098955,-0.020339,-0.000917,0.100197
Solanum carolinense,Carolina horsenettle,True,True,False,-0.011503,-0.005154,0.044081,0.008525,0.012091,0.024287,-0.028716,-0.002036,-0.036381,-0.00413,0.014129,-0.027476,-0.053608,0.013573,-0.001395,-0.003697,0.034026,0.030446,-0.035296,0.032164,0.068507,-0.016166,-0.003314,-0.044454
Juglans nigra,eastern black walnut,False,True,True,-0.024799,0.006766,-0.024166,-0.009549,-0.007986,0.042825,-0.045512,0.015667,-0.067535,-0.038736,0.029463,-0.038902,-0.060113,0.016796,-0.044074,-0.035779,0.056544,0.002562,0.072644,-0.051653,0.031131,0.055611,-0.065815,0.023958
Sassafras albidum,sassafras,False,False,False,-0.012426,-0.008331,0.031392,-0.001328,0.006061,0.029802,-0.020864,-0.019262,-0.025753,-0.022888,-0.000777,-0.029186,-0.013011,-0.034492,0.045742,-0.015205,0.015089,0.050759,0.030608,0.024359,0.045765,0.032788,0.019316,0.041912
Tipularia discolor,crane-fly orchid,False,False,False,0.003467,0.025103,0.074842,0.005721,0.040208,0.016221,-0.008496,0.041936,-0.001397,-0.025768,0.065239,-0.029718,-0.035386,0.047307,0.048308,-0.030554,0.083005,0.008281,-0.011895,-0.000843,0.040277,-0.033916,-0.024884,0.093633
Acer rubrum,red maple,False,True,True,-0.009052,0.025873,0.037569,-0.013248,0.011385,0.032623,-0.03547,0.006003,-0.051025,-0.0326,0.015271,-0.044664,-0.049818,0.033826,-0.023343,-0.054831,0.040167,-0.017278,-0.086451,-0.006057,0.00393,-0.08858,-0.013733,0.004725
Asimina triloba,common pawpaw,False,True,False,0.016102,0.02939,0.015257,-0.013098,-0.014502,0.042797,-0.010045,0.01715,-0.029804,-0.03808,0.011439,-0.039152,-0.040162,0.036912,0.003571,-0.029058,0.034367,-0.00042,0.113891,0.01468,0.109578,0.070761,-0.036627,0.04544
Phyllanthus urinaria,Chamberbitter,False,False,False,-0.023467,-0.02861,0.034695,0.012843,0.012704,0.03167,-0.040157,0.009189,-0.033134,-0.015452,0.021601,0.003491,-0.037498,-0.00954,-0.032435,-0.028785,0.061937,0.031259,-0.037588,-0.000156,-0.006193,-0.040408,-0.010877,0.023831
Ilex opaca,American holly,False,True,False,-0.010114,-0.003149,0.020429,-0.003957,-0.018754,0.012993,-0.017695,0.019032,-0.019191,-0.033698,0.012253,-0.027439,-0.031335,0.030243,0.019161,-0.032632,0.030168,0.026934,-0.042138,-0.03251,0.079313,-0.027191,-0.027849,0.090136
Perilla frutescens,beefsteak plant,False,True,False,-0.010217,0.007373,0.000749,-0.00366,0.003326,0.034907,-0.025323,0.014138,-0.049851,-0.033039,0.029682,-0.029803,-0.022824,-0.001139,-0.042589,-0.028183,0.032515,-0.001935,0.026384,0.046265,0.095936,-0.044043,-0.016091,0.10678
Elaeagnus pungens,thorny olive,False,False,False,0.002209,0.023919,0.014085,0.013585,0.00839,0.028783,-0.022782,0.03454,-0.021087,-0.029224,0.024807,-0.025685,-0.069687,0.057199,-0.00401,-0.02493,0.016867,0.036798,-0.059767,0.009295,-0.03007,-0.051125,-0.016984,-0.020261
Symphyotrichum pilosum,frost aster,False,False,False,-0.000395,0.025286,0.02591,-0.013865,-0.003701,0.023654,-0.04157,0.005062,-0.0364,-0.046089,0.006291,-0.033334,-0.054375,0.033648,-0.004186,-0.00228,0.037253,0.056917,-0.068059,0.005226,-0.073702,-0.081066,-0.055361,-0.094495
Impatiens capensis,common jewelweed,False,False,False,0.037742,0.047744,0.020714,0.017472,0.031295,0.021576,0.010974,0.019173,-0.016439,0.000333,0.03533,-0.018619,-0.008196,0.067204,0.017773,0.004094,0.060643,0.042162,-0.036707,0.043817,-0.025902,-0.120661,0.017871,-0.058936
Quercus alba,white oak,False,False,False,-0.028581,0.001943,0.000901,-0.013053,0.01207,0.01774,-0.048075,0.002982,-0.057019,-0.040069,0.021939,-0.045841,-0.047284,0.007838,-0.0319,-0.028835,0.034543,0.009427,-0.041566,-0.047911,0.03954,-0.046245,-0.055122,0.022681
Ipomoea purpurea,common morning-glory,False,False,False,-0.00623,0.003352,0.012425,0.002971,0.047296,0.008571,-0.028944,0.000844,-0.028629,-0.01025,0.015154,-0.026833,-0.039308,0.024143,0.009236,-0.007691,0.038505,0.044782,-0.02014,-0.010055,-0.091465,-0.045317,-0.01459,-0.087497
Berberis bealei,leatherleaf mahonia,False,True,False,0.02919,0.032639,0.02151,0.018139,-0.005741,0.050223,-0.027252,0.019931,-0.008145,-0.024214,-0.001811,-0.024433,0.000494,0.039721,0.041149,-0.0267,0.034463,0.008636,0.044101,0.02917,0.05699,-0.039262,-0.005166,-0.036704
Epifagus virginiana,Beechdrops,False,False,False,-0.010423,0.006653,0.025919,-0.004416,0.011388,0.02192,-0.045152,0.016688,-0.051219,-0.045002,0.017295,-0.037115,-0.02314,0.00362,-0.00188,-0.007843,0.038016,0.004664,-0.083831,0.001631,0.103586,-0.072831,0.001593,0.101263
Chasmanthium latifolium,river oats,False,False,False,-0.019628,0.001261,0.01008,0.002278,0.02843,0.040143,-0.059547,0.03751,-0.058104,-0.036929,0.018827,-0.020418,-0.062762,0.017007,-0.043575,-0.051521,0.039122,0.028336,-0.028983,-0.027807,-0.044549,-0.102938,-0.051634,-0.038345
Oxydendrum arboreum,sourwood,False,False,False,-0.024128,-0.014876,0.017544,0.00838,0.029363,0.051079,-0.022756,-0.007069,-0.035519,-0.022987,0.015427,-0.011126,-0.018635,4.1e-05,0.018619,-0.013785,0.052573,0.041987,-0.093611,-0.020526,0.042331,-0.105076,-0.018686,0.019698
Magnolia macrophylla,bigleaf magnolia,False,False,False,-0.012294,0.026076,0.026365,-0.010804,0.024847,0.031785,-0.043357,-0.005408,-0.042467,-0.036484,0.002102,-0.034706,-0.040292,0.032695,0.012124,-0.028074,0.049865,0.028663,0.110328,-0.038074,0.050958,0.068536,-0.04007,0.084686
Chrysopsis mariana,Maryland golden-aster,False,False,False,-0.014315,0.004485,0.034403,-0.008724,0.005762,0.035161,-0.035642,0.006266,-0.040611,-0.013229,0.034965,-0.006776,-0.046141,0.049149,0.004371,-0.033412,0.050735,0.031107,-0.024126,0.032221,-0.04918,-0.048791,0.015997,-0.038293
Lonicera japonica,Japanese honeysuckle,False,True,False,-0.000968,0.020155,0.038267,0.017911,0.01231,0.050093,-0.002656,0.013751,-0.008035,-0.002182,0.024549,-0.014281,-0.027644,0.048074,0.020005,-0.022654,0.070122,0.040222,0.002441,-0.00379,-0.073263,0.000618,-0.006867,-0.063583
Dryopteris erythrosora,autumn fern,False,False,False,0.015239,0.034665,0.011132,0.021634,0.02622,0.034822,-0.029357,0.022831,-0.019376,-0.026063,0.043558,0.001601,-0.035208,0.029944,0.012055,-0.012394,0.053564,0.037394,-0.103069,-0.056178,-0.028015,-0.087238,-0.038244,-0.042589
Pinus taeda,loblolly pine,False,False,False,-0.025106,0.008979,0.018337,-0.036313,-0.008066,0.01407,-0.033137,0.021064,-0.022907,-0.047616,0.014479,-0.025886,-0.075986,0.042309,-0.013463,-0.069673,0.031981,-0.010725,-0.037238,-0.089265,0.053584,-0.03788,-0.091149,0.047157
Diphasiastrum digitatum,fan clubmoss,False,False,False,-0.011065,0.003961,0.039018,0.001391,0.016672,0.039605,-0.046111,0.027644,-0.02313,-0.027496,0.020813,-0.023283,-0.045913,0.015731,0.025096,-0.029615,0.04885,0.006511,0.01393,0.007617,0.143045,-0.089672,-0.016762,0.022842
Lobelia cardinalis,cardinal flower,False,True,False,0.022111,0.017766,0.070555,0.02771,0.020112,0.065679,0.007714,0.005124,0.003673,-0.005784,-0.007964,-0.008569,-0.002622,0.027221,0.043273,-0.018581,0.049664,0.021199,-0.113205,0.06244,-0.030323,-0.107246,0.054647,-0.039217
Passiflora incarnata,purple passionflower,False,False,False,0.030399,0.037041,0.058749,0.024038,0.037966,0.048507,0.011881,-0.000844,-0.002059,0.00271,0.013179,-0.010131,-0.016456,0.031653,0.019021,-0.01783,0.038445,0.019413,-0.056797,0.037722,-0.13731,-0.00531,-0.00167,-0.056901
Physalis angulata,cutleaf groundcherry,False,True,False,-0.012745,0.008467,-0.003762,0.015647,0.03318,-0.006553,-0.034249,0.009401,-0.052589,-0.008192,0.032944,-0.037525,-0.0215,0.027023,0.000142,-0.039975,0.015563,-0.005169,0.010574,0.041049,-0.048934,-0.063331,-0.035724,-0.004753
Microstegium vimineum,Japanese stiltgrass,False,False,False,-0.02274,0.017681,0.02045,-0.007291,0.001946,0.034462,-0.045421,0.013017,-0.032365,-0.043217,0.028245,-0.042615,-0.064835,0.038353,0.017314,-0.024996,0.048978,0.018265,-0.150648,-0.02425,-0.010472,-0.146711,-0.029555,-0.001392
Bignonia capreolata,cross vine,False,False,False,-0.005483,0.004974,0.007128,-0.006428,-0.00492,0.04049,-0.021996,0.003757,-0.018257,-0.028469,0.023232,-0.032357,-0.032127,0.018739,0.004938,-0.022868,0.021945,-0.019782,-0.040186,-0.003252,0.004144,-0.0572,-0.016916,0.012816
Chelone glabra,white turtlehead,False,False,False,-0.001402,0.026492,-0.002804,-0.018031,-0.016463,0.033444,-0.018778,0.02425,-0.01844,-0.030135,0.008513,-0.033365,-0.026007,0.040923,0.013859,-0.032054,0.008036,-0.009292,-0.051338,-0.021167,0.032797,-0.083423,0.01167,-0.043125
Nephroia carolina,Carolina snailseed,False,False,False,-0.006261,-0.001604,0.01313,-0.012252,-0.025859,0.019141,-0.021754,0.004479,-0.046779,-0.025416,0.014586,-0.039141,-0.053758,0.008073,-0.022161,-0.02577,0.040267,-0.00126,0.022911,-0.00054,0.038253,-0.051828,-0.022021,0.041373
Commelina communis,Asiatic dayflower,False,False,False,0.011251,0.014715,0.031724,0.011602,0.009001,0.024459,-0.004957,0.001311,-0.018986,-0.014354,0.012752,-0.019426,-0.004408,0.03915,0.047312,-0.030953,0.049308,0.013552,-0.098472,-0.007493,-0.067232,-0.106747,-0.014762,-0.06743
Verbesina alternifolia,Wingstem,False,False,False,-0.015561,-0.008057,0.027994,0.004455,0.013802,0.032243,-0.049215,0.007011,-0.050154,-0.033594,0.014518,-0.033574,-0.041986,-0.031833,-0.012649,-0.026516,0.050289,0.013796,0.045912,0.008684,0.050744,0.051634,0.007594,0.047513
Lycoris radiata,red spider lily,False,True,False,0.012857,0.042626,0.063026,0.000205,0.04444,0.062021,-0.003305,0.014868,0.004357,-0.027484,0.015567,-0.018096,-0.04178,0.045096,0.036609,-0.033374,0.07397,0.044208,-0.015509,-0.006371,0.045174,-0.028738,0.00141,0.020752
Campsis radicans,American trumpet vine,False,True,False,0.016383,0.018788,0.017344,0.007871,0.006306,0.040596,0.000352,0.001595,0.000608,-0.006133,0.005774,-0.012533,-0.005127,0.050822,0.012615,-0.009124,0.047958,0.010191,-0.010922,0.008521,-0.008473,-0.096185,-0.036787,-0.015868
Nyssa sylvatica,Black Tupelo,False,False,False,-0.016712,0.001028,0.034373,-0.013099,-0.015525,0.040093,-0.040251,0.004723,-0.056588,-0.029975,0.004006,-0.040717,-0.034087,0.048958,-0.034783,-0.034022,0.024746,0.010694,0.006866,-0.00059,0.046581,-0.009528,0.000442,0.034103
Pyrus calleryana,Callery pear,False,False,False,-0.018486,-0.009975,-0.005475,-0.014027,-0.013017,0.025304,-0.044425,0.02291,-0.049668,-0.034728,0.011687,-0.033765,-0.053298,-0.004367,-0.021153,-0.028225,0.051185,0.021855,-0.009278,-0.02666,-0.014016,-0.016857,-0.024601,-0.015882
Bigelowia nuttallii,Nuttall's Rayless Goldenrod,False,False,False,0.008837,0.003919,0.057523,-0.017189,-0.019104,0.034832,-0.037641,0.02278,-0.027913,-0.039529,-0.004301,-0.054054,-0.018732,0.039677,0.036538,-0.031054,0.017621,-0.026889,-0.03903,-0.002196,0.147635,-0.02374,-0.014661,0.117263
Carya illinoinensis,pecan,False,False,False,-0.021238,0.007288,-0.010265,0.00396,0.011328,0.031417,-0.032783,0.008774,-0.060331,-0.040648,-0.00412,-0.038406,-0.029481,0.002048,-0.028161,-0.045045,0.037778,-0.007948,0.013288,-0.018119,-0.019768,0.006451,-0.021572,-0.018224
Heterotheca subaxillaris,Camphorweed,False,False,False,0.003175,0.036979,0.035569,0.005754,0.012754,0.044934,-0.016972,0.028146,-0.023234,-0.037854,0.030852,-0.032378,-0.036592,0.063585,0.026377,-0.036259,0.04212,0.00647,0.016798,0.002695,-0.034934,0.007977,-0.008883,-0.03766
Magnolia tripetala,umbrella magnolia,False,True,False,-0.020483,0.027714,0.019948,-0.010513,0.013008,0.038735,-0.039595,-0.009846,-0.029159,-0.04067,0.0019,-0.036168,-0.042066,0.029036,0.028721,-0.041217,0.050957,0.016752,0.066892,-0.032125,0.039092,0.035741,-0.040417,0.028184
Pluchea camphorata,Camphor-weed,False,False,False,-0.005048,0.027875,0.02748,-0.002572,0.006122,0.045375,-0.02597,0.029777,-0.019171,-0.02508,0.028552,-0.031555,-0.04715,0.054341,-0.001619,-0.035292,0.045378,0.005493,0.077249,0.045722,0.027519,-0.019709,0.02092,0.079113
Symphyotrichum georgianum,Georgia aster,False,False,False,-0.019702,-0.007735,0.038031,-0.022411,0.002758,0.022874,-0.030424,-0.001443,-0.034158,-0.043878,0.006011,-0.025522,-0.043759,0.026192,-0.004995,-0.004677,0.043873,0.044653,-0.125782,-0.008521,-0.032753,-0.018132,0.019333,-0.056497
Rhus glabra,smooth sumac,False,False,False,0.015189,0.036249,0.024152,0.004011,0.017298,0.039001,-0.029083,0.029891,-0.022179,-0.036924,0.016535,-0.017956,-0.017473,0.029181,0.010217,-0.028014,0.042297,0.029901,-0.018615,-0.010326,0.059942,-0.052322,-0.040676,-0.026749
Quercus phellos,willow oak,False,False,False,-0.020842,0.012957,0.009428,-0.008849,0.014875,0.024953,-0.043959,0.011536,-0.051023,-0.034761,0.013348,-0.039856,-0.027057,0.021879,-0.000682,-0.028574,0.035732,0.018497,-0.106965,-0.025897,-0.012801,-0.107715,-0.028661,-0.010888
Achyranthes japonica,Japanese Chaff Flower,False,False,False,-0.00021,0.018757,0.028496,0.004483,0.004756,0.05115,-0.0198,0.011817,-0.034018,-0.02297,0.014523,-0.018743,-0.045108,0.033247,-0.012826,-0.022294,0.044723,0.023401,-0.00378,0.051418,0.096929,-0.073226,0.054258,0.07109
Symphyotrichum dumosum,Bushy Aster,False,False,False,-0.004401,0.010827,0.034646,-0.010881,0.00732,0.024005,-0.040646,0.016213,-0.027709,-0.039742,0.00595,-0.028709,-0.044765,0.044824,0.0029,-0.005377,0.039254,0.048505,-0.123793,-0.068252,-0.036586,-0.139606,-0.080724,-0.053793
Hydrangea quercifolia,oakleaf hydrangea,False,False,False,-0.010121,0.002809,0.001241,0.001674,0.00367,0.016979,-0.026024,0.017239,-0.040513,-0.01921,0.029436,-0.031684,-0.024528,0.026948,0.026039,-0.020384,0.048785,0.033124,-0.00128,0.000854,0.049915,-0.024664,-0.006456,0.056369
Mikania scandens,climbing hempvine,False,False,False,-0.001758,0.007233,0.001009,0.005646,0.018296,0.031443,-0.024642,-0.018132,-0.016729,-0.016308,0.001619,-0.031696,-0.072936,-0.004182,-0.016839,-0.042324,0.007199,0.017362,-0.083352,-0.070524,0.024968,-0.083776,-0.074809,0.008095
Asplenium platyneuron,ebony spleenwort,False,False,False,0.027727,0.026352,0.0004,-0.012324,0.014893,0.024478,-0.002189,0.033268,0.010836,-0.020686,0.042847,-0.010786,0.005474,0.057373,0.043029,-0.015067,0.046436,0.033087,-0.075609,-0.061943,0.006616,-0.0786,-0.059049,0.01962
Lespedeza cuneata,Chinese bushclover,False,False,False,-0.011597,0.005567,0.018534,-0.009034,-0.010597,0.037233,-0.006747,0.024607,-0.009661,-0.032544,0.004958,-0.044987,-0.039001,0.065517,0.003159,-0.04266,0.020868,-0.018611,-0.030263,-0.044378,-0.010979,-0.048721,-0.053371,0.011645
Citrus trifoliata,trifoliate orange,False,False,False,-0.008383,0.002183,0.020805,0.005288,0.00657,0.005266,-0.020383,0.047206,-0.043722,-0.033365,0.051365,-0.044245,-0.006155,0.05428,-0.002837,-0.011039,0.070399,0.007692,0.037047,0.015146,-0.044946,-0.013766,-0.024073,-0.034637
Glechoma hederacea,ground-ivy,False,True,False,-0.009025,0.000909,0.007737,0.019771,0.016881,0.029009,-0.016886,0.010096,-0.019494,-0.022118,0.031822,-0.02489,-0.038349,0.051006,0.013004,0.000187,0.068428,0.04055,-0.028814,0.068631,-0.045233,-0.041565,0.051356,-0.010313
Symphyotrichum lateriflorum,calico aster,False,False,False,-0.020924,-0.021467,0.021654,-0.007861,0.012673,0.016492,-0.035387,0.009897,-0.013967,-0.042837,0.007199,-0.028209,-0.028265,0.033568,-0.001283,-0.004624,0.040677,0.044148,-0.135507,-0.062804,-0.004877,-0.138893,-0.069998,-0.015968
Cosmos sulphureus,Yellow Cosmos,False,False,False,-0.012962,0.027222,0.036457,-0.000993,0.020086,0.039272,-0.023571,0.018478,-0.032731,-0.022951,0.030198,-0.027829,-0.028241,0.073968,0.012114,-0.001771,0.076428,0.029727,0.000891,-0.043605,-0.055014,-0.020506,-0.040219,-0.022717
Trifolium repens,white clover,False,False,True,-0.024423,0.005719,-0.002445,-0.006432,0.021393,0.014893,-0.023209,0.020508,-0.023939,-0.027429,0.026878,-0.023141,-0.045806,0.047977,-0.003983,-0.022351,0.0736,0.030757,-0.018065,-0.06009,-0.064036,-0.022202,-0.062704,-0.065725
Ilex verticillata,winterberry holly,False,False,False,0.023185,0.019223,0.002933,0.008707,0.00264,0.002021,-0.018362,0.016269,-0.021361,-0.04183,0.020628,-0.024674,-0.016515,0.041496,0.025195,-0.048913,0.035705,0.014865,0.016064,0.017284,0.057645,-0.039333,0.003032,0.026088
Quercus falcata,southern red oak,False,False,False,-0.014339,0.012893,0.014472,-0.01244,0.011939,0.019014,-0.043147,-0.001041,-0.065855,-0.03546,0.021005,-0.044955,-0.048993,0.006485,-0.017049,-0.029957,0.03567,0.019773,-0.033894,-0.052201,0.090556,-0.026338,-0.058542,0.078367
Mitchella repens,partridgeberry,False,False,False,0.008806,0.018442,-0.000616,0.001417,0.005237,0.023788,-0.022583,0.009848,-0.034082,-0.035952,0.022842,-0.027232,-0.041019,0.033431,-0.018269,-0.056909,0.030426,0.005391,-0.068603,0.09018,0.026779,-0.00276,0.074503,0.07073
Campanula divaricata,Southern Harebell,False,False,False,0.009998,0.0059,0.04563,0.002434,0.006162,0.038945,-0.022565,-0.013394,-0.030988,-0.015092,0.00155,-0.011062,-0.038248,0.023918,0.004454,-0.034049,0.033673,0.025936,-0.119811,0.009549,-0.101484,-0.188594,-0.007441,-0.017454
Solidago caesia,bluestem goldenrod,False,False,False,0.005887,0.027173,0.038369,0.010914,0.017875,0.054552,-0.047454,0.032764,-0.036741,-0.026762,0.030731,-0.022693,-0.029548,0.032395,0.042902,0.006515,0.044784,0.063697,-0.069443,-0.012218,0.06472,-0.094627,-0.010065,0.073467
Euonymus fortunei,fortune's spindle,False,False,False,-0.018029,-0.008912,0.017026,0.013326,-0.008008,0.027025,-0.024756,-0.014467,-0.029264,0.006415,0.019442,0.012382,-0.025116,-0.026924,-0.012345,-0.012814,0.050462,0.022023,-0.043933,-0.004561,-0.001172,-0.01428,0.022556,0.0052
Melothria pendula,creeping cucumber,False,True,False,0.002215,0.036084,-0.01248,-0.001384,-0.00653,0.042179,-0.007029,0.027168,-0.028977,-0.032373,0.007063,-0.033212,-0.044344,0.065075,-0.001618,-0.022454,0.022535,0.003512,-0.033548,-0.029887,0.005054,-0.055097,-0.053861,-0.037017
Gentiana saponaria,Soapwort Gentian,False,False,False,0.000668,0.012295,0.024375,0.015019,0.00304,0.04478,-0.009044,0.016696,-0.011208,-0.019608,0.012782,-0.009007,-0.02361,0.037366,0.037197,0.004622,0.03814,0.059361,-0.113146,0.055315,-0.068493,-0.133198,0.046381,-0.062227
Jacquemontia tamnifolia,Hairy cluster-vine,False,False,False,-0.000404,0.042515,0.006211,0.005063,0.01395,0.032859,-0.035063,0.042966,-0.033045,-0.02452,0.017959,-0.029041,-0.058389,0.062405,0.008045,-0.028743,0.072852,0.022278,0.09838,0.024961,0.127651,-0.006473,0.000229,-0.021971
Persicaria sagittata,arrow-leaved tearthumb,False,False,False,-0.017194,-0.005363,0.027501,0.018115,0.040233,0.045562,-0.0415,0.012396,-0.041463,-0.014846,0.023958,-0.001028,-0.027803,0.047805,0.0145,-0.012904,0.029894,0.040316,-0.058633,-0.023191,-0.096666,-0.088685,-0.038745,-0.060504
Athyrium asplenioides,southern lady fern,False,False,False,0.011741,0.023285,0.016587,0.00386,0.035715,0.009537,-0.025401,0.009411,-0.010862,-0.040184,0.032041,-0.005,-0.048817,0.011679,0.01341,-0.029206,0.035284,0.02857,-0.105718,-0.057468,-0.001678,-0.109937,-0.052168,0.013305
Rudbeckia laciniata,cutleaf coneflower,False,True,False,0.004358,0.045612,0.029512,0.014621,0.023828,0.0478,-0.02137,0.005338,-0.035631,-0.023438,0.019047,-0.02956,-0.044135,0.034332,0.006724,-0.031803,0.056559,0.011636,0.023147,-0.040975,-0.055498,-0.02204,-0.060147,-0.028813
Paulownia tomentosa,princess tree,False,False,False,-0.017349,-0.00728,0.022038,0.000301,0.006807,0.024635,-0.036488,-0.009414,-0.028997,-0.017887,0.02008,-0.028512,-0.031584,-0.004189,-0.010432,-0.010197,0.062273,0.022904,0.037919,-0.020426,0.076941,-0.046489,0.010089,0.005683
Potentilla indica,mock strawberry,False,False,False,-0.012923,-0.00235,-0.033208,0.002003,0.000875,0.008731,-0.022097,0.01417,-0.056565,-0.007592,0.027264,-0.008036,-0.058936,0.032453,-0.052603,-0.007486,0.078888,0.021153,-0.047996,0.025147,0.006656,-0.065438,-0.004428,-0.057323
Verbesina virginica,frostweed,False,False,False,-0.004894,0.033427,0.012995,-0.011803,-0.016445,0.037768,-0.031678,0.020331,-0.023222,-0.036245,0.007519,-0.036748,-0.0047,0.053081,0.042108,-0.02033,0.041076,0.016368,0.020936,-0.033884,0.076107,0.014456,-0.042548,0.073698
Ipomoea coccinea,red morning glory,False,False,False,0.002593,0.017337,0.015598,0.006299,0.049468,0.021005,-0.006419,-0.010789,-0.015016,-0.002369,0.020679,-0.016912,-0.032666,0.017162,0.017536,-0.003237,0.046358,0.054496,-0.021568,0.054629,-0.014979,-0.061504,0.023411,-0.040788
Macrothelypteris torresiana,Mariana Maiden Fern,False,False,False,0.011717,0.01594,0.013639,-0.004105,-0.000557,0.04209,-0.021286,-0.00656,-0.013981,-0.049681,0.032441,-0.032931,-0.059889,0.009919,0.017955,-0.031395,0.067414,0.019968,-0.133647,-0.09374,0.014281,-0.069841,-0.107631,-0.001168
Vaccinium arboreum,sparkleberry,False,False,False,-0.003961,0.002669,0.00935,0.010096,0.005797,0.026185,-0.03491,-0.009865,-0.047405,-0.01415,0.016323,-0.006813,-0.058046,-0.02535,-0.035972,-0.012677,0.058548,0.030386,-0.008031,0.011908,-0.02065,-0.051911,0.003046,-0.022127
Ruellia simplex,Mexican Ruellia,False,False,False,-0.004989,0.000713,0.02844,-0.006655,-0.000263,0.029436,0.000901,0.027214,0.003166,-0.013361,0.018088,-0.003741,-0.03488,0.049793,0.02126,-0.051895,0.020512,-0.008357,0.026881,0.0886,0.011563,-0.087124,0.023076,0.012247
Chamaecrista fasciculata,partridge pea,False,False,True,0.014658,0.005042,0.022617,-0.000874,0.003917,0.042285,0.003516,0.012054,-0.001425,-0.026444,0.033624,-0.025395,-0.019713,0.025213,0.015897,-0.046867,0.034441,-0.004284,-0.016532,0.11313,0.004576,-0.09943,0.032643,-0.044793
Juniperus virginiana,eastern redcedar,False,True,False,-0.024786,0.004544,0.014986,-0.005145,0.015578,0.012872,-0.043299,0.001794,-0.045837,-0.044663,0.018835,-0.01988,-0.04029,0.021225,-0.01624,-0.033269,0.057064,0.031072,-0.02231,-0.051469,0.027579,-0.085982,-0.085332,0.013711
Alnus serrulata,smooth alder,False,False,False,-0.016489,0.018348,0.001874,0.008618,0.004821,0.028991,-0.047179,0.017614,-0.05147,-0.036657,0.022811,-0.037791,-0.047895,0.00674,-0.021801,-0.023368,0.032594,0.027472,0.019499,0.003303,-0.001858,0.004914,-0.016933,0.012155
Verbascum thapsus,great mullein,False,True,False,0.014429,0.025774,0.022837,0.013726,0.01294,0.038343,-0.020249,0.033725,-0.02968,-0.015865,0.011462,-0.007542,-0.019373,0.053494,-0.004558,-0.016541,0.03541,0.02977,0.123957,0.035099,0.020581,0.108075,-0.009758,0.070681
Onoclea sensibilis,sensitive fern,False,True,False,0.005093,0.030793,0.005067,-0.008721,-0.012022,0.033719,-0.031925,0.02211,-0.012886,-0.025786,0.029346,-0.031595,-0.052507,0.024885,0.017171,-0.028032,0.041644,0.000802,-0.041548,-0.040421,0.02294,-0.044488,-0.046924,0.00856
Smilax bona-nox,saw greenbrier,False,False,False,-0.026664,-0.022715,0.019306,0.007402,0.009282,0.025395,-0.022777,-0.00881,-0.01938,-0.014477,0.015453,-0.014108,-0.002857,-0.036023,0.007126,-0.017963,0.063357,0.043144,0.059872,-0.02138,0.045229,-0.015704,-0.04162,0.045214
Helianthus angustifolius,narrowleaf sunflower,False,False,False,0.007629,0.029686,0.010339,-0.004254,0.026058,0.025867,-0.034589,0.008512,-0.048886,-0.035304,0.012328,-0.037287,-0.06719,0.028164,-0.016795,-0.042693,0.046861,0.00146,-0.069521,-0.013633,0.000706,-0.051692,-0.033928,0.026221
Symphyotrichum patens,late purple aster,False,False,False,-0.008538,0.0121,0.038751,-0.008813,0.012308,0.018444,-0.026417,0.00989,-0.025748,-0.04442,0.009262,-0.02613,-0.051121,0.028328,-0.011756,-0.011642,0.033808,0.04244,-0.049379,-0.038947,-0.075417,-0.048404,-0.028687,-0.095186
