count,scientific,common,seconds,description
362,Conoclinium coelestinum,blue mistflower,2.07,"This low plant has soft, rounded leaves growing in a clump on the ground."
230,Callicarpa americana,American beautyberry,0.94,"This is a bush with long, purple, berries hanging from little leafy branches."
183,Liquidambar styraciflua,American sweetgum,1.13,"This large tree has dark, rough bark and leaves that grow in big, round shapes on its branches."
159,Magnolia grandiflora,southern magnolia,1.04,"This big tree has big, smooth green leaves and a thick, greyish bark."
154,Liriodendron tulipifera,American tuliptree,1.36,"This tall tree has a thick, rough-looking trunk and grows into a big, shady canopy with big, smooth leaves."
148,Polystichum acrostichoides,Christmas fern,1.19,"This is a tall plant with long, fern-like green fronds growing in shady, damp places."
125,Fagus grandifolia,American beech,1.14,"This is a tall tree with smooth, dark, grey bark and a wide, rounded crown of green leaves."
116,Erechtites hieraciifolius,American burnweed,1.0,"This is a low plant with pointy, silvery leaves growing in dry, sunny spots."
103,Ampelopsis glandulosa,Porcelain Berry,1.2,"This small plant has tiny, soft, scale-like leaves that look like little fuzzy coins growing in a patch."
97,Diospyros virginiana,American persimmon,1.08,"This tree has a rough, grayish bark and produces round, bumpy fruit that hangs from the branches."
84,Platanus occidentalis,American sycamore,1.18,"This is a tall tree with a thick, grayish bark and big, spreading branches that reach up to the sky."
82,Vitis rotundifolia,muscadine,0.95,This is a vine with round leaves and tiny flowers that grow along the branches.
79,Pueraria montana,kudzu,1.18,"This is a big, climbing plant with leathery, dark leaves that grows up tall on a fence or wall."
76,Cercis canadensis,eastern redbud,0.97,This is a small tree with lovely pink and purple flowers that appear in the spring.
72,Quercus nigra,water oak,1.03,"This is a big, strong tree with thick, rough bark, often found in wooded areas."
65,Albizia julibrissin,Persian silk tree,1.12,"This is a tall tree with long, narrow, feathery leaves and a light-colored, rough bark."
63,Chimaphila maculata,striped wintergreen,1.24,"This is a tall, spiky plant with pinkish flowers and shiny, dark green leaves growing in shady, damp spots."
61,Rhus copallinum,shining sumac,1.08,"This tree has rough, gray bark and often produces clusters of small, round, dark-colored berries."
60,Solidago altissima,tall goldenrod,1.04,"This is a tall, grassy plant with clusters of bright yellow tiny flowers growing in the sunlight."
60,Ilex cornuta,Chinese holly,0.96,"This tree has dark, rough bark and leaves that look like shiny green needles all over."
