scientific,common,grade,note
Conoclinium coelestinum,blue mistflower,wrong,misses the fuzzy blue-purple flower heads; leaves are triangular and toothed not rounded
Callicarpa americana,American beautyberry,partial,purple berries on a bush is right; they grow in tight round clusters around the stem not long and hanging
Liquidambar styraciflua,American sweetgum,wrong,leaves are star-shaped not round; misses the spiky gumballs
Magnolia grandiflora,southern magnolia,partial,big smooth leaves is right but misses the glossy leaf and big white flowers
Liriodendron tulipifera,American tuliptree,generic,could be any tree; misses the tulip-shaped leaves with a flat top
Polystichum acrostichoides,Christmas fern,correct,a fern in shady damp places
Fagus grandifolia,American beech,correct,smooth gray bark is the key feature
Erechtites hieraciifolius,American burnweed,wrong,it is tall not low; misses the fluffy white seed heads
Ampelopsis glandulosa,Porcelain Berry,wrong,a vine with grape-like leaves and speckled blue-purple berries; nothing like fuzzy coins
Diospyros virginiana,American persimmon,partial,rough bark and round fruit right; the fruit is smooth not bumpy
Platanus occidentalis,American sycamore,wrong,misses the white peeling patchy bark; thick gray bark points away from it
Vitis rotundifolia,muscadine,partial,vine with roundish leaves right; misses the dark grapes
Pueraria montana,kudzu,partial,big climbing vine right; misses the three large leaflets
Cercis canadensis,eastern redbud,correct,pink-purple spring flowers right; no flowers in October and misses the heart-shaped leaves
Quercus nigra,water oak,generic,could be any tree; no acorns or leaf shape
Albizia julibrissin,Persian silk tree,partial,feathery leaves right; bark is smooth and misses the pink powder-puff flowers
Chimaphila maculata,striped wintergreen,wrong,a tiny low plant with white-striped leaves not tall and spiky
Rhus copallinum,shining sumac,partial,berry clusters right but they are red; misses the long compound leaves
Solidago altissima,tall goldenrod,correct,tall with yellow flower clusters in sun
Ilex cornuta,Chinese holly,wrong,leaves are spiny and shiny not needles; bark is smooth
