set,photo,hazard,best_hazard_rank
non-plant,asphalt_road_7.jpg,False,179
non-plant,asphalt_road_8.jpg,False,944
non-plant,car_19.jpg,False,773
non-plant,car_20.jpg,False,1022
non-plant,child_playing_13.jpg,False,1534
non-plant,child_playing_14.jpg,False,1182
plant,clover_1.jpg,False,390
plant,clover_116135166.jpg,False,340
plant,clover_148398490.jpg,False,27
plant,clover_166931416.jpg,False,815
plant,clover_2.jpg,False,130
plant,clover_21647604.jpg,False,496
plant,clover_270225229.jpg,False,691
plant,clover_295532142.jpg,False,523
plant,clover_347184606.jpg,False,392
plant,clover_360420143.jpg,False,468
plant,clover_368882118.jpg,False,1187
plant,clover_391225110.jpg,False,1141
non-plant,computer_monitor_2.jpg,False,579
non-plant,concrete_sidewalk_10.jpg,False,673
non-plant,concrete_sidewalk_9.jpg,False,948
plant,dandelion_1.jpg,False,414
plant,dandelion_108365053.jpg,False,1336
plant,dandelion_109409921.jpg,False,383
plant,dandelion_114940138.jpg,False,441
plant,dandelion_143959013.jpg,False,296
plant,dandelion_2.jpg,False,326
plant,dandelion_201936576.jpg,False,224
plant,dandelion_21582736.jpg,False,510
plant,dandelion_345312783.jpg,False,709
plant,dandelion_39469049.jpg,False,424
plant,dandelion_65700688.jpg,False,298
plant,dandelion_96999892.jpg,False,683
non-plant,dog_17.jpg,False,1367
plant,fern_1.jpg,False,447
plant,fern_113298380.jpg,False,127
plant,fern_143646740.jpg,False,236
plant,fern_162459455.jpg,False,297
plant,fern_174559357.jpg,False,139
plant,fern_190724351.jpg,False,906
plant,fern_198652148.jpg,False,1514
plant,fern_2.jpg,False,148
plant,fern_322314909.jpg,False,126
plant,fern_324782570.jpg,False,127
plant,fern_357862311.jpg,False,74
plant,fern_7288531.jpg,False,298
plant,grass_1.jpg,False,657
grass,grass_135189154.jpg,False,116
grass,grass_135427649.jpg,False,384
grass,grass_154415697.jpg,False,1233
grass,grass_170173654.jpg,False,469
grass,grass_173869047.jpg,False,2265
grass,grass_186771405.jpg,False,726
plant,grass_2.jpg,False,925
grass,grass_236380113.jpg,False,362
grass,grass_237659126.jpg,False,201
grass,grass_26326668.jpg,False,547
grass,grass_272094434.jpg,False,1742
grass,grass_295152432.jpg,False,671
grass,grass_295592913.jpg,False,448
grass,grass_296659010.jpg,False,757
grass,grass_303516861.jpg,False,183
grass,grass_305790189.jpg,False,32
grass,grass_316210519.jpg,False,429
grass,grass_32624622.jpg,False,226
grass,grass_330436491.jpg,False,502
grass,grass_348391973.jpg,False,166
grass,grass_351436420.jpg,False,212
grass,grass_377471108.jpg,False,408
grass,grass_377482183.jpg,False,330
grass,grass_378253206.jpg,False,276
grass,grass_53684067.jpg,False,192
grass,grass_74700812.jpg,False,329
grass,grass_77707956.jpg,False,1
grass,grass_7870802.jpg,False,127
grass,grass_7872367.jpg,False,272
grass,grass_8498527.jpg,False,192
plant,honeysuckle_161677638.jpg,False,58
plant,honeysuckle_19540307.jpg,False,262
plant,honeysuckle_24854627.jpg,False,421
plant,honeysuckle_28400905.jpg,False,208
plant,honeysuckle_300966429.jpg,False,62
plant,honeysuckle_3323351.jpg,False,104
plant,honeysuckle_345692495.jpg,False,18
plant,honeysuckle_36945277.jpg,False,371
plant,honeysuckle_74726760.jpg,False,6
plant,honeysuckle_79931175.jpg,False,70
plant,horsenettle_127279141.jpg,True,1
plant,horsenettle_128063257.jpg,True,1
plant,horsenettle_166822583.jpg,True,1
plant,horsenettle_217820218.jpg,True,1
plant,horsenettle_265551501.jpg,True,1
plant,horsenettle_294427611.jpg,True,1
plant,horsenettle_298443769.jpg,True,2
plant,horsenettle_317558499.jpg,True,1
plant,horsenettle_363487826.jpg,True,1
plant,horsenettle_7378512.jpg,True,5
non-plant,laptop_screen_5.jpg,False,1092
non-plant,laptop_screen_6.jpg,False,576
grass,lawn_103738138.jpg,False,642
grass,lawn_114051027.jpg,False,510
grass,lawn_125107257.jpg,False,748
grass,lawn_127194613.jpg,False,158
grass,lawn_127362421.jpg,False,223
grass,lawn_150536682.jpg,False,208
grass,lawn_173273463.jpg,False,942
grass,lawn_187127381.jpg,False,1019
grass,lawn_197068291.jpg,False,1429
grass,lawn_212637121.jpg,False,1119
grass,lawn_226635883.jpg,False,426
grass,lawn_250390361.jpg,False,912
grass,lawn_250873860.jpg,False,1130
grass,lawn_316745594.jpg,False,165
grass,lawn_336602143.jpg,False,211
grass,lawn_341810778.jpg,False,1661
grass,lawn_368459775.jpg,False,1254
grass,lawn_45980991.jpg,False,753
grass,lawn_46413391.jpg,False,491
grass,lawn_65731819.jpg,False,441
grass,lawn_90616877.jpg,False,406
grass,lawn_91483513.jpg,False,439
grass,lawn_97354508.jpg,False,228
mixed,lawn_mowed_22.jpg,False,487
non-plant,living_room_16.jpg,False,1587
plant,magnolia_118925907.jpg,False,51
plant,magnolia_164228758.jpg,False,51
plant,magnolia_219012133.jpg,False,41
plant,magnolia_251177662.jpg,False,458
plant,magnolia_351718841.jpg,False,14
plant,magnolia_357301974.jpg,False,31
plant,magnolia_371399763.jpg,False,74
plant,magnolia_60606688.jpg,False,52
plant,magnolia_60627713.jpg,False,69
plant,magnolia_80465557.jpg,False,12
plant,maple_174967757.jpg,False,76
plant,maple_185909345.jpg,False,524
plant,maple_241038100.jpg,False,58
plant,maple_285639441.jpg,False,46
plant,maple_292509018.jpg,False,69
plant,maple_295533115.jpg,False,39
plant,maple_295533286.jpg,False,47
plant,maple_354467072.jpg,False,43
plant,maple_72135812.jpg,False,544
plant,maple_74594102.jpg,False,26
plant,moss_1.jpg,False,843
plant,moss_150743932.jpg,False,905
plant,moss_2.jpg,False,983
plant,moss_206167235.jpg,False,1507
plant,moss_22263131.jpg,False,575
plant,moss_257263778.jpg,False,455
plant,moss_265577121.jpg,False,336
plant,moss_297775299.jpg,False,316
plant,moss_327767764.jpg,False,572
plant,moss_35300641.jpg,False,800
plant,moss_74700272.jpg,False,253
plant,moss_99283572.jpg,False,910
non-plant,np_bicycle_143875268.jpg,False,290
non-plant,np_bicycle_163920035.jpg,False,963
mixed,np_brick_wall_105538174.jpg,False,657
mixed,np_brick_wall_105538175.jpg,False,532
non-plant,np_brick_wall_117737596.jpg,False,1166
non-plant,np_brick_wall_28818900.jpg,False,739
non-plant,np_car_25211371.jpg,False,521
non-plant,np_cat_12676003.jpg,False,588
non-plant,np_cat_21376945.jpg,False,114
non-plant,np_cat_68608952.jpg,False,541
non-plant,np_cat_83442815.jpg,False,1138
non-plant,np_child_253058.jpg,False,398
non-plant,np_child_4394235.jpg,False,656
non-plant,np_child_57853964.jpg,False,1330
non-plant,np_dog_26592914.jpg,False,892
non-plant,np_dog_38582289.jpg,False,1269
non-plant,np_garden_hose_51440858.jpg,False,437
mixed,np_garden_hose_856264.jpg,False,2546
non-plant,np_house_exterior_24012965.jpg,False,701
mixed,np_mailbox_23132189.jpg,False,513
non-plant,np_mailbox_82804144.jpg,False,1292
non-plant,np_mailbox_82804158.jpg,False,1335
mixed,np_park_bench_159101229.jpg,False,795
non-plant,np_person_walking_128639416.jpg,False,397
non-plant,np_person_walking_71203996.jpg,False,434
non-plant,np_person_walking_7925442.jpg,False,682
non-plant,np_person_walking_96580873.jpg,False,1394
non-plant,np_pickup_truck_114984589.jpg,False,57
non-plant,np_pickup_truck_169044612.jpg,False,854
non-plant,np_pickup_truck_176165368.jpg,False,1181
mixed,np_playground_102609390.jpg,False,682
mixed,np_playground_198553608.jpg,False,450
non-plant,np_playground_61722244.jpg,False,312
non-plant,np_rocks_51402336.jpg,False,1344
non-plant,np_rocks_53950578.jpg,False,1310
non-plant,np_sidewalk_24351238.jpg,False,302
non-plant,np_sidewalk_79356991.jpg,False,449
non-plant,np_smartphone_116899833.jpg,False,733
non-plant,np_smartphone_119015398.jpg,False,138
non-plant,np_smartphone_196609173.jpg,False,102
non-plant,np_sneakers_142107090.jpg,False,936
non-plant,np_sneakers_148795318.jpg,False,77
non-plant,np_sneakers_154322715.jpg,False,592
non-plant,np_sneakers_156796419.jpg,False,253
non-plant,np_soccer_ball_154708470.jpg,False,720
non-plant,np_soccer_ball_154708472.jpg,False,920
mixed,np_soccer_ball_176654613.jpg,False,512
mixed,np_soccer_ball_80307817.jpg,False,635
non-plant,np_soil_117265761.jpg,False,579
mixed,np_soil_117751523.jpg,False,1566
non-plant,np_soil_152128849.jpg,False,612
non-plant,np_television_109987635.jpg,False,445
non-plant,np_television_43906515.jpg,False,1983
non-plant,np_television_52802305.jpg,False,249
non-plant,np_toy_truck_61338016.jpg,False,907
non-plant,np_trampoline_144617482.jpg,False,1822
non-plant,np_trampoline_151824670.jpg,False,531
mixed,np_trampoline_183886.jpg,False,1000
mixed,np_trampoline_189691419.jpg,False,378
non-plant,np_wooden_fence_167255829.jpg,False,376
mixed,np_wooden_fence_175393497.jpg,False,1208
plant,oak_1.jpg,False,639
plant,oak_2.jpg,False,35
plant,oak_237720737.jpg,False,27
plant,oak_309119391.jpg,False,30
plant,oak_314494391.jpg,False,26
plant,oak_318311909.jpg,False,610
plant,oak_328991174.jpg,False,95
plant,oak_363790437.jpg,False,24
plant,oak_398522443.jpg,False,95
plant,oak_398522729.jpg,False,38
plant,oak_43604874.jpg,False,32
plant,oak_53007204.jpg,False,107
plant,pine_1.jpg,False,17
plant,pine_109885814.jpg,False,955
plant,pine_197008810.jpg,False,58
plant,pine_2.jpg,False,25
plant,pine_274979130.jpg,False,29
plant,pine_277025434.jpg,False,109
plant,pine_305411590.jpg,False,131
plant,pine_353810852.jpg,False,654
plant,pine_360501929.jpg,False,651
plant,pine_360502159.jpg,False,28
plant,pine_368827308.jpg,False,303
plant,pine_71622438.jpg,False,390
plant,poison_ivy_120385547.jpg,True,1
plant,poison_ivy_13112921.jpg,True,1
plant,poison_ivy_161804350.jpg,True,1
plant,poison_ivy_170203141.jpg,True,1
plant,poison_ivy_177285710.jpg,True,1
plant,poison_ivy_187310885.jpg,True,1
plant,poison_ivy_207844923.jpg,True,1
plant,poison_ivy_267986184.jpg,True,100
plant,poison_ivy_274901221.jpg,True,1
plant,poison_ivy_293267010.jpg,True,1
plant,poison_oak_118524258.jpg,True,1
plant,poison_oak_14221611.jpg,True,1
plant,poison_oak_154626076.jpg,True,1
plant,poison_oak_239391316.jpg,True,1
plant,poison_oak_247037740.jpg,True,1
plant,poison_oak_27883238.jpg,True,1
plant,poison_oak_357861641.jpg,True,1
plant,poison_oak_388255640.jpg,True,1
plant,poison_oak_46634260.jpg,True,1
plant,poison_oak_98440726.jpg,True,4
plant,poison_sumac_183875536.jpg,True,1
plant,poison_sumac_189283633.jpg,True,1
plant,poison_sumac_233122366.jpg,True,1
plant,poison_sumac_241642163.jpg,True,3
plant,poison_sumac_3140581.jpg,True,1
plant,poison_sumac_387448086.jpg,True,1
plant,poison_sumac_396031193.jpg,True,17
plant,poison_sumac_396810195.jpg,True,11
plant,poison_sumac_397844618.jpg,True,1
plant,poison_sumac_81163949.jpg,True,1
plant,poisonivy_1.jpg,True,1
plant,poisonivy_2.jpg,True,47
plant,pokeweed_124308350.jpg,True,1
plant,pokeweed_157764467.jpg,True,1
plant,pokeweed_166650461.jpg,True,1
plant,pokeweed_210262679.jpg,True,1
plant,pokeweed_230542881.jpg,True,5
plant,pokeweed_29634110.jpg,True,1
plant,pokeweed_348788863.jpg,True,1
plant,pokeweed_388023321.jpg,True,1
plant,pokeweed_60455060.jpg,True,1
plant,pokeweed_87058636.jpg,True,1
non-plant,portrait_woman_12.jpg,False,787
fixture,red_oak_363799243.jpg,False,13
non-plant,smartphone_display_4.jpg,False,1585
plant,sweetgum_162228324.jpg,False,115
plant,sweetgum_186693668.jpg,False,114
plant,sweetgum_196672785.jpg,False,242
plant,sweetgum_235845659.jpg,False,114
plant,sweetgum_267206868.jpg,False,48
plant,sweetgum_267797916.jpg,False,260
plant,sweetgum_388029933.jpg,False,283
plant,sweetgum_75817784.jpg,False,773
plant,sweetgum_93428583.jpg,False,45
plant,sweetgum_96329510.jpg,False,102
plant,violet_109797658.jpg,False,110
plant,violet_113009335.jpg,False,64
plant,violet_151894066.jpg,False,416
plant,violet_153884718.jpg,False,69
plant,violet_156481315.jpg,False,84
plant,violet_272831934.jpg,False,665
plant,violet_343819870.jpg,False,203
plant,violet_347694786.jpg,False,44
plant,violet_74595584.jpg,False,146
plant,violet_7871180.jpg,False,362
label-format,white_oak_211670015.jpg,False,23
