photo,group,top1,pass
clover_1.jpg,clover,grass,False
clover_116135166.jpg,clover,clover,True
clover_148398490.jpg,clover,clover,True
clover_166931416.jpg,clover,clover,True
clover_2.jpg,clover,oak,False
clover_21647604.jpg,clover,clover,True
clover_270225229.jpg,clover,clover,True
clover_295532142.jpg,clover,clover,True
clover_347184606.jpg,clover,clover,True
clover_360420143.jpg,clover,clover,True
clover_368882118.jpg,clover,clover,True
clover_391225110.jpg,clover,clover,True
dandelion_1.jpg,dandelion,grass,False
dandelion_108365053.jpg,dandelion,dandelion,True
dandelion_109409921.jpg,dandelion,dandelion,True
dandelion_114940138.jpg,dandelion,dandelion,True
dandelion_143959013.jpg,dandelion,dandelion,True
dandelion_2.jpg,dandelion,grass,False
dandelion_201936576.jpg,dandelion,dandelion,True
dandelion_21582736.jpg,dandelion,dandelion,True
dandelion_345312783.jpg,dandelion,dandelion,True
dandelion_39469049.jpg,dandelion,dandelion,True
dandelion_65700688.jpg,dandelion,dandelion,True
dandelion_96999892.jpg,dandelion,dandelion,True
fern_1.jpg,fern,fern,True
fern_113298380.jpg,fern,fern,True
fern_143646740.jpg,fern,grass,False
fern_162459455.jpg,fern,fern,True
fern_174559357.jpg,fern,fern,True
fern_190724351.jpg,fern,fern,True
fern_198652148.jpg,fern,fern,True
fern_2.jpg,fern,fern,True
fern_322314909.jpg,fern,fern,True
fern_324782570.jpg,fern,fern,True
fern_357862311.jpg,fern,fern,True
fern_7288531.jpg,fern,oak,False
grass_1.jpg,grass,grass,True
grass_135189154.jpg,grass,grass,True
grass_135427649.jpg,grass,grass,True
grass_154415697.jpg,grass,dandelion,False
grass_170173654.jpg,grass,grass,True
grass_173869047.jpg,grass,grass,True
grass_186771405.jpg,grass,grass,True
grass_2.jpg,grass,grass,True
grass_236380113.jpg,grass,grass,True
grass_237659126.jpg,grass,grass,True
grass_26326668.jpg,grass,grass,True
grass_272094434.jpg,grass,grass,True
grass_295152432.jpg,grass,grass,True
grass_295592913.jpg,grass,grass,True
grass_296659010.jpg,grass,grass,True
grass_303516861.jpg,grass,grass,True
grass_305790189.jpg,grass,grass,True
grass_316210519.jpg,grass,grass,True
grass_32624622.jpg,grass,grass,True
grass_330436491.jpg,grass,grass,True
grass_348391973.jpg,grass,grass,True
grass_351436420.jpg,grass,grass,True
grass_377471108.jpg,grass,grass,True
grass_377482183.jpg,grass,grass,True
grass_378253206.jpg,grass,grass,True
grass_53684067.jpg,grass,grass,True
grass_74700812.jpg,grass,grass,True
grass_77707956.jpg,grass,oak,False
grass_7870802.jpg,grass,grass,True
grass_7872367.jpg,grass,grass,True
grass_8498527.jpg,grass,grass,True
lawn_103738138.jpg,grass,grass,True
lawn_114051027.jpg,grass,clover,False
lawn_125107257.jpg,grass,grass,True
lawn_127194613.jpg,grass,grass,True
lawn_127362421.jpg,grass,grass,True
lawn_150536682.jpg,grass,grass,True
lawn_173273463.jpg,grass,grass,True
lawn_187127381.jpg,grass,grass,True
lawn_197068291.jpg,grass,grass,True
lawn_212637121.jpg,grass,grass,True
lawn_226635883.jpg,grass,grass,True
lawn_250390361.jpg,grass,grass,True
lawn_250873860.jpg,grass,grass,True
lawn_316745594.jpg,grass,grass,True
lawn_336602143.jpg,grass,grass,True
lawn_341810778.jpg,grass,grass,True
lawn_368459775.jpg,grass,grass,True
lawn_45980991.jpg,grass,grass,True
lawn_46413391.jpg,grass,grass,True
lawn_65731819.jpg,grass,grass,True
lawn_90616877.jpg,grass,grass,True
lawn_91483513.jpg,grass,grass,True
lawn_97354508.jpg,grass,grass,True
oak_1.jpg,oak,grass,False
oak_2.jpg,oak,oak,True
oak_237720737.jpg,oak,oak,True
oak_309119391.jpg,oak,oak,True
oak_314494391.jpg,oak,oak,True
oak_318311909.jpg,oak,oak,True
oak_328991174.jpg,oak,oak,True
oak_363790437.jpg,oak,oak,True
oak_398522443.jpg,oak,oak,True
oak_398522729.jpg,oak,oak,True
oak_43604874.jpg,oak,oak,True
oak_53007204.jpg,oak,oak,True
pine_1.jpg,pine,oak,False
pine_109885814.jpg,pine,pine,True
pine_197008810.jpg,pine,oak,False
pine_2.jpg,pine,pine,True
pine_274979130.jpg,pine,pine,True
pine_277025434.jpg,pine,pine,True
pine_305411590.jpg,pine,pine,True
pine_353810852.jpg,pine,pine,True
pine_360501929.jpg,pine,pine,True
pine_360502159.jpg,pine,pine,True
pine_368827308.jpg,pine,pine,True
pine_71622438.jpg,pine,pine,True
