photo,subject,hazard,poisonous/harmless,toxic/safe,poisonous/edible
oak_1.jpg,oak,False,0.277413,0.338479,0.553951
oak_2.jpg,oak,False,0.586582,0.771644,0.838352
fern_1.jpg,fern,False,0.482509,0.396629,0.557175
fern_2.jpg,fern,False,0.491972,0.594346,0.672359
clover_1.jpg,clover,False,0.50821,0.552737,0.470375
clover_2.jpg,clover,False,0.502234,0.79084,0.265362
pine_1.jpg,pine,False,0.547174,0.57597,0.819263
pine_2.jpg,pine,False,0.313553,0.407372,0.722678
dandelion_1.jpg,dandelion,False,0.388868,0.491604,0.856309
dandelion_2.jpg,dandelion,False,0.412746,0.539118,0.717884
grass_1.jpg,grass,False,0.424253,0.612441,0.665411
grass_2.jpg,grass,False,0.300731,0.826408,0.457503
moss_1.jpg,moss,False,0.240538,0.23478,0.473266
moss_2.jpg,moss,False,0.594507,0.5627,0.72696
poisonivy_1.jpg,poisonivy,True,0.479649,0.415941,0.597503
poisonivy_2.jpg,poisonivy,True,0.666776,0.515538,0.35039
oak_398522729.jpg,oak,False,0.490782,0.718702,0.396636
oak_398522443.jpg,oak,False,0.404869,0.526944,0.685368
oak_43604874.jpg,oak,False,0.406251,0.550285,0.475506
oak_309119391.jpg,oak,False,0.442501,0.745105,0.359382
oak_53007204.jpg,oak,False,0.5759,0.547389,0.583752
oak_318311909.jpg,oak,False,0.571692,0.661194,0.39541
oak_363790437.jpg,oak,False,0.472772,0.785368,0.327459
oak_328991174.jpg,oak,False,0.263635,0.678183,0.62646
oak_314494391.jpg,oak,False,0.502765,0.815599,0.343891
oak_237720737.jpg,oak,False,0.307464,0.597124,0.432517
pine_71622438.jpg,pine,False,0.261232,0.496204,0.784425
pine_360502159.jpg,pine,False,0.317468,0.563735,0.547872
pine_109885814.jpg,pine,False,0.335343,0.549674,0.759957
pine_360501929.jpg,pine,False,0.288042,0.647725,0.718347
pine_353810852.jpg,pine,False,0.368666,0.583098,0.781917
pine_305411590.jpg,pine,False,0.218402,0.509537,0.542529
pine_368827308.jpg,pine,False,0.26079,0.582931,0.578517
pine_274979130.jpg,pine,False,0.353004,0.463906,0.86109
pine_277025434.jpg,pine,False,0.288084,0.507645,0.73041
pine_197008810.jpg,pine,False,0.297197,0.469646,0.617028
maple_185909345.jpg,maple,False,0.437539,0.674345,0.539245
maple_354467072.jpg,maple,False,0.409401,0.593747,0.393071
maple_295533115.jpg,maple,False,0.360958,0.575415,0.306033
maple_295533286.jpg,maple,False,0.36204,0.615076,0.185446
maple_292509018.jpg,maple,False,0.387333,0.66409,0.276687
maple_285639441.jpg,maple,False,0.372869,0.623213,0.320294
maple_72135812.jpg,maple,False,0.379946,0.570688,0.823955
maple_74594102.jpg,maple,False,0.395857,0.527401,0.279898
maple_241038100.jpg,maple,False,0.432944,0.521674,0.499954
maple_174967757.jpg,maple,False,0.528279,0.720902,0.32561
sweetgum_267797916.jpg,sweetgum,False,0.600682,0.841054,0.722981
sweetgum_186693668.jpg,sweetgum,False,0.446526,0.537171,0.544244
sweetgum_93428583.jpg,sweetgum,False,0.379179,0.456268,0.71801
sweetgum_96329510.jpg,sweetgum,False,0.616638,0.552722,0.644171
sweetgum_75817784.jpg,sweetgum,False,0.26548,0.732211,0.451588
sweetgum_388029933.jpg,sweetgum,False,0.27409,0.500953,0.613136
sweetgum_162228324.jpg,sweetgum,False,0.32724,0.425632,0.569369
sweetgum_235845659.jpg,sweetgum,False,0.431105,0.564207,0.530243
sweetgum_196672785.jpg,sweetgum,False,0.178467,0.607863,0.33223
sweetgum_267206868.jpg,sweetgum,False,0.540881,0.65565,0.441839
fern_198652148.jpg,fern,False,0.309908,0.607997,0.457221
fern_357862311.jpg,fern,False,0.592273,0.675626,0.798851
fern_322314909.jpg,fern,False,0.402845,0.591139,0.33149
fern_143646740.jpg,fern,False,0.457536,0.697248,0.51224
fern_162459455.jpg,fern,False,0.683769,0.577743,0.774342
fern_174559357.jpg,fern,False,0.670711,0.677183,0.702972
fern_190724351.jpg,fern,False,0.377845,0.478053,0.557505
fern_324782570.jpg,fern,False,0.659879,0.680094,0.767296
fern_113298380.jpg,fern,False,0.646567,0.544783,0.72702
fern_7288531.jpg,fern,False,0.457772,0.580822,0.624608
clover_360420143.jpg,clover,False,0.292782,0.608303,0.504196
clover_116135166.jpg,clover,False,0.517349,0.571102,0.576352
clover_21647604.jpg,clover,False,0.370521,0.718672,0.453716
clover_148398490.jpg,clover,False,0.567589,0.653404,0.408504
clover_166931416.jpg,clover,False,0.584454,0.487995,0.330902
clover_295532142.jpg,clover,False,0.347274,0.632878,0.497574
clover_347184606.jpg,clover,False,0.395911,0.385263,0.582688
clover_368882118.jpg,clover,False,0.206438,0.562668,0.438338
clover_391225110.jpg,clover,False,0.343347,0.663004,0.484908
clover_270225229.jpg,clover,False,0.401257,0.5657,0.203385
dandelion_345312783.jpg,dandelion,False,0.379566,0.721352,0.619536
dandelion_21582736.jpg,dandelion,False,0.337136,0.676235,0.642333
dandelion_108365053.jpg,dandelion,False,0.235476,0.487489,0.59345
dandelion_109409921.jpg,dandelion,False,0.260465,0.713569,0.469763
dandelion_201936576.jpg,dandelion,False,0.396792,0.70549,0.340528
dandelion_114940138.jpg,dandelion,False,0.174134,0.712685,0.534012
dandelion_39469049.jpg,dandelion,False,0.42667,0.630168,0.514634
dandelion_65700688.jpg,dandelion,False,0.359246,0.484473,0.405735
dandelion_143959013.jpg,dandelion,False,0.50879,0.504153,0.617104
dandelion_96999892.jpg,dandelion,False,0.263852,0.631895,0.394827
moss_206167235.jpg,moss,False,0.592855,0.671015,0.576755
moss_327767764.jpg,moss,False,0.609439,0.730493,0.734501
moss_99283572.jpg,moss,False,0.400626,0.580855,0.594897
moss_74700272.jpg,moss,False,0.581998,0.711142,0.82272
moss_150743932.jpg,moss,False,0.685972,0.756385,0.752439
moss_35300641.jpg,moss,False,0.393383,0.405334,0.480009
moss_297775299.jpg,moss,False,0.517824,0.504445,0.610564
moss_22263131.jpg,moss,False,0.515002,0.617395,0.540354
moss_257263778.jpg,moss,False,0.485637,0.69973,0.699827
moss_265577121.jpg,moss,False,0.647032,0.752296,0.817247
magnolia_351718841.jpg,magnolia,False,0.466859,0.647994,0.457135
magnolia_357301974.jpg,magnolia,False,0.576455,0.616531,0.693543
magnolia_219012133.jpg,magnolia,False,0.489392,0.665526,0.508612
magnolia_251177662.jpg,magnolia,False,0.487375,0.712982,0.788455
magnolia_371399763.jpg,magnolia,False,0.430916,0.59282,0.276052
magnolia_60627713.jpg,magnolia,False,0.437518,0.590437,0.636077
magnolia_60606688.jpg,magnolia,False,0.457175,0.727474,0.421966
magnolia_164228758.jpg,magnolia,False,0.488841,0.569844,0.59352
magnolia_118925907.jpg,magnolia,False,0.335754,0.701264,0.506559
magnolia_80465557.jpg,magnolia,False,0.360599,0.596325,0.520116
violet_272831934.jpg,violet,False,0.331327,0.652643,0.609005
violet_347694786.jpg,violet,False,0.457757,0.625543,0.415266
violet_156481315.jpg,violet,False,0.461809,0.686567,0.568851
violet_74595584.jpg,violet,False,0.461525,0.545255,0.294937
violet_113009335.jpg,violet,False,0.401693,0.271775,0.199749
violet_109797658.jpg,violet,False,0.491407,0.436279,0.332115
violet_153884718.jpg,violet,False,0.457041,0.589294,0.437182
violet_151894066.jpg,violet,False,0.553393,0.463809,0.391734
violet_343819870.jpg,violet,False,0.68529,0.590343,0.510967
violet_7871180.jpg,violet,False,0.544394,0.779241,0.645033
honeysuckle_3323351.jpg,honeysuckle,False,0.675013,0.563873,0.605809
honeysuckle_300966429.jpg,honeysuckle,False,0.702418,0.634192,0.685505
honeysuckle_19540307.jpg,honeysuckle,False,0.608801,0.616855,0.602644
honeysuckle_28400905.jpg,honeysuckle,False,0.461496,0.466204,0.725277
honeysuckle_36945277.jpg,honeysuckle,False,0.539763,0.618032,0.598786
honeysuckle_161677638.jpg,honeysuckle,False,0.596457,0.563438,0.778549
honeysuckle_79931175.jpg,honeysuckle,False,0.66479,0.689583,0.644256
honeysuckle_74726760.jpg,honeysuckle,False,0.404852,0.631868,0.367576
honeysuckle_24854627.jpg,honeysuckle,False,0.494653,0.610757,0.374769
honeysuckle_345692495.jpg,honeysuckle,False,0.402111,0.673721,0.532408
poison_ivy_187310885.jpg,poison_ivy,True,0.718527,0.595553,0.705055
poison_ivy_120385547.jpg,poison_ivy,True,0.518844,0.600243,0.437131
poison_ivy_267986184.jpg,poison_ivy,True,0.256928,0.440791,0.677668
poison_ivy_161804350.jpg,poison_ivy,True,0.456715,0.636093,0.33937
poison_ivy_177285710.jpg,poison_ivy,True,0.525563,0.603835,0.403011
poison_ivy_170203141.jpg,poison_ivy,True,0.424846,0.625814,0.40952
poison_ivy_293267010.jpg,poison_ivy,True,0.615365,0.682184,0.79646
poison_ivy_207844923.jpg,poison_ivy,True,0.402302,0.550376,0.4104
poison_ivy_13112921.jpg,poison_ivy,True,0.533059,0.682376,0.437943
poison_ivy_274901221.jpg,poison_ivy,True,0.388269,0.57005,0.361277
poison_oak_357861641.jpg,poison_oak,True,0.4712,0.564279,0.48357
poison_oak_154626076.jpg,poison_oak,True,0.493184,0.671906,0.528341
poison_oak_388255640.jpg,poison_oak,True,0.493378,0.700436,0.550676
poison_oak_27883238.jpg,poison_oak,True,0.385817,0.662104,0.405065
poison_oak_247037740.jpg,poison_oak,True,0.56807,0.70793,0.544008
poison_oak_118524258.jpg,poison_oak,True,0.468274,0.566182,0.486353
poison_oak_239391316.jpg,poison_oak,True,0.510483,0.677201,0.588397
poison_oak_98440726.jpg,poison_oak,True,0.591034,0.733489,0.769958
poison_oak_46634260.jpg,poison_oak,True,0.505174,0.526189,0.431957
poison_oak_14221611.jpg,poison_oak,True,0.443257,0.661802,0.277951
poison_sumac_387448086.jpg,poison_sumac,True,0.338598,0.522983,0.553205
poison_sumac_3140581.jpg,poison_sumac,True,0.569421,0.588894,0.755801
poison_sumac_396031193.jpg,poison_sumac,True,0.450204,0.539994,0.613844
poison_sumac_396810195.jpg,poison_sumac,True,0.442934,0.594303,0.460321
poison_sumac_397844618.jpg,poison_sumac,True,0.400473,0.563875,0.560679
poison_sumac_183875536.jpg,poison_sumac,True,0.570436,0.594388,0.575293
poison_sumac_233122366.jpg,poison_sumac,True,0.386991,0.574722,0.42019
poison_sumac_81163949.jpg,poison_sumac,True,0.487823,0.520909,0.672447
poison_sumac_241642163.jpg,poison_sumac,True,0.69565,0.638624,0.64239
poison_sumac_189283633.jpg,poison_sumac,True,0.489725,0.621419,0.828188
pokeweed_60455060.jpg,pokeweed,True,0.580724,0.750777,0.721958
pokeweed_230542881.jpg,pokeweed,True,0.591871,0.597278,0.602429
pokeweed_124308350.jpg,pokeweed,True,0.564925,0.511917,0.5192
pokeweed_348788863.jpg,pokeweed,True,0.320964,0.60282,0.444038
pokeweed_210262679.jpg,pokeweed,True,0.574951,0.741047,0.285298
pokeweed_29634110.jpg,pokeweed,True,0.721341,0.675304,0.59165
pokeweed_388023321.jpg,pokeweed,True,0.615771,0.674145,0.543162
pokeweed_157764467.jpg,pokeweed,True,0.611792,0.743345,0.564336
pokeweed_87058636.jpg,pokeweed,True,0.583731,0.589538,0.35158
pokeweed_166650461.jpg,pokeweed,True,0.520997,0.667033,0.412966
horsenettle_128063257.jpg,horsenettle,True,0.499763,0.66006,0.400931
horsenettle_265551501.jpg,horsenettle,True,0.377453,0.561255,0.218959
horsenettle_217820218.jpg,horsenettle,True,0.335804,0.550234,0.334571
horsenettle_166822583.jpg,horsenettle,True,0.634135,0.698843,0.487303
horsenettle_7378512.jpg,horsenettle,True,0.562794,0.584408,0.425219
horsenettle_294427611.jpg,horsenettle,True,0.461215,0.445721,0.629766
horsenettle_127279141.jpg,horsenettle,True,0.350609,0.534867,0.351247
horsenettle_317558499.jpg,horsenettle,True,0.588677,0.572604,0.442416
horsenettle_363487826.jpg,horsenettle,True,0.292628,0.343358,0.473008
horsenettle_298443769.jpg,horsenettle,True,0.34466,0.346796,0.354915
