name,qid,P1552,P2789,P366
Ampelopsis glandulosa,Q15559085,,,
Asimina triloba,Q948827,,,Q3314483
Atropa belladonna,Q156091,,,Q188840
Callicarpa americana,Q151067,,,
Conium maculatum,Q218041,,,Q188840
Conoclinium coelestinum,Q15548876,,,
Diospyros virginiana,Q158356,,,
Euonymus americanus,Q4117758,,,
Hedera helix,Q26354,,,
Ligustrum sinense,Q1074201,,,Q2095 Q188840 Q161
Liquidambar styraciflua,Q469652,,,
Nandina domestica,Q1153858,,,Q188840 Q2095 Q206615
Phytolacca americana,Q157853,,,Q188840
Polystichum acrostichoides,Q7226975,,,
Quercus nigra,Q4112855,,,
Sambucus nigra,Q22701,,,Q188840
Taxus baccata,Q179729,,,Q188840
