wiki,title,chars,keyword_hits,first_hit
en,Nandina domestica,7396,5,"Although a popular ornamental shrub, the berries are toxic to birds, especially towards the end of the winter when other food sources become scarce."
en,Euonymus americanus,4741,1,"In fact, this genus of plants in general is considered poisonous to humans."
en,Ampelopsis glandulosa,4755,1,"Porcelain berry often co-exists with Virginia creeper, poison ivy and sassafras."
en,Callicarpa americana,3653,0,
en,Diospyros virginiana,9979,0,
en,Asimina triloba,39788,5,"In the eastern United States, where large predators are nowadays almost entirely lacking, pawpaw is one of the few native subcanopy trees whose bark and leaves are too poisonous for deer to browse."
en,Liquidambar styraciflua,17051,0,
en,Quercus nigra,4016,0,
en,Polystichum acrostichoides,3762,0,
en,Conoclinium coelestinum,2439,0,
en,Hedera helix,13701,4,"The following 16 cultivars have gained the Royal Horticultural Society's Award of Garden Merit:    == Toxicity and medical uses == Ivy berries are somewhat poisonous to humans, but extracts from ivy leaves are part of current cough medicines."
en,Ligustrum sinense,2350,1,"3 in) diameter, and considered poisonous."
en,Sambucus nigra,9656,3,"Except for the flowers and ripe berries (but including the ripe seeds), all parts of the plant are poisonous to mammals, containing the cyanogenic glycoside sambunigrin (C14H17NO6, CAS number 99–19–4)."
en,Phytolacca americana,15147,17,"Phytolacca americana, also known as American pokeweed, pokeweed, polk salad, poke sallet, pokeberry, dragonberries, pigeonberry weed, and inkberry, is a poisonous, herbaceous, perennial plant in the pokeweed family Phytolaccaceae."
de,Taxus baccata,58346,11,"Bis auf den bei Reife durch Karotinoide lebhaft rot gefärbten Samenmantel, den Arillus, der becherartig den Samen umgibt, und den Eibenpollen sind alle Pflanzenteile der Europäischen Eibe stark giftig."
de,Aronstab,9815,3,"ex Aiton → Typhonium venosum   == Giftpflanze == Alle Pflanzenteile sind giftig und enthalten in großen Mengen Oxalat, daneben flüchtige Scharfstoffe, wie das bittere Saponin Aroin und das Pseudoalkaloid Coniin."
fr,Taxus baccata,14993,7,"L'If a longtemps été un symbole de mort :  très toxique (selon certains auteurs, il a pu être utilisé comme poison de flèches lors de la Préhistoire) ; arbre des cimetières (depuis les Celtes pour qui il était sacré, il assurait le lien entre les vivants et les morts)."
