set,photo,group,kind,reticle_share,reticle_plant,reticle_rank_old,reticle_hazard_old,reticle_rank_new,reticle_hazard_new,full_share,full_plant,full_rank_old,full_hazard_old,full_rank_new,full_hazard_new,rank_old,rank_new,day1_reticle_share,day1_reticle_rank_recorded,day1_full_share,day1_full_rank_recorded,day1_rank_old,day1_rank_new
non-plant,computer_monitor_2.jpg,non-plant,safe,0.1124,False,579,Toxicodendron radicans,15,Ficus pumila,0.0803,False,1245,Toxicodendron diversilobum,27,Plumeria rubra,1000000000,1000000000,0.1124,579,0.0989,1245,1000000000,1000000000
non-plant,smartphone_display_4.jpg,non-plant,safe,0.0418,False,1585,Toxicodendron diversilobum,27,Crinum asiaticum,0.0110,False,1786,Phytolacca americana,8,Pontederia crassipes,1000000000,1000000000,0.0418,1585,0.0104,1786,1000000000,1000000000
non-plant,laptop_screen_5.jpg,non-plant,safe,0.0310,False,1881,Solanum carolinense,95,Nolina texana,0.0161,False,1092,Solanum carolinense,168,Nolina texana,1000000000,1000000000,0.0310,1881,0.0175,1092,1000000000,1000000000
non-plant,laptop_screen_6.jpg,non-plant,safe,0.0196,False,576,Toxicodendron vernix,25,Pontederia crassipes,0.0503,False,1693,Toxicodendron diversilobum,34,Asparagus aethiopicus,1000000000,1000000000,0.0196,576,0.0627,1693,1000000000,1000000000
non-plant,asphalt_road_7.jpg,non-plant,safe,0.0226,False,347,Toxicodendron radicans,40,Araujia sericifera,0.0355,False,179,Toxicodendron radicans,8,Campsis radicans,1000000000,1000000000,0.0226,347,0.0316,179,1000000000,1000000000
non-plant,asphalt_road_8.jpg,non-plant,safe,0.0826,False,1103,Toxicodendron radicans,1,Ficus pumila,0.0808,False,944,Toxicodendron diversilobum,18,Crassula ovata,1000000000,1000000000,0.0826,1103,0.0670,944,1000000000,1000000000
non-plant,concrete_sidewalk_9.jpg,non-plant,safe,0.0034,False,1153,Toxicodendron vernix,17,Thuja plicata,0.0032,False,948,Solanum carolinense,58,Euphorbia bicolor,1000000000,1000000000,0.0034,1153,0.0034,948,1000000000,1000000000
non-plant,concrete_sidewalk_10.jpg,non-plant,safe,0.0314,False,673,Phytolacca americana,2,Pontederia crassipes,0.0141,False,1344,Phytolacca americana,6,Crinum asiaticum,1000000000,1000000000,0.0314,673,0.0148,1344,1000000000,1000000000
non-plant,portrait_woman_12.jpg,non-plant,safe,0.0310,False,787,Phytolacca americana,6,Mangifera indica,0.0196,False,842,Phytolacca americana,5,Mangifera indica,1000000000,1000000000,0.0310,787,0.0197,842,1000000000,1000000000
non-plant,child_playing_13.jpg,non-plant,safe,0.1011,False,1534,Toxicodendron diversilobum,14,Anacardium occidentale,0.0666,False,1754,Toxicodendron rydbergii,11,Anacardium occidentale,1000000000,1000000000,0.1011,1534,0.0645,1754,1000000000,1000000000
non-plant,child_playing_14.jpg,non-plant,safe,0.0609,False,1574,Phytolacca americana,22,Calotropis gigantea,0.0407,False,1182,Toxicodendron rydbergii,11,Crinum asiaticum,1000000000,1000000000,0.0609,1574,0.0407,1182,1000000000,1000000000
non-plant,living_room_16.jpg,non-plant,safe,0.0152,False,1587,Toxicodendron pubescens,8,Plumeria rubra,0.0051,False,1736,Toxicodendron pubescens,5,Crinum asiaticum,1000000000,1000000000,0.0152,1587,0.0052,1736,1000000000,1000000000
non-plant,dog_17.jpg,non-plant,safe,0.0067,False,2399,Toxicodendron diversilobum,23,Araujia sericifera,0.0150,False,1367,Toxicodendron diversilobum,123,Plumeria rubra,1000000000,1000000000,0.0067,2399,0.0154,1367,1000000000,1000000000
non-plant,car_19.jpg,non-plant,safe,0.0104,False,773,Phytolacca americana,7,Crinum asiaticum,0.0168,False,1159,Phytolacca americana,5,Pontederia crassipes,1000000000,1000000000,0.0104,773,0.0179,1159,1000000000,1000000000
non-plant,car_20.jpg,non-plant,safe,0.0543,False,1022,Toxicodendron vernix,7,Pontederia crassipes,0.0097,False,2050,Phytolacca americana,21,Pontederia crassipes,1000000000,1000000000,0.0543,1022,0.0126,2050,1000000000,1000000000
mixed,lawn_mowed_22.jpg,mixed,safe,0.4523,False,487,Phytolacca americana,3,Ailanthus altissima,0.1240,False,1803,Toxicodendron diversilobum,83,Crinum asiaticum,1000000000,1000000000,0.4523,487,0.1249,1803,1000000000,1000000000
plant,oak_1.jpg,oak,safe,0.6994,True,639,Phytolacca americana,1,Plumeria rubra,0.7023,True,1337,Phytolacca americana,18,Plumeria rubra,639,1,0.6994,639,0.7115,1337,639,1
plant,oak_2.jpg,oak,safe,0.9704,True,89,Toxicodendron pubescens,3,Quercus coccinea,0.9835,True,35,Toxicodendron pubescens,8,Quercus coccinea,35,3,0.9704,89,0.9835,35,35,3
plant,fern_1.jpg,fern,safe,0.9841,True,493,Toxicodendron rydbergii,95,Pulsatilla occidentalis,0.9884,True,447,Toxicodendron rydbergii,12,Pulsatilla occidentalis,447,12,0.9841,493,0.9893,447,447,12
plant,fern_2.jpg,fern,safe,0.9968,True,148,Toxicodendron diversilobum,77,Pulsatilla occidentalis,0.9968,True,2134,Toxicodendron diversilobum,54,Clematis paniculata,148,54,0.9968,148,0.9965,2134,148,54
plant,clover_1.jpg,clover,safe,0.9878,True,448,Phytolacca americana,1,Urtica dioica,0.9369,True,390,Solanum carolinense,1,Urtica dioica,390,1,0.9878,448,0.9381,390,390,1
plant,clover_2.jpg,clover,safe,0.7717,True,130,Toxicodendron radicans,61,Quercus coccinea,0.7916,True,1415,Phytolacca americana,57,Euphorbia lathyris,130,57,0.7717,130,0.7953,1415,130,57
plant,pine_1.jpg,pine,safe,0.8141,True,17,Toxicodendron radicans,2,Campsis radicans,0.8230,True,105,Toxicodendron radicans,73,Quercus coccinea,17,2,0.8141,17,0.8214,105,17,2
plant,pine_2.jpg,pine,safe,0.7470,True,29,Toxicodendron pubescens,29,Toxicodendron pubescens,0.8321,True,25,Toxicodendron radicans,11,Quercus coccinea,25,11,0.7470,29,0.8318,25,25,11
plant,dandelion_1.jpg,dandelion,safe,0.9882,True,414,Phytolacca americana,26,Asparagus aethiopicus,0.9827,True,1088,Phytolacca americana,5,Salsola tragus,414,5,0.9882,414,0.9813,1088,414,5
plant,dandelion_2.jpg,dandelion,safe,0.8295,True,326,Toxicodendron diversilobum,38,Cneoridium dumosum,0.8374,True,351,Toxicodendron diversilobum,53,Oncosiphon pilulifer,326,38,0.8295,326,0.8205,351,326,38
plant,grass_1.jpg,grass,safe,0.9605,True,662,Toxicodendron radicans,140,Pontederia crassipes,0.9207,True,657,Toxicodendron radicans,147,Ornithogalum umbellatum,657,140,0.9605,662,0.9286,657,657,140
plant,grass_2.jpg,grass,safe,0.9696,True,1441,Solanum carolinense,35,Euphorbia bicolor,0.9821,True,925,Solanum carolinense,41,Euphorbia bicolor,925,35,0.9696,1441,0.9822,925,925,35
plant,moss_1.jpg,moss,safe,0.9069,True,1559,Toxicodendron radicans,76,Clematis paniculata,0.7730,True,843,Toxicodendron radicans,169,Hedera helix,843,76,0.9069,1559,0.7662,843,843,76
plant,moss_2.jpg,moss,safe,0.9880,True,983,Phytolacca americana,15,Sedum acre,0.9945,True,1179,Phytolacca americana,10,Sedum acre,983,10,0.9880,983,0.9944,1179,983,10
plant,poisonivy_1.jpg,poisonivy,hazard,0.9820,True,1,Toxicodendron radicans,1,Toxicodendron radicans,0.9863,True,2,Toxicodendron radicans,1,Parthenocissus quinquefolia,1,1,0.9820,1,0.9865,2,1,1
plant,poisonivy_2.jpg,poisonivy,hazard,0.9609,True,416,Phytolacca americana,2,Scaevola taccada,0.9620,True,47,Toxicodendron radicans,8,Schinus terebinthifolia,47,2,0.9609,416,0.9638,47,47,2
grass,grass_236380113.jpg,grass,safe,0.9916,True,762,Solanum carolinense,164,Asparagus aethiopicus,0.9959,True,362,Toxicodendron pubescens,132,Apocynum cannabinum,362,132,0.9916,762,0.9961,362,362,132
grass,grass_77707956.jpg,grass,safe,0.9606,True,1,Toxicodendron radicans,1,Toxicodendron radicans,0.9631,True,108,Toxicodendron radicans,4,Cynanchum laeve,1,1,0.9606,1,0.9618,108,1,1
grass,grass_7872367.jpg,grass,safe,0.9630,True,561,Phytolacca americana,85,Crinum asiaticum,0.9773,True,272,Phytolacca americana,31,Apocynum cannabinum,272,31,0.9630,561,0.9775,272,272,31
grass,grass_173869047.jpg,grass,safe,0.9660,True,2265,Phytolacca americana,37,Galium aparine,0.9799,True,2276,Toxicodendron diversilobum,67,Ornithogalum umbellatum,2265,37,0.9660,2265,0.9802,2276,2265,37
grass,grass_154415697.jpg,grass,safe,0.9511,True,1233,Toxicodendron rydbergii,18,Arnica montana,0.9780,True,1615,Toxicodendron rydbergii,149,Iris lacustris,1233,18,0.9511,1233,0.9755,1615,1233,18
grass,grass_296659010.jpg,grass,safe,0.9646,True,757,Toxicodendron diversilobum,315,Ornithogalum umbellatum,0.9732,True,1216,Solanum carolinense,73,Hypericum punctatum,757,73,0.9646,757,0.9717,1216,757,73
grass,grass_8498527.jpg,grass,safe,0.9274,True,259,Toxicodendron radicans,97,Euphorbia corollata,0.8881,True,192,Toxicodendron radicans,70,Euphorbia corollata,192,70,0.9274,259,0.8967,192,192,70
grass,grass_74700812.jpg,grass,safe,0.9897,True,329,Toxicodendron vernix,17,Iris lacustris,0.9913,True,551,Toxicodendron rydbergii,18,Iris lacustris,329,17,0.9897,329,0.9909,551,329,17
grass,grass_316210519.jpg,grass,safe,0.8899,True,601,Toxicodendron vernix,21,Lantana camara,0.9010,True,429,Toxicodendron vernix,41,Apocynum cannabinum,429,21,0.8899,601,0.9078,429,429,21
grass,grass_377482183.jpg,grass,safe,0.9605,True,598,Toxicodendron radicans,88,Ranunculus abortivus,0.9625,True,330,Toxicodendron rydbergii,26,Iris lacustris,330,26,0.9605,598,0.9619,330,330,26
grass,grass_377471108.jpg,grass,safe,0.9698,True,655,Solanum carolinense,173,Hypericum punctatum,0.9727,True,408,Solanum carolinense,253,Hypericum punctatum,408,173,0.9698,655,0.9735,408,408,173
grass,grass_378253206.jpg,grass,safe,0.9767,True,696,Toxicodendron diversilobum,459,Ornithogalum umbellatum,0.9843,True,276,Toxicodendron radicans,201,Iris cristata,276,201,0.9767,696,0.9843,276,276,201
grass,grass_135189154.jpg,grass,safe,0.9692,True,146,Toxicodendron vernix,29,Persicaria hydropiper,0.9373,True,116,Toxicodendron vernix,116,Toxicodendron vernix,116,29,0.9692,146,0.9329,116,116,29
grass,grass_135427649.jpg,grass,safe,0.8717,True,384,Solanum carolinense,139,Euphorbia bicolor,0.8753,True,780,Solanum carolinense,121,Nolina texana,384,121,0.8717,384,0.8770,780,384,121
grass,grass_237659126.jpg,grass,safe,0.9676,True,297,Solanum carolinense,94,Euphorbia corollata,0.9676,True,201,Solanum carolinense,57,Euphorbia corollata,201,57,0.9676,297,0.9663,201,201,57
grass,grass_295152432.jpg,grass,safe,0.9553,True,671,Solanum carolinense,204,Iris versicolor,0.9779,True,805,Solanum carolinense,154,Echium plantagineum,671,154,0.9553,671,0.9770,805,671,154
grass,grass_351436420.jpg,grass,safe,0.9764,True,292,Toxicodendron diversilobum,17,Nolina texana,0.9879,True,212,Toxicodendron diversilobum,28,Nolina texana,212,17,0.9764,292,0.9878,212,212,17
grass,grass_295592913.jpg,grass,safe,0.8936,True,511,Toxicodendron vernix,41,Euphorbia corollata,0.9460,True,448,Toxicodendron vernix,36,Euphorbia corollata,448,36,0.8936,511,0.9331,448,448,36
grass,grass_348391973.jpg,grass,safe,0.9613,True,1231,Toxicodendron pubescens,16,Euphorbia corollata,0.9735,True,166,Toxicodendron radicans,66,Ranunculus abortivus,166,16,0.9613,1231,0.9736,166,166,16
grass,grass_170173654.jpg,grass,safe,0.9846,True,1299,Toxicodendron diversilobum,30,Turricula parryi,0.9772,True,469,Solanum carolinense,106,Pontederia crassipes,469,30,0.9846,1299,0.9778,469,469,30
grass,grass_53684067.jpg,grass,safe,0.9822,True,192,Solanum carolinense,10,Euphorbia maculata,0.9863,True,362,Solanum carolinense,3,Euphorbia hypericifolia,192,3,0.9822,192,0.9859,362,192,3
grass,grass_303516861.jpg,grass,safe,0.9647,True,629,Toxicodendron radicans,2,Gelsemium sempervirens,0.9799,True,183,Toxicodendron radicans,2,Gelsemium sempervirens,183,2,0.9647,629,0.9790,183,183,2
grass,grass_305790189.jpg,grass,safe,0.9734,True,32,Solanum carolinense,12,Persicaria hydropiper,0.9794,True,38,Solanum carolinense,38,Solanum carolinense,32,12,0.9734,32,0.9785,38,32,12
grass,grass_330436491.jpg,grass,safe,0.9606,True,769,Toxicodendron diversilobum,22,Nerium oleander,0.9327,True,502,Toxicodendron radicans,114,Gelsemium sempervirens,502,22,0.9606,769,0.9292,502,502,22
grass,grass_186771405.jpg,grass,safe,0.9584,True,987,Toxicodendron diversilobum,43,Euphorbia bicolor,0.9512,True,726,Toxicodendron pubescens,32,Euphorbia bicolor,726,32,0.9584,987,0.9502,726,726,32
grass,grass_7870802.jpg,grass,safe,0.9803,True,127,Solanum carolinense,30,Persicaria hydropiper,0.9832,True,187,Solanum carolinense,11,Persicaria hydropiper,127,11,0.9803,127,0.9855,187,127,11
grass,grass_272094434.jpg,grass,safe,0.9794,True,1742,Solanum carolinense,196,Fumaria officinalis,0.9765,True,1993,Solanum carolinense,132,Lysimachia arvensis,1742,132,0.9794,1742,0.9755,1993,1742,132
grass,grass_26326668.jpg,grass,safe,0.9857,True,870,Phytolacca americana,43,Iris sibirica,0.9869,True,547,Phytolacca americana,47,Iris versicolor,547,43,0.9857,870,0.9877,547,547,43
grass,grass_32624622.jpg,grass,safe,0.9694,True,226,Toxicodendron radicans,121,Iris cristata,0.9775,True,263,Toxicodendron radicans,56,Iris cristata,226,56,0.9694,226,0.9779,263,226,56
grass,lawn_45980991.jpg,grass,safe,0.9540,True,866,Toxicodendron diversilobum,47,Turricula parryi,0.8887,True,753,Toxicodendron rydbergii,223,Iris lacustris,753,47,0.9540,866,0.8823,753,753,47
grass,lawn_114051027.jpg,grass,safe,0.8999,True,510,Toxicodendron pubescens,47,Cissus trifoliata,0.9606,True,1446,Toxicodendron pubescens,62,Euphorbia maculata,510,47,0.8999,510,0.9632,1446,510,47
grass,lawn_97354508.jpg,grass,safe,0.9784,True,228,Solanum carolinense,118,Nolina texana,0.9793,True,458,Solanum carolinense,69,Euphorbia maculata,228,69,0.9784,228,0.9793,458,228,69
grass,lawn_91483513.jpg,grass,safe,0.9269,True,767,Solanum carolinense,31,Calotropis gigantea,0.9523,True,439,Solanum carolinense,74,Euphorbia maculata,439,31,0.9269,767,0.9523,439,439,31
grass,lawn_127194613.jpg,grass,safe,0.9729,True,195,Solanum carolinense,150,Aloe vera,0.9743,True,158,Solanum carolinense,83,Baptisia alba,158,83,0.9729,195,0.9743,158,158,83
grass,lawn_150536682.jpg,grass,safe,0.9796,True,208,Solanum carolinense,179,Euphorbia maculata,0.9765,True,460,Solanum carolinense,139,Euphorbia maculata,208,139,0.9796,208,0.9788,460,208,139
grass,lawn_127362421.jpg,grass,safe,0.9755,True,400,Solanum carolinense,89,Euphorbia bicolor,0.9847,True,223,Solanum carolinense,59,Euphorbia bicolor,223,59,0.9755,400,0.9844,223,223,59
grass,lawn_173273463.jpg,grass,safe,0.9891,True,942,Solanum carolinense,35,Centella asiatica,0.9822,True,980,Solanum carolinense,28,Centella asiatica,942,28,0.9891,942,0.9831,980,942,28
grass,lawn_316745594.jpg,grass,safe,0.9832,True,165,Solanum carolinense,93,Cnidoscolus texanus,0.9754,True,280,Solanum carolinense,109,Nolina texana,165,93,0.9832,165,0.9734,280,165,93
grass,lawn_336602143.jpg,grass,safe,0.9765,True,211,Toxicodendron pubescens,18,Apocynum cannabinum,0.9724,True,321,Toxicodendron pubescens,25,Gelsemium sempervirens,211,18,0.9765,211,0.9734,321,211,18
grass,lawn_125107257.jpg,grass,safe,0.9685,True,748,Solanum carolinense,221,Euphorbia corollata,0.9910,True,1024,Toxicodendron rydbergii,32,Euphorbia corollata,748,32,0.9685,748,0.9911,1024,748,32
grass,lawn_341810778.jpg,grass,safe,0.9842,True,1672,Toxicodendron rydbergii,46,Nolina texana,0.9855,True,1661,Toxicodendron rydbergii,113,Clematis paniculata,1661,46,0.9842,1672,0.9856,1661,1661,46
grass,lawn_250873860.jpg,grass,safe,0.8900,True,1611,Toxicodendron diversilobum,72,Nolina texana,0.8825,True,1130,Toxicodendron diversilobum,286,Euphorbia hypericifolia,1130,72,0.8900,1611,0.8737,1130,1130,72
grass,lawn_250390361.jpg,grass,safe,0.3871,False,912,Toxicodendron rydbergii,94,Nolina texana,0.7653,True,1084,Toxicodendron rydbergii,176,Nolina texana,1084,176,0.3871,912,0.7841,1084,1084,176
grass,lawn_368459775.jpg,grass,safe,0.9758,True,1254,Phytolacca americana,281,Ornithogalum umbellatum,0.9873,True,1934,Toxicodendron radicans,113,Ornithogalum umbellatum,1254,113,0.9758,1254,0.9876,1934,1254,113
grass,lawn_187127381.jpg,grass,safe,0.9257,True,1442,Toxicodendron diversilobum,116,Ornithogalum umbellatum,0.9738,True,1019,Toxicodendron diversilobum,103,Urtica dioica,1019,103,0.9257,1442,0.9723,1019,1019,103
grass,lawn_46413391.jpg,grass,safe,0.9969,True,491,Solanum carolinense,293,Echium plantagineum,0.9976,True,656,Toxicodendron rydbergii,126,Achillea millefolium,491,126,0.9969,491,0.9977,656,491,126
grass,lawn_65731819.jpg,grass,safe,0.9927,True,441,Solanum carolinense,221,Salsola tragus,0.9951,True,468,Solanum carolinense,220,Persicaria hydropiper,441,220,0.9927,441,0.9951,468,441,220
grass,lawn_197068291.jpg,grass,safe,0.9672,True,1821,Toxicodendron diversilobum,110,Ornithogalum umbellatum,0.9588,True,1429,Toxicodendron diversilobum,47,Ornithogalum umbellatum,1429,47,0.9672,1821,0.9588,1429,1429,47
grass,lawn_226635883.jpg,grass,safe,0.9623,True,426,Solanum carolinense,34,Euphorbia maculata,0.9707,True,839,Solanum carolinense,60,Euphorbia maculata,426,34,0.9623,426,0.9686,839,426,34
grass,lawn_103738138.jpg,grass,safe,0.9857,True,642,Toxicodendron radicans,151,Iris versicolor,0.9918,True,1040,Toxicodendron radicans,177,Persicaria hydropiper,642,151,0.9857,642,0.9918,1040,642,151
grass,lawn_212637121.jpg,grass,safe,0.9585,True,1119,Phytolacca americana,28,Echium plantagineum,0.9493,True,1174,Phytolacca americana,62,Centella asiatica,1119,28,0.9585,1119,0.9463,1174,1119,28
grass,lawn_90616877.jpg,grass,safe,0.9582,True,532,Solanum carolinense,167,Euphorbia corollata,0.9704,True,406,Solanum carolinense,120,Pontederia crassipes,406,120,0.9582,532,0.9701,406,406,120
plant,oak_398522729.jpg,oak,safe,0.9863,True,38,Toxicodendron pubescens,37,Quercus coccinea,0.9871,True,47,Toxicodendron pubescens,46,Quercus coccinea,38,37,0.9863,38,0.9871,47,38,37
plant,oak_398522443.jpg,oak,safe,0.8190,True,95,Toxicodendron vernix,32,Quercus coccinea,0.9025,True,489,Toxicodendron pubescens,65,Quercus coccinea,95,32,0.8190,95,0.9014,489,95,32
plant,oak_43604874.jpg,oak,safe,0.9889,True,32,Toxicodendron pubescens,32,Toxicodendron pubescens,0.9903,True,33,Toxicodendron pubescens,23,Quercus coccinea,32,23,0.9889,32,0.9904,33,32,23
plant,oak_309119391.jpg,oak,safe,0.9527,True,90,Phytolacca americana,6,Codiaeum variegatum,0.9711,True,30,Toxicodendron pubescens,11,Quercus coccinea,30,6,0.9527,90,0.9721,30,30,6
plant,oak_53007204.jpg,oak,safe,0.9900,True,134,Toxicodendron pubescens,4,Quercus coccinea,0.9740,True,107,Toxicodendron pubescens,4,Quercus coccinea,107,4,0.9900,134,0.9751,107,107,4
plant,oak_318311909.jpg,oak,safe,0.7808,True,610,Toxicodendron radicans,5,Mangifera indica,0.8567,True,623,Toxicodendron radicans,4,Mangifera indica,610,4,0.7808,610,0.8414,623,610,4
plant,oak_363790437.jpg,oak,safe,0.9724,True,34,Toxicodendron pubescens,14,Quercus coccinea,0.9866,True,24,Toxicodendron pubescens,12,Quercus coccinea,24,12,0.9724,34,0.9863,24,24,12
plant,oak_328991174.jpg,oak,safe,0.9855,True,95,Toxicodendron pubescens,17,Quercus coccinea,0.9749,True,117,Toxicodendron radicans,9,Quercus coccinea,95,9,0.9855,95,0.9791,117,95,9
plant,oak_314494391.jpg,oak,safe,0.9728,True,33,Toxicodendron pubescens,9,Quercus coccinea,0.9711,True,26,Toxicodendron pubescens,9,Quercus coccinea,26,9,0.9728,33,0.9715,26,26,9
plant,oak_237720737.jpg,oak,safe,0.9914,True,44,Toxicodendron pubescens,7,Quercus coccinea,0.9915,True,27,Toxicodendron pubescens,9,Quercus coccinea,27,7,0.9914,44,0.9913,27,27,7
plant,pine_71622438.jpg,pine,safe,0.9293,True,715,Toxicodendron radicans,56,Gelsemium sempervirens,0.9334,True,390,Toxicodendron diversilobum,100,Crinum asiaticum,390,56,0.9293,715,0.9375,390,390,56
plant,pine_360502159.jpg,pine,safe,0.9904,True,720,Toxicodendron pubescens,16,Crinum asiaticum,0.9852,True,28,Toxicodendron pubescens,28,Toxicodendron pubescens,28,16,0.9904,720,0.9856,28,28,16
plant,pine_109885814.jpg,pine,safe,0.9234,True,1084,Toxicodendron diversilobum,157,Cneoridium dumosum,0.9449,True,955,Toxicodendron vernix,206,Cneoridium dumosum,955,157,0.9234,1084,0.9466,955,955,157
plant,pine_360501929.jpg,pine,safe,0.9836,True,1199,Toxicodendron pubescens,55,Crinum asiaticum,0.9889,True,651,Toxicodendron pubescens,9,Nolina texana,651,9,0.9836,1199,0.9879,651,651,9
plant,pine_353810852.jpg,pine,safe,0.9708,True,1607,Toxicodendron rydbergii,12,Nolina texana,0.9684,True,654,Toxicodendron pubescens,56,Nolina texana,654,12,0.9708,1607,0.9656,654,654,12
plant,pine_305411590.jpg,pine,safe,0.9830,True,160,Toxicodendron radicans,70,Euphorbia cyparissias,0.9896,True,131,Toxicodendron radicans,65,Euphorbia cyparissias,131,65,0.9830,160,0.9900,131,131,65
plant,pine_368827308.jpg,pine,safe,0.9826,True,844,Toxicodendron pubescens,109,Turricula parryi,0.9846,True,303,Toxicodendron pubescens,181,Gelsemium sempervirens,303,109,0.9826,844,0.9851,303,303,109
plant,pine_274979130.jpg,pine,safe,0.9579,True,52,Toxicodendron radicans,25,Gelsemium sempervirens,0.9429,True,29,Toxicodendron radicans,29,Toxicodendron radicans,29,25,0.9579,52,0.9421,29,29,25
plant,pine_277025434.jpg,pine,safe,0.9261,True,109,Toxicodendron radicans,38,Thuja plicata,0.9121,True,602,Toxicodendron diversilobum,57,Ficus pumila,109,38,0.9261,109,0.9001,602,109,38
plant,pine_197008810.jpg,pine,safe,0.3774,False,738,Toxicodendron vernix,26,Mangifera indica,0.6364,True,58,Toxicodendron vernix,21,Robinia pseudoacacia,58,21,0.3774,738,0.5653,58,58,21
plant,maple_185909345.jpg,maple,safe,0.9843,True,708,Phytolacca americana,5,Parthenocissus quinquefolia,0.9859,True,524,Toxicodendron radicans,5,Parthenocissus quinquefolia,524,5,0.9843,708,0.9862,524,524,5
plant,maple_354467072.jpg,maple,safe,0.9748,True,84,Toxicodendron radicans,16,Ricinus communis,0.9749,True,43,Toxicodendron radicans,16,Morus rubra,43,16,0.9748,84,0.9750,43,43,16
plant,maple_295533115.jpg,maple,safe,0.9726,True,88,Toxicodendron vernix,76,Morus rubra,0.9817,True,39,Toxicodendron radicans,39,Toxicodendron radicans,39,39,0.9726,88,0.9832,39,39,39
plant,maple_295533286.jpg,maple,safe,0.9724,True,47,Toxicodendron pubescens,20,Quercus coccinea,0.9703,True,50,Toxicodendron radicans,36,Quercus coccinea,47,20,0.9724,47,0.9713,50,47,20
plant,maple_292509018.jpg,maple,safe,0.9865,True,69,Toxicodendron radicans,56,Ficus carica,0.9821,True,87,Toxicodendron radicans,26,Morus rubra,69,26,0.9865,69,0.9815,87,69,26
plant,maple_285639441.jpg,maple,safe,0.9888,True,46,Toxicodendron radicans,44,Morus rubra,0.9938,True,53,Toxicodendron radicans,16,Morus rubra,46,16,0.9888,46,0.9938,53,46,16
plant,maple_72135812.jpg,maple,safe,0.9222,True,544,Phytolacca americana,52,Asparagus aethiopicus,0.9479,True,663,Toxicodendron vernix,81,Robinia pseudoacacia,544,52,0.9222,544,0.9537,663,544,52
plant,maple_74594102.jpg,maple,safe,0.9838,True,26,Toxicodendron radicans,26,Toxicodendron radicans,0.9731,True,39,Toxicodendron pubescens,36,Morus rubra,26,26,0.9838,26,0.9676,39,26,26
plant,maple_241038100.jpg,maple,safe,0.9912,True,291,Toxicodendron radicans,39,Parthenocissus inserta,0.9861,True,58,Toxicodendron radicans,22,Corylus cornuta,58,22,0.9912,291,0.9864,58,58,22
plant,maple_174967757.jpg,maple,safe,0.9660,True,187,Toxicodendron rydbergii,28,Heracleum maximum,0.9884,True,76,Toxicodendron rydbergii,19,Heracleum maximum,76,19,0.9660,187,0.9877,76,76,19
plant,sweetgum_267797916.jpg,sweetgum,safe,0.9335,True,270,Toxicodendron radicans,1,Ricinus communis,0.9421,True,260,Toxicodendron radicans,13,Ricinus communis,260,1,0.9335,270,0.9501,260,260,1
plant,sweetgum_186693668.jpg,sweetgum,safe,0.9880,True,114,Phytolacca americana,16,Ailanthus altissima,0.9913,True,145,Toxicodendron radicans,7,Ficus carica,114,7,0.9880,114,0.9909,145,114,7
plant,sweetgum_93428583.jpg,sweetgum,safe,0.9793,True,45,Toxicodendron radicans,30,Morus rubra,0.9228,True,48,Toxicodendron radicans,30,Morus rubra,45,30,0.9793,45,0.9323,48,45,30
plant,sweetgum_96329510.jpg,sweetgum,safe,0.9816,True,216,Toxicodendron radicans,33,Cynanchum laeve,0.9832,True,102,Toxicodendron radicans,10,Gelsemium sempervirens,102,10,0.9816,216,0.9818,102,102,10
plant,sweetgum_75817784.jpg,sweetgum,safe,0.9470,True,773,Toxicodendron diversilobum,132,Euphorbia ophthalmica,0.9715,True,784,Toxicodendron radicans,2,Symplocarpus foetidus,773,2,0.9470,773,0.9727,784,773,2
plant,sweetgum_388029933.jpg,sweetgum,safe,0.7901,True,913,Toxicodendron diversilobum,5,Schinus terebinthifolia,0.7174,True,283,Toxicodendron radicans,11,Ficus pumila,283,5,0.7901,913,0.7052,283,283,5
plant,sweetgum_162228324.jpg,sweetgum,safe,0.9330,True,129,Phytolacca americana,46,Mangifera indica,0.9485,True,115,Toxicodendron radicans,20,Morus rubra,115,20,0.9330,129,0.9491,115,115,20
plant,sweetgum_235845659.jpg,sweetgum,safe,0.9887,True,166,Toxicodendron radicans,13,Gelsemium sempervirens,0.9929,True,114,Toxicodendron radicans,32,Gelsemium sempervirens,114,13,0.9887,166,0.9929,114,114,13
plant,sweetgum_196672785.jpg,sweetgum,safe,0.9317,True,404,Toxicodendron radicans,51,Gelsemium sempervirens,0.9524,True,242,Toxicodendron radicans,21,Ricinus communis,242,21,0.9317,404,0.9484,242,242,21
plant,sweetgum_267206868.jpg,sweetgum,safe,0.9751,True,109,Solanum carolinense,10,Hedera helix,0.9890,True,48,Toxicodendron radicans,7,Hedera helix,48,7,0.9751,109,0.9893,48,48,7
plant,fern_198652148.jpg,fern,safe,0.9331,True,1514,Toxicodendron diversilobum,44,Cneoridium dumosum,0.9822,True,1545,Toxicodendron radicans,85,Clematis paniculata,1514,44,0.9331,1514,0.9806,1545,1514,44
plant,fern_357862311.jpg,fern,safe,0.9958,True,74,Toxicodendron pubescens,42,Cnidoscolus stimulosus,0.9979,True,149,Toxicodendron radicans,39,Schinus terebinthifolia,74,39,0.9958,74,0.9978,149,74,39
plant,fern_322314909.jpg,fern,safe,0.9726,True,126,Solanum carolinense,1,Syngonium podophyllum,0.9772,True,236,Solanum carolinense,2,Rumex obtusifolius,126,1,0.9726,126,0.9766,236,126,1
plant,fern_143646740.jpg,fern,safe,0.9711,True,318,Toxicodendron radicans,3,Parthenium hysterophorus,0.9882,True,236,Toxicodendron radicans,13,Clematis drummondii,236,3,0.9711,318,0.9867,236,236,3
plant,fern_162459455.jpg,fern,safe,0.9984,True,441,Toxicodendron rydbergii,24,Dicentra cucullaria,0.9984,True,297,Solanum carolinense,16,Dicentra cucullaria,297,16,0.9984,441,0.9985,297,297,16
plant,fern_174559357.jpg,fern,safe,0.9983,True,144,Phytolacca americana,43,Apocynum cannabinum,0.9980,True,139,Toxicodendron vernix,67,Laportea canadensis,139,43,0.9983,144,0.9980,139,139,43
plant,fern_190724351.jpg,fern,safe,0.9866,True,1014,Toxicodendron radicans,212,Ficus pumila,0.9914,True,906,Toxicodendron diversilobum,230,Crassula ovata,906,212,0.9866,1014,0.9924,906,906,212
plant,fern_324782570.jpg,fern,safe,0.9948,True,171,Toxicodendron radicans,100,Laportea canadensis,0.9974,True,127,Toxicodendron radicans,91,Solanum mauritianum,127,91,0.9948,171,0.9972,127,127,91
plant,fern_113298380.jpg,fern,safe,0.9983,True,127,Solanum carolinense,109,Ranunculus abortivus,0.9978,True,163,Solanum carolinense,146,Symplocarpus foetidus,127,109,0.9983,127,0.9978,163,127,109
plant,fern_7288531.jpg,fern,safe,0.9750,True,298,Toxicodendron radicans,39,Ficus pumila,0.9876,True,392,Toxicodendron radicans,161,Ficus pumila,298,39,0.9750,298,0.9873,392,298,39
plant,clover_360420143.jpg,clover,safe,0.9766,True,600,Toxicodendron diversilobum,16,Trifolium hybridum,0.9818,True,468,Solanum carolinense,17,Trifolium hybridum,468,16,0.9766,600,0.9821,468,468,16
plant,clover_116135166.jpg,clover,safe,0.9115,True,729,Solanum carolinense,14,Trifolium hybridum,0.9194,True,340,Solanum carolinense,48,Baptisia alba,340,14,0.9115,729,0.9155,340,340,14
plant,clover_21647604.jpg,clover,safe,0.9612,True,568,Toxicodendron pubescens,12,Trifolium hybridum,0.9621,True,496,Toxicodendron pubescens,13,Trifolium hybridum,496,12,0.9612,568,0.9603,496,496,12
plant,clover_148398490.jpg,clover,safe,0.9845,True,1008,Toxicodendron diversilobum,10,Trifolium hybridum,0.9795,True,27,Toxicodendron rydbergii,6,Clematis texensis,27,6,0.9845,1008,0.9807,27,27,6
plant,clover_166931416.jpg,clover,safe,0.9677,True,904,Toxicodendron rydbergii,3,Trifolium hybridum,0.9709,True,815,Toxicodendron radicans,2,Trifolium hybridum,815,2,0.9677,904,0.9721,815,815,2
plant,clover_295532142.jpg,clover,safe,0.9710,True,621,Toxicodendron radicans,4,Trifolium hybridum,0.9653,True,523,Toxicodendron radicans,3,Trifolium hybridum,523,3,0.9710,621,0.9623,523,523,3
plant,clover_347184606.jpg,clover,safe,0.9454,True,392,Toxicodendron diversilobum,18,Trifolium hybridum,0.9152,True,677,Toxicodendron diversilobum,15,Trifolium hybridum,392,15,0.9454,392,0.9076,677,392,15
plant,clover_368882118.jpg,clover,safe,0.9845,True,1187,Toxicodendron pubescens,187,Euphorbia bicolor,0.9766,True,2148,Phytolacca americana,109,Trifolium hybridum,1187,109,0.9845,1187,0.9780,2148,1187,109
plant,clover_391225110.jpg,clover,safe,0.9546,True,1427,Toxicodendron radicans,5,Trifolium hybridum,0.9606,True,1141,Toxicodendron radicans,3,Trifolium hybridum,1141,3,0.9546,1427,0.9568,1141,1141,3
plant,clover_270225229.jpg,clover,safe,0.9649,True,691,Solanum carolinense,20,Robinia pseudoacacia,0.9757,True,899,Solanum carolinense,14,Trifolium hybridum,691,14,0.9649,691,0.9768,899,691,14
plant,dandelion_345312783.jpg,dandelion,safe,0.9816,True,709,Toxicodendron diversilobum,120,Jacobaea vulgaris,0.9821,True,942,Toxicodendron diversilobum,67,Ranunculus repens,709,67,0.9816,709,0.9816,942,709,67
plant,dandelion_21582736.jpg,dandelion,safe,0.9776,True,684,Toxicodendron diversilobum,132,Jacobaea vulgaris,0.9672,True,510,Toxicodendron radicans,31,Ficaria verna,510,31,0.9776,684,0.9667,510,510,31
plant,dandelion_108365053.jpg,dandelion,safe,0.9605,True,1657,Solanum carolinense,16,Jacobaea vulgaris,0.9691,True,1336,Toxicodendron pubescens,48,Oncosiphon pilulifer,1336,16,0.9605,1657,0.9645,1336,1336,16
plant,dandelion_109409921.jpg,dandelion,safe,0.9712,True,731,Solanum carolinense,22,Ranunculus repens,0.9692,True,383,Toxicodendron radicans,24,Ficaria verna,383,22,0.9712,731,0.9686,383,383,22
plant,dandelion_201936576.jpg,dandelion,safe,0.9739,True,357,Solanum carolinense,62,Tanacetum vulgare,0.9660,True,224,Toxicodendron radicans,44,Ficaria verna,224,44,0.9739,357,0.9667,224,224,44
plant,dandelion_114940138.jpg,dandelion,safe,0.9057,True,622,Toxicodendron radicans,35,Daucus carota,0.7352,True,441,Toxicodendron radicans,48,Daucus carota,441,35,0.9057,622,0.7707,441,441,35
plant,dandelion_39469049.jpg,dandelion,safe,0.9733,True,529,Toxicodendron radicans,51,Ficaria verna,0.9604,True,424,Toxicodendron radicans,29,Ficaria verna,424,29,0.9733,529,0.9614,424,424,29
plant,dandelion_65700688.jpg,dandelion,safe,0.9280,True,298,Solanum carolinense,71,Jacobaea vulgaris,0.9191,True,808,Solanum carolinense,76,Jacobaea vulgaris,298,71,0.9280,298,0.9195,808,298,71
plant,dandelion_143959013.jpg,dandelion,safe,0.8883,True,296,Solanum carolinense,62,Ficaria verna,0.9591,True,298,Toxicodendron radicans,36,Ficaria verna,296,36,0.8883,296,0.9583,298,296,36
plant,dandelion_96999892.jpg,dandelion,safe,0.9720,True,683,Toxicodendron radicans,33,Ranunculus repens,0.9642,True,705,Toxicodendron radicans,38,Ranunculus repens,683,33,0.9720,683,0.9652,705,683,33
plant,moss_206167235.jpg,moss,safe,0.9888,True,1624,Toxicodendron diversilobum,196,Thuja plicata,0.9952,True,1507,Toxicodendron radicans,202,Moneses uniflora,1507,196,0.9888,1624,0.9951,1507,1507,196
plant,moss_327767764.jpg,moss,safe,0.9983,True,572,Toxicodendron diversilobum,53,Sedum acre,0.9968,True,1299,Solanum carolinense,35,Sedum acre,572,35,0.9983,572,0.9970,1299,572,35
plant,moss_99283572.jpg,moss,safe,0.9860,True,1456,Phytolacca americana,38,Sedum acre,0.9967,True,910,Toxicodendron diversilobum,33,Asparagus aethiopicus,910,33,0.9860,1456,0.9970,910,910,33
plant,moss_74700272.jpg,moss,safe,0.9821,True,812,Toxicodendron diversilobum,67,Ficus pumila,0.9881,True,253,Toxicodendron diversilobum,59,Thuja plicata,253,59,0.9821,812,0.9876,253,253,59
plant,moss_150743932.jpg,moss,safe,0.9890,True,905,Phytolacca americana,47,Sedum acre,0.9966,True,1432,Toxicodendron radicans,32,Sedum acre,905,32,0.9890,905,0.9965,1432,905,32
plant,moss_35300641.jpg,moss,safe,0.9540,True,800,Toxicodendron radicans,85,Urtica ferox,0.9883,True,1353,Solanum carolinense,139,Urtica ferox,800,85,0.9540,800,0.9839,1353,800,85
plant,moss_297775299.jpg,moss,safe,0.9903,True,419,Toxicodendron radicans,67,Sedum acre,0.9966,True,316,Toxicodendron radicans,112,Dicentra cucullaria,316,67,0.9903,419,0.9969,316,316,67
plant,moss_22263131.jpg,moss,safe,0.9909,True,575,Toxicodendron diversilobum,75,Sedum acre,0.9979,True,722,Toxicodendron radicans,40,Sedum acre,575,40,0.9909,575,0.9979,722,575,40
plant,moss_257263778.jpg,moss,safe,0.9968,True,455,Solanum carolinense,55,Moneses uniflora,0.9983,True,830,Solanum carolinense,28,Moneses uniflora,455,28,0.9968,455,0.9984,830,455,28
plant,moss_265577121.jpg,moss,safe,0.9797,True,495,Toxicodendron radicans,46,Sedum acre,0.9879,True,336,Toxicodendron rydbergii,62,Sedum acre,336,46,0.9797,495,0.9873,336,336,46
plant,magnolia_351718841.jpg,magnolia,safe,0.9789,True,28,Phytolacca americana,10,Plumeria rubra,0.9872,True,14,Phytolacca americana,8,Plumeria rubra,14,8,0.9789,28,0.9865,14,14,8
plant,magnolia_357301974.jpg,magnolia,safe,0.9533,True,31,Toxicodendron vernix,3,Dirca palustris,0.9779,True,57,Toxicodendron vernix,16,Dirca palustris,31,3,0.9533,31,0.9711,57,31,3
plant,magnolia_219012133.jpg,magnolia,safe,0.9886,True,41,Phytolacca americana,37,Plumeria rubra,0.9926,True,85,Phytolacca americana,60,Plumeria rubra,41,37,0.9887,41,0.9921,85,41,37
plant,magnolia_251177662.jpg,magnolia,safe,0.9749,True,491,Phytolacca americana,4,Nerium oleander,0.9777,True,458,Phytolacca americana,7,Nerium oleander,458,4,0.9749,491,0.9781,458,458,4
plant,magnolia_371399763.jpg,magnolia,safe,0.9852,True,105,Phytolacca americana,2,Solanum mauritianum,0.9900,True,74,Phytolacca americana,2,Solanum mauritianum,74,2,0.9852,105,0.9891,74,74,2
plant,magnolia_60627713.jpg,magnolia,safe,0.9764,True,104,Phytolacca americana,7,Wigandia urens,0.9852,True,69,Phytolacca americana,25,Plumeria rubra,69,7,0.9764,104,0.9851,69,69,7
plant,magnolia_60606688.jpg,magnolia,safe,0.9802,True,52,Phytolacca americana,12,Plumeria rubra,0.9893,True,98,Toxicodendron vernix,34,Plumeria rubra,52,12,0.9802,52,0.9893,98,52,12
plant,magnolia_164228758.jpg,magnolia,safe,0.9752,True,51,Phytolacca americana,15,Plumeria rubra,0.9670,True,65,Phytolacca americana,24,Plumeria rubra,51,15,0.9752,51,0.9670,65,51,15
plant,magnolia_118925907.jpg,magnolia,safe,0.9545,True,51,Phytolacca americana,40,Mangifera indica,0.9862,True,120,Phytolacca americana,59,Mangifera indica,51,40,0.9545,51,0.9865,120,51,40
plant,magnolia_80465557.jpg,magnolia,safe,0.9308,True,12,Phytolacca americana,4,Solanum mauritianum,0.9396,True,19,Phytolacca americana,4,Plumeria rubra,12,4,0.9308,12,0.9427,19,12,4
plant,violet_272831934.jpg,violet,safe,0.9888,True,672,Toxicodendron radicans,23,Ranunculus abortivus,0.9887,True,665,Solanum carolinense,18,Ranunculus abortivus,665,18,0.9888,672,0.9887,665,665,18
plant,violet_347694786.jpg,violet,safe,0.9821,True,93,Solanum carolinense,38,Cnidoscolus stimulosus,0.9885,True,44,Solanum carolinense,7,Cnidoscolus stimulosus,44,7,0.9821,93,0.9887,44,44,7
plant,violet_156481315.jpg,violet,safe,0.9872,True,210,Toxicodendron pubescens,42,Euphorbia corollata,0.9873,True,84,Toxicodendron pubescens,26,Cnidoscolus stimulosus,84,26,0.9872,210,0.9877,84,84,26
plant,violet_74595584.jpg,violet,safe,0.9832,True,236,Solanum carolinense,1,Ranunculus hispidus,0.9709,True,146,Solanum carolinense,4,Ranunculus hispidus,146,1,0.9832,236,0.9725,146,146,1
plant,violet_113009335.jpg,violet,safe,0.9641,True,316,Toxicodendron rydbergii,66,Iris cristata,0.9519,True,64,Toxicodendron rydbergii,57,Moneses uniflora,64,57,0.9641,316,0.9536,64,64,57
plant,violet_109797658.jpg,violet,safe,0.9829,True,110,Toxicodendron rydbergii,24,Cucurbita foetidissima,0.9796,True,299,Toxicodendron rydbergii,28,Cucurbita foetidissima,110,24,0.9829,110,0.9791,299,110,24
plant,violet_153884718.jpg,violet,safe,0.9822,True,184,Solanum carolinense,12,Cnidoscolus stimulosus,0.9850,True,69,Solanum carolinense,15,Cnidoscolus stimulosus,69,12,0.9822,184,0.9858,69,69,12
plant,violet_151894066.jpg,violet,safe,0.9825,True,1511,Phytolacca americana,8,Centella asiatica,0.9726,True,416,Toxicodendron radicans,42,Moneses uniflora,416,8,0.9825,1511,0.9713,416,416,8
plant,violet_343819870.jpg,violet,safe,0.9831,True,203,Solanum carolinense,49,Iris cristata,0.9798,True,204,Solanum carolinense,50,Ranunculus abortivus,203,49,0.9831,203,0.9798,204,203,49
plant,violet_7871180.jpg,violet,safe,0.9714,True,529,Toxicodendron radicans,53,Dioscorea communis,0.9795,True,362,Toxicodendron radicans,87,Ranunculus abortivus,362,53,0.9714,529,0.9784,362,362,53
plant,honeysuckle_3323351.jpg,honeysuckle,safe,0.9700,True,129,Solanum carolinense,10,Araujia sericifera,0.9796,True,104,Solanum carolinense,5,Araujia sericifera,104,5,0.9700,129,0.9790,104,104,5
plant,honeysuckle_300966429.jpg,honeysuckle,safe,0.9897,True,501,Phytolacca americana,10,Gelsemium sempervirens,0.9817,True,62,Solanum carolinense,29,Gelsemium sempervirens,62,10,0.9897,501,0.9809,62,62,10
plant,honeysuckle_19540307.jpg,honeysuckle,safe,0.9842,True,262,Phytolacca americana,34,Ficus pumila,0.9864,True,338,Toxicodendron radicans,45,Ficus pumila,262,34,0.9842,262,0.9865,338,262,34
plant,honeysuckle_28400905.jpg,honeysuckle,safe,0.9783,True,1191,Phytolacca americana,4,Crinum asiaticum,0.9780,True,208,Solanum carolinense,6,Araujia sericifera,208,4,0.9783,1191,0.9782,208,208,4
plant,honeysuckle_36945277.jpg,honeysuckle,safe,0.9763,True,518,Toxicodendron diversilobum,8,Dioscorea communis,0.9851,True,371,Toxicodendron radicans,9,Gelsemium sempervirens,371,8,0.9763,518,0.9849,371,371,8
plant,honeysuckle_161677638.jpg,honeysuckle,safe,0.9662,True,58,Solanum carolinense,23,Araujia sericifera,0.9715,True,67,Solanum carolinense,32,Araujia sericifera,58,23,0.9662,58,0.9729,67,58,23
plant,honeysuckle_79931175.jpg,honeysuckle,safe,0.9746,True,108,Solanum carolinense,26,Araujia sericifera,0.9715,True,70,Solanum carolinense,22,Clematis texensis,70,22,0.9746,108,0.9703,70,70,22
plant,honeysuckle_74726760.jpg,honeysuckle,safe,0.9866,True,6,Toxicodendron pubescens,6,Toxicodendron pubescens,0.9884,True,85,Toxicodendron pubescens,16,Euphorbia corollata,6,6,0.9866,6,0.9878,85,6,6
plant,honeysuckle_24854627.jpg,honeysuckle,safe,0.9867,True,421,Toxicodendron radicans,63,Clematis drummondii,0.9885,True,582,Toxicodendron diversilobum,23,Clematis drummondii,421,23,0.9867,421,0.9884,582,421,23
plant,honeysuckle_345692495.jpg,honeysuckle,safe,0.9723,True,79,Toxicodendron pubescens,41,Clematis ligusticifolia,0.9664,True,18,Toxicodendron pubescens,13,Clematis texensis,18,13,0.9723,79,0.9663,18,18,13
plant,poison_ivy_187310885.jpg,poison_ivy,hazard,0.9875,True,1,Toxicodendron radicans,1,Toxicodendron radicans,0.9881,True,6,Toxicodendron rydbergii,6,Toxicodendron rydbergii,1,1,0.9875,1,0.9883,6,1,1
plant,poison_ivy_120385547.jpg,poison_ivy,hazard,0.9897,True,1,Toxicodendron rydbergii,1,Toxicodendron rydbergii,0.9911,True,1,Toxicodendron radicans,1,Toxicodendron radicans,1,1,0.9897,1,0.9908,1,1,1
plant,poison_ivy_267986184.jpg,poison_ivy,hazard,0.9099,True,370,Toxicodendron radicans,149,Nolina texana,0.9469,True,100,Toxicodendron radicans,70,Gelsemium sempervirens,100,70,0.9099,370,0.9490,100,100,70
plant,poison_ivy_161804350.jpg,poison_ivy,hazard,0.9859,True,1,Toxicodendron radicans,1,Toxicodendron radicans,0.9918,True,1,Toxicodendron radicans,1,Toxicodendron radicans,1,1,0.9859,1,0.9920,1,1,1
plant,poison_ivy_177285710.jpg,poison_ivy,hazard,0.9822,True,1,Toxicodendron radicans,1,Toxicodendron radicans,0.9846,True,1,Toxicodendron radicans,1,Toxicodendron radicans,1,1,0.9822,1,0.9822,1,1,1
plant,poison_ivy_170203141.jpg,poison_ivy,hazard,0.9874,True,10,Toxicodendron vernix,10,Toxicodendron vernix,0.9916,True,1,Toxicodendron radicans,1,Toxicodendron radicans,1,1,0.9874,10,0.9913,1,1,1
plant,poison_ivy_293267010.jpg,poison_ivy,hazard,0.9674,True,31,Toxicodendron vernix,19,Dirca palustris,0.9819,True,1,Toxicodendron radicans,1,Toxicodendron radicans,1,1,0.9674,31,0.9811,1,1,1
plant,poison_ivy_207844923.jpg,poison_ivy,hazard,0.9719,True,1,Toxicodendron radicans,1,Toxicodendron radicans,0.9825,True,1,Toxicodendron radicans,1,Toxicodendron radicans,1,1,0.9719,1,0.9825,1,1,1
plant,poison_ivy_13112921.jpg,poison_ivy,hazard,0.9592,True,25,Toxicodendron pubescens,25,Toxicodendron pubescens,0.9868,True,1,Toxicodendron radicans,1,Toxicodendron radicans,1,1,0.9592,25,0.9860,1,1,1
plant,poison_ivy_274901221.jpg,poison_ivy,hazard,0.9899,True,1,Toxicodendron radicans,1,Toxicodendron radicans,0.9869,True,1,Toxicodendron radicans,1,Toxicodendron radicans,1,1,0.9899,1,0.9864,1,1,1
plant,poison_oak_357861641.jpg,poison_oak,hazard,0.9903,True,1,Toxicodendron pubescens,1,Toxicodendron pubescens,0.9922,True,1,Toxicodendron pubescens,1,Toxicodendron pubescens,1,1,0.9903,1,0.9919,1,1,1
plant,poison_oak_154626076.jpg,poison_oak,hazard,0.9927,True,1,Toxicodendron radicans,1,Toxicodendron radicans,0.9941,True,1,Toxicodendron radicans,1,Toxicodendron radicans,1,1,0.9927,1,0.9938,1,1,1
plant,poison_oak_388255640.jpg,poison_oak,hazard,0.9821,True,1,Toxicodendron rydbergii,1,Toxicodendron rydbergii,0.9903,True,1,Toxicodendron rydbergii,1,Toxicodendron rydbergii,1,1,0.9821,1,0.9905,1,1,1
plant,poison_oak_27883238.jpg,poison_oak,hazard,0.9806,True,2,Toxicodendron pubescens,2,Toxicodendron pubescens,0.9805,True,1,Toxicodendron pubescens,1,Toxicodendron pubescens,1,1,0.9806,2,0.9815,1,1,1
plant,poison_oak_247037740.jpg,poison_oak,hazard,0.9885,True,1,Toxicodendron radicans,1,Toxicodendron radicans,0.9926,True,1,Toxicodendron radicans,1,Toxicodendron radicans,1,1,0.9885,1,0.9929,1,1,1
plant,poison_oak_118524258.jpg,poison_oak,hazard,0.9871,True,1,Toxicodendron radicans,1,Toxicodendron radicans,0.9883,True,1,Toxicodendron radicans,1,Toxicodendron radicans,1,1,0.9871,1,0.9877,1,1,1
plant,poison_oak_239391316.jpg,poison_oak,hazard,0.9856,True,6,Toxicodendron pubescens,6,Toxicodendron pubescens,0.9915,True,1,Toxicodendron pubescens,1,Toxicodendron pubescens,1,1,0.9856,6,0.9916,1,1,1
plant,poison_oak_98440726.jpg,poison_oak,hazard,0.9877,True,6,Toxicodendron pubescens,6,Toxicodendron pubescens,0.9756,True,4,Toxicodendron pubescens,4,Toxicodendron pubescens,4,4,0.9877,6,0.9761,4,4,4
plant,poison_oak_46634260.jpg,poison_oak,hazard,0.9939,True,1,Toxicodendron pubescens,1,Toxicodendron pubescens,0.9945,True,1,Toxicodendron radicans,1,Toxicodendron radicans,1,1,0.9939,1,0.9944,1,1,1
plant,poison_oak_14221611.jpg,poison_oak,hazard,0.9852,True,1,Toxicodendron rydbergii,1,Toxicodendron rydbergii,0.9829,True,1,Toxicodendron radicans,1,Toxicodendron radicans,1,1,0.9852,1,0.9811,1,1,1
plant,poison_sumac_387448086.jpg,poison_sumac,hazard,0.9881,True,1,Toxicodendron radicans,1,Toxicodendron radicans,0.9768,True,1,Toxicodendron radicans,1,Toxicodendron radicans,1,1,0.9881,1,0.9773,1,1,1
plant,poison_sumac_3140581.jpg,poison_sumac,hazard,0.9851,True,2,Toxicodendron vernix,1,Apocynum cannabinum,0.9877,True,1,Toxicodendron vernix,1,Toxicodendron vernix,1,1,0.9851,2,0.9876,1,1,1
plant,poison_sumac_396031193.jpg,poison_sumac,hazard,0.9881,True,49,Phytolacca americana,12,Gelsemium sempervirens,0.9839,True,17,Toxicodendron vernix,17,Toxicodendron vernix,17,12,0.9881,49,0.9847,17,17,12
plant,poison_sumac_396810195.jpg,poison_sumac,hazard,0.9884,True,15,Toxicodendron vernix,15,Toxicodendron vernix,0.9884,True,11,Toxicodendron vernix,11,Toxicodendron vernix,11,11,0.9884,15,0.9891,11,11,11
plant,poison_sumac_397844618.jpg,poison_sumac,hazard,0.9714,True,1,Toxicodendron vernix,1,Toxicodendron vernix,0.9641,True,1,Toxicodendron vernix,1,Toxicodendron vernix,1,1,0.9714,1,0.9627,1,1,1
plant,poison_sumac_183875536.jpg,poison_sumac,hazard,0.9900,True,1,Toxicodendron vernix,1,Toxicodendron vernix,0.9847,True,1,Toxicodendron vernix,1,Toxicodendron vernix,1,1,0.9900,1,0.9847,1,1,1
plant,poison_sumac_233122366.jpg,poison_sumac,hazard,0.9859,True,1,Toxicodendron vernix,1,Toxicodendron vernix,0.9768,True,1,Toxicodendron vernix,1,Toxicodendron vernix,1,1,0.9859,1,0.9757,1,1,1
plant,poison_sumac_81163949.jpg,poison_sumac,hazard,0.9692,True,6,Toxicodendron vernix,6,Toxicodendron vernix,0.9749,True,1,Toxicodendron vernix,1,Toxicodendron vernix,1,1,0.9692,6,0.9768,1,1,1
plant,poison_sumac_241642163.jpg,poison_sumac,hazard,0.9906,True,11,Toxicodendron vernix,11,Toxicodendron vernix,0.9894,True,3,Toxicodendron vernix,3,Toxicodendron vernix,3,3,0.9906,11,0.9892,3,3,3
plant,poison_sumac_189283633.jpg,poison_sumac,hazard,0.9808,True,1,Toxicodendron vernix,1,Toxicodendron vernix,0.9829,True,1,Toxicodendron vernix,1,Toxicodendron vernix,1,1,0.9808,1,0.9826,1,1,1
plant,pokeweed_60455060.jpg,pokeweed,hazard,0.9409,True,1,Phytolacca americana,1,Phytolacca americana,0.9413,True,1,Phytolacca americana,1,Phytolacca americana,1,1,0.9409,1,0.9421,1,1,1
plant,pokeweed_230542881.jpg,pokeweed,hazard,0.9583,True,5,Phytolacca americana,5,Phytolacca americana,0.8913,True,6,Phytolacca americana,6,Phytolacca americana,5,5,0.9583,5,0.8824,6,5,5
plant,pokeweed_124308350.jpg,pokeweed,hazard,0.9690,True,1,Toxicodendron radicans,1,Toxicodendron radicans,0.9771,True,25,Toxicodendron radicans,5,Parthenocissus quinquefolia,1,1,0.9690,1,0.9731,25,1,1
plant,pokeweed_348788863.jpg,pokeweed,hazard,0.9843,True,1,Phytolacca americana,1,Phytolacca americana,0.9879,True,3,Phytolacca americana,3,Phytolacca americana,1,1,0.9843,1,0.9877,3,1,1
plant,pokeweed_210262679.jpg,pokeweed,hazard,0.9865,True,1,Phytolacca americana,1,Phytolacca americana,0.9874,True,1,Phytolacca americana,1,Phytolacca americana,1,1,0.9865,1,0.9871,1,1,1
plant,pokeweed_29634110.jpg,pokeweed,hazard,0.9482,True,1,Phytolacca americana,1,Phytolacca americana,0.9769,True,1,Phytolacca americana,1,Phytolacca americana,1,1,0.9482,1,0.9717,1,1,1
plant,pokeweed_388023321.jpg,pokeweed,hazard,0.9484,True,1,Phytolacca americana,1,Phytolacca americana,0.9452,True,1,Phytolacca americana,1,Phytolacca americana,1,1,0.9484,1,0.9420,1,1,1
plant,pokeweed_157764467.jpg,pokeweed,hazard,0.9849,True,1,Phytolacca americana,1,Phytolacca americana,0.9911,True,2,Phytolacca americana,2,Phytolacca americana,1,1,0.9849,1,0.9908,2,1,1
plant,pokeweed_87058636.jpg,pokeweed,hazard,0.9618,True,1,Phytolacca americana,1,Phytolacca americana,0.9645,True,1,Phytolacca americana,1,Phytolacca americana,1,1,0.9618,1,0.9644,1,1,1
plant,pokeweed_166650461.jpg,pokeweed,hazard,0.9804,True,1,Phytolacca americana,1,Phytolacca americana,0.9875,True,1,Phytolacca americana,1,Phytolacca americana,1,1,0.9804,1,0.9871,1,1,1
plant,horsenettle_128063257.jpg,horsenettle,hazard,0.9750,True,1,Solanum carolinense,1,Solanum carolinense,0.9807,True,1,Solanum carolinense,1,Solanum carolinense,1,1,0.9750,1,0.9804,1,1,1
plant,horsenettle_265551501.jpg,horsenettle,hazard,0.9749,True,1,Solanum carolinense,1,Solanum carolinense,0.9616,True,1,Solanum carolinense,1,Solanum carolinense,1,1,0.9749,1,0.9612,1,1,1
plant,horsenettle_217820218.jpg,horsenettle,hazard,0.9883,True,8,Solanum carolinense,8,Solanum carolinense,0.9903,True,1,Solanum carolinense,1,Solanum carolinense,1,1,0.9883,8,0.9903,1,1,1
plant,horsenettle_166822583.jpg,horsenettle,hazard,0.9633,True,1,Solanum carolinense,1,Solanum carolinense,0.9848,True,1,Solanum carolinense,1,Solanum carolinense,1,1,0.9633,1,0.9841,1,1,1
plant,horsenettle_7378512.jpg,horsenettle,hazard,0.9532,True,5,Solanum carolinense,5,Solanum carolinense,0.9580,True,7,Solanum carolinense,7,Solanum carolinense,5,5,0.9532,5,0.9572,7,5,5
plant,horsenettle_294427611.jpg,horsenettle,hazard,0.9341,True,1,Solanum carolinense,1,Solanum carolinense,0.9429,True,1,Solanum carolinense,1,Solanum carolinense,1,1,0.9341,1,0.9461,1,1,1
plant,horsenettle_127279141.jpg,horsenettle,hazard,0.9726,True,1,Solanum carolinense,1,Solanum carolinense,0.9678,True,1,Solanum carolinense,1,Solanum carolinense,1,1,0.9726,1,0.9677,1,1,1
plant,horsenettle_317558499.jpg,horsenettle,hazard,0.9742,True,2,Solanum carolinense,2,Solanum carolinense,0.9599,True,1,Solanum carolinense,1,Solanum carolinense,1,1,0.9742,2,0.9630,1,1,1
plant,horsenettle_363487826.jpg,horsenettle,hazard,0.9751,True,67,Solanum carolinense,26,Pulsatilla occidentalis,0.9586,True,1,Solanum carolinense,1,Solanum carolinense,1,1,0.9751,67,0.9574,1,1,1
plant,horsenettle_298443769.jpg,horsenettle,hazard,0.9665,True,2,Solanum carolinense,2,Solanum carolinense,0.9347,True,60,Toxicodendron diversilobum,55,Cneoridium dumosum,2,2,0.9665,2,0.9432,60,2,2
non-plant,np_dog_26592914.jpg,non-plant,safe,0.0443,False,892,Toxicodendron radicans,30,Plumeria rubra,0.0152,False,1292,Toxicodendron rydbergii,21,Ficus pumila,1000000000,1000000000,0.0443,892,0.0162,1292,1000000000,1000000000
non-plant,np_dog_38582289.jpg,non-plant,safe,0.0158,False,1515,Toxicodendron diversilobum,31,Anacardium occidentale,0.0270,False,1269,Toxicodendron diversilobum,28,Robinia pseudoacacia,1000000000,1000000000,0.0158,1515,0.0269,1269,1000000000,1000000000
non-plant,np_cat_68608952.jpg,non-plant,safe,0.1015,False,1414,Toxicodendron vernix,21,Nolina texana,0.1635,False,541,Toxicodendron vernix,25,Ailanthus altissima,1000000000,1000000000,0.1015,1414,0.1613,541,1000000000,1000000000
non-plant,np_cat_12676003.jpg,non-plant,safe,0.1268,False,588,Toxicodendron rydbergii,18,Cucurbita foetidissima,0.1417,False,773,Toxicodendron rydbergii,46,Cucurbita foetidissima,1000000000,1000000000,0.1268,588,0.1504,773,1000000000,1000000000
non-plant,np_cat_83442815.jpg,non-plant,safe,0.3259,False,1138,Phytolacca americana,16,Crinum asiaticum,0.2626,False,1338,Phytolacca americana,4,Monstera deliciosa,1000000000,1000000000,0.3259,1138,0.2641,1338,1000000000,1000000000
non-plant,np_cat_21376945.jpg,non-plant,safe,0.0136,False,114,Phytolacca americana,5,Mangifera indica,0.0156,False,1049,Toxicodendron pubescens,10,Ficus pumila,1000000000,1000000000,0.0136,114,0.0128,1049,1000000000,1000000000
non-plant,np_bicycle_143875268.jpg,non-plant,safe,0.0784,False,546,Toxicodendron radicans,41,Cissus trifoliata,0.0256,False,290,Toxicodendron radicans,32,Campsis radicans,1000000000,1000000000,0.0784,546,0.0266,290,1000000000,1000000000
non-plant,np_bicycle_163920035.jpg,non-plant,safe,0.0478,False,1184,Phytolacca americana,7,Pontederia crassipes,0.0289,False,963,Toxicodendron vernix,2,Crinum asiaticum,1000000000,1000000000,0.0478,1184,0.0302,963,1000000000,1000000000
non-plant,np_toy_truck_61338016.jpg,non-plant,safe,0.0257,False,907,Toxicodendron rydbergii,156,Iris lacustris,0.0171,False,1272,Toxicodendron rydbergii,51,Oncosiphon pilulifer,1000000000,1000000000,0.0257,907,0.0170,1272,1000000000,1000000000
non-plant,np_playground_61722244.jpg,non-plant,safe,0.0327,False,312,Phytolacca americana,13,Crassula ovata,0.1104,False,331,Phytolacca americana,1,Pontederia crassipes,1000000000,1000000000,0.0327,312,0.1012,331,1000000000,1000000000
mixed,np_playground_198553608.jpg,mixed,safe,0.0699,False,793,Toxicodendron radicans,14,Mangifera indica,0.1207,False,450,Toxicodendron pubescens,11,Mangifera indica,1000000000,1000000000,0.0699,793,0.1123,450,1000000000,1000000000
mixed,np_playground_102609390.jpg,mixed,safe,0.4428,False,682,Phytolacca americana,3,Pontederia crassipes,0.2929,False,1101,Phytolacca americana,36,Solanum mauritianum,1000000000,1000000000,0.4428,682,0.2516,1101,1000000000,1000000000
non-plant,np_car_25211371.jpg,non-plant,safe,0.0164,False,1030,Toxicodendron radicans,12,Ficus pumila,0.0121,False,521,Toxicodendron radicans,4,Ficus pumila,1000000000,1000000000,0.0164,1030,0.0130,521,1000000000,1000000000
non-plant,np_pickup_truck_114984589.jpg,non-plant,safe,0.0096,False,515,Phytolacca americana,27,Crinum asiaticum,0.0145,False,57,Phytolacca americana,7,Artemisia vulgaris,1000000000,1000000000,0.0096,515,0.0178,57,1000000000,1000000000
non-plant,np_pickup_truck_176165368.jpg,non-plant,safe,0.0394,False,1569,Solanum carolinense,9,Solanum mauritianum,0.0653,False,1181,Toxicodendron pubescens,7,Crassula ovata,1000000000,1000000000,0.0394,1569,0.0664,1181,1000000000,1000000000
non-plant,np_pickup_truck_169044612.jpg,non-plant,safe,0.0482,False,1297,Toxicodendron radicans,34,Solanum mauritianum,0.0104,False,854,Toxicodendron rydbergii,31,Solanum mauritianum,1000000000,1000000000,0.0482,1297,0.0104,854,1000000000,1000000000
non-plant,np_house_exterior_24012965.jpg,non-plant,safe,0.0430,False,778,Solanum carolinense,25,Ornithogalum umbellatum,0.0295,False,701,Phytolacca americana,2,Mangifera indica,1000000000,1000000000,0.0430,778,0.0299,701,1000000000,1000000000
non-plant,np_soil_117265761.jpg,non-plant,safe,0.8532,True,1009,Toxicodendron diversilobum,89,Ficus pumila,0.9317,True,579,Phytolacca americana,8,Ficus pumila,579,8,0.8532,1009,0.9288,579,579,8
mixed,np_soil_117751523.jpg,mixed,safe,0.2142,False,1623,Phytolacca americana,17,Solanum mauritianum,0.3036,False,1566,Toxicodendron diversilobum,7,Solanum mauritianum,1000000000,1000000000,0.2142,1623,0.3026,1566,1000000000,1000000000
non-plant,np_soil_152128849.jpg,non-plant,safe,0.1412,False,933,Toxicodendron diversilobum,48,Oncosiphon pilulifer,0.1034,False,612,Toxicodendron diversilobum,120,Phacelia crenulata,1000000000,1000000000,0.1413,933,0.1245,612,1000000000,1000000000
non-plant,np_sidewalk_24351238.jpg,non-plant,safe,0.0128,False,1705,Toxicodendron rydbergii,14,Ficus pumila,0.0902,False,302,Toxicodendron rydbergii,37,Iris lacustris,1000000000,1000000000,0.0128,1705,0.0880,302,1000000000,1000000000
non-plant,np_sidewalk_79356991.jpg,non-plant,safe,0.5277,True,449,Toxicodendron diversilobum,104,Pontederia crassipes,0.6089,True,860,Toxicodendron radicans,9,Salsola tragus,449,9,0.5277,449,0.5636,860,449,9
non-plant,np_child_253058.jpg,non-plant,safe,0.0343,False,398,Toxicodendron vernix,56,Campsis radicans,0.0353,False,1944,Phytolacca americana,12,Crinum asiaticum,1000000000,1000000000,0.0343,398,0.0351,1944,1000000000,1000000000
non-plant,np_child_4394235.jpg,non-plant,safe,0.1292,False,656,Phytolacca americana,20,Pontederia crassipes,0.1522,False,660,Toxicodendron radicans,22,Crinum asiaticum,1000000000,1000000000,0.1292,656,0.1567,660,1000000000,1000000000
non-plant,np_child_57853964.jpg,non-plant,safe,0.0536,False,1387,Toxicodendron diversilobum,11,Anacardium occidentale,0.0565,False,1330,Toxicodendron diversilobum,7,Anacardium occidentale,1000000000,1000000000,0.0536,1387,0.0525,1330,1000000000,1000000000
non-plant,np_person_walking_71203996.jpg,non-plant,safe,0.0123,False,434,Toxicodendron radicans,21,Plumeria rubra,0.0124,False,1652,Toxicodendron radicans,37,Ficus pumila,1000000000,1000000000,0.0123,434,0.0139,1652,1000000000,1000000000
non-plant,np_person_walking_128639416.jpg,non-plant,safe,0.0624,False,397,Toxicodendron diversilobum,3,Pulsatilla occidentalis,0.0620,False,1621,Toxicodendron diversilobum,22,Monstera deliciosa,1000000000,1000000000,0.0624,397,0.0593,1621,1000000000,1000000000
non-plant,np_person_walking_96580873.jpg,non-plant,safe,0.0180,False,1938,Phytolacca americana,150,Crinum asiaticum,0.0410,False,1394,Toxicodendron rydbergii,91,Plumeria rubra,1000000000,1000000000,0.0180,1938,0.0465,1394,1000000000,1000000000
non-plant,np_person_walking_7925442.jpg,non-plant,safe,0.0396,False,682,Solanum carolinense,20,Wigandia urens,0.1643,False,698,Solanum carolinense,15,Wigandia urens,1000000000,1000000000,0.0396,682,0.1516,698,1000000000,1000000000
non-plant,np_sneakers_156796419.jpg,non-plant,safe,0.0405,False,253,Toxicodendron rydbergii,53,Euphorbia corollata,0.0459,False,447,Toxicodendron rydbergii,69,Iris lacustris,1000000000,1000000000,0.0405,253,0.0455,447,1000000000,1000000000
non-plant,np_sneakers_148795318.jpg,non-plant,safe,0.0841,False,416,Toxicodendron radicans,6,Quercus coccinea,0.0869,False,77,Phytolacca americana,3,Robinia pseudoacacia,1000000000,1000000000,0.0841,416,0.0833,77,1000000000,1000000000
non-plant,np_sneakers_142107090.jpg,non-plant,safe,0.2089,False,936,Toxicodendron vernix,15,Baptisia alba,0.1864,False,1565,Toxicodendron rydbergii,24,Cucurbita foetidissima,1000000000,1000000000,0.2089,936,0.1976,1565,1000000000,1000000000
non-plant,np_sneakers_154322715.jpg,non-plant,safe,0.0425,False,592,Toxicodendron vernix,109,Schinus terebinthifolia,0.0980,False,1360,Toxicodendron rydbergii,93,Pontederia crassipes,1000000000,1000000000,0.0425,592,0.1033,1360,1000000000,1000000000
non-plant,np_soccer_ball_154708470.jpg,non-plant,safe,0.0570,False,997,Toxicodendron rydbergii,204,Euphorbia bicolor,0.0696,False,720,Toxicodendron rydbergii,91,Salsola tragus,1000000000,1000000000,0.0570,997,0.0696,720,1000000000,1000000000
mixed,np_soccer_ball_176654613.jpg,mixed,safe,0.0185,False,512,Toxicodendron radicans,4,Campsis radicans,0.0719,False,687,Toxicodendron radicans,19,Campsis radicans,1000000000,1000000000,0.0185,512,0.0719,687,1000000000,1000000000
non-plant,np_soccer_ball_154708472.jpg,non-plant,safe,0.0888,False,920,Toxicodendron radicans,79,Iris lacustris,0.0907,False,1228,Toxicodendron rydbergii,160,Salsola tragus,1000000000,1000000000,0.0888,920,0.0909,1228,1000000000,1000000000
mixed,np_soccer_ball_80307817.jpg,mixed,safe,0.1369,False,635,Phytolacca americana,1,Crinum asiaticum,0.3085,False,711,Phytolacca americana,5,Mangifera indica,1000000000,1000000000,0.1369,635,0.3253,711,1000000000,1000000000
non-plant,np_trampoline_144617482.jpg,non-plant,safe,0.0665,False,1822,Solanum carolinense,108,Verbascum thapsus,0.0591,False,2866,Toxicodendron diversilobum,137,Aloe vera,1000000000,1000000000,0.0665,1822,0.0642,2866,1000000000,1000000000
non-plant,np_trampoline_151824670.jpg,non-plant,safe,0.0785,False,531,Toxicodendron vernix,21,Pontederia crassipes,0.1066,False,1466,Solanum carolinense,12,Pontederia crassipes,1000000000,1000000000,0.0785,531,0.1082,1466,1000000000,1000000000
mixed,np_trampoline_183886.jpg,mixed,safe,0.1248,False,1000,Phytolacca americana,9,Ficus pumila,0.1651,False,1502,Phytolacca americana,86,Solanum mauritianum,1000000000,1000000000,0.1248,1000,0.1685,1502,1000000000,1000000000
mixed,np_trampoline_189691419.jpg,mixed,safe,0.4762,False,858,Phytolacca americana,1,Mangifera indica,0.5523,True,378,Phytolacca americana,5,Ficus pumila,378,5,0.4762,858,0.5331,378,378,5
non-plant,np_wooden_fence_167255829.jpg,non-plant,safe,0.5392,True,376,Toxicodendron radicans,24,Thuja plicata,0.1560,False,522,Toxicodendron diversilobum,25,Thuja plicata,376,24,0.5392,376,0.1547,522,376,24
mixed,np_wooden_fence_175393497.jpg,mixed,safe,0.0908,False,1208,Toxicodendron radicans,59,Nerium oleander,0.2369,False,1289,Toxicodendron radicans,31,Crinum asiaticum,1000000000,1000000000,0.0908,1208,0.2273,1289,1000000000,1000000000
mixed,np_mailbox_23132189.jpg,mixed,safe,0.2750,False,513,Toxicodendron diversilobum,10,Crassula ovata,0.3808,False,1242,Toxicodendron diversilobum,96,Crassula ovata,1000000000,1000000000,0.2750,513,0.3729,1242,1000000000,1000000000
non-plant,np_mailbox_82804144.jpg,non-plant,safe,0.0248,False,1292,Toxicodendron pubescens,33,Ficus pumila,0.0516,False,1804,Toxicodendron diversilobum,21,Asparagus aethiopicus,1000000000,1000000000,0.0248,1292,0.0513,1804,1000000000,1000000000
non-plant,np_mailbox_82804158.jpg,non-plant,safe,0.0230,False,1421,Solanum carolinense,52,Euphorbia bicolor,0.0465,False,1335,Toxicodendron diversilobum,45,Nerium oleander,1000000000,1000000000,0.0230,1421,0.0433,1335,1000000000,1000000000
mixed,np_garden_hose_856264.jpg,mixed,safe,0.6655,True,2546,Phytolacca americana,112,Ornithogalum umbellatum,0.5696,True,2615,Toxicodendron rydbergii,161,Ranunculus sceleratus,2546,112,0.6655,2546,0.5797,2615,2546,112
non-plant,np_garden_hose_51440858.jpg,non-plant,safe,0.1864,False,1427,Toxicodendron radicans,65,Epipremnum aureum,0.2434,False,437,Toxicodendron diversilobum,83,Schinus terebinthifolia,1000000000,1000000000,0.1864,1427,0.2088,437,1000000000,1000000000
mixed,np_park_bench_159101229.jpg,mixed,safe,0.0539,False,869,Toxicodendron vernix,30,Pontederia crassipes,0.0954,False,795,Toxicodendron rydbergii,120,Iris versicolor,1000000000,1000000000,0.0539,869,0.0902,795,1000000000,1000000000
non-plant,np_rocks_51402336.jpg,non-plant,safe,0.1359,False,1344,Toxicodendron rydbergii,35,Robinia pseudoacacia,0.0829,False,1751,Toxicodendron rydbergii,40,Nolina texana,1000000000,1000000000,0.1359,1344,0.0911,1751,1000000000,1000000000
non-plant,np_rocks_53950578.jpg,non-plant,safe,0.1359,False,1671,Toxicodendron diversilobum,54,Parthenium hysterophorus,0.2303,False,1310,Toxicodendron diversilobum,37,Eucnide urens,1000000000,1000000000,0.1359,1671,0.2526,1310,1000000000,1000000000
non-plant,np_brick_wall_28818900.jpg,non-plant,safe,0.0710,False,739,Toxicodendron pubescens,8,Nolina texana,0.0821,False,1994,Toxicodendron pubescens,41,Nolina texana,1000000000,1000000000,0.0710,739,0.0827,1994,1000000000,1000000000
non-plant,np_brick_wall_117737596.jpg,non-plant,safe,0.0722,False,1781,Phytolacca americana,16,Opuntia microdasys,0.0722,False,1166,Toxicodendron pubescens,14,Mangifera indica,1000000000,1000000000,0.0722,1781,0.0787,1166,1000000000,1000000000
non-plant,np_television_109987635.jpg,non-plant,safe,0.0207,False,445,Toxicodendron rydbergii,47,Iris lacustris,0.0269,False,1110,Toxicodendron rydbergii,41,Crinum asiaticum,1000000000,1000000000,0.0207,445,0.0280,1110,1000000000,1000000000
non-plant,np_television_52802305.jpg,non-plant,safe,0.0127,False,1205,Toxicodendron pubescens,65,Monstera deliciosa,0.0129,False,249,Toxicodendron vernix,73,Mangifera indica,1000000000,1000000000,0.0127,1205,0.0142,249,1000000000,1000000000
non-plant,np_television_43906515.jpg,non-plant,safe,0.0023,False,2108,Phytolacca americana,22,Crassula ovata,0.0030,False,1983,Toxicodendron pubescens,5,Crassula ovata,1000000000,1000000000,0.0023,2108,0.0032,1983,1000000000,1000000000
non-plant,np_smartphone_119015398.jpg,non-plant,safe,0.0032,False,138,Toxicodendron radicans,25,Gelsemium sempervirens,0.0027,False,1572,Toxicodendron diversilobum,34,Robinia pseudoacacia,1000000000,1000000000,0.0032,138,0.0027,1572,1000000000,1000000000
non-plant,np_smartphone_116899833.jpg,non-plant,safe,0.1184,False,733,Toxicodendron diversilobum,29,Schinus terebinthifolia,0.1206,False,1419,Toxicodendron diversilobum,132,Clematis paniculata,1000000000,1000000000,0.1184,733,0.1278,1419,1000000000,1000000000
non-plant,np_smartphone_196609173.jpg,non-plant,safe,0.0661,False,171,Toxicodendron pubescens,10,Schinus terebinthifolia,0.0904,False,102,Toxicodendron radicans,5,Campsis radicans,1000000000,1000000000,0.0661,171,0.0795,102,1000000000,1000000000
mixed,np_brick_wall_105538175.jpg,mixed,safe,0.8882,True,532,Phytolacca americana,14,Ailanthus altissima,0.9606,True,803,Phytolacca americana,30,Ailanthus altissima,532,14,0.8882,532,0.9583,803,532,14
mixed,np_brick_wall_105538174.jpg,mixed,safe,0.9975,True,657,Phytolacca americana,126,Tanacetum vulgare,0.9876,True,1018,Toxicodendron radicans,132,Solanum mauritianum,657,126,0.9975,657,0.9876,1018,657,126
