run,set,photo,species,kind,reticle_share,reticle_plant,reticle_rank_old,reticle_hazard_old,reticle_rank_new,reticle_hazard_new,full_share,full_plant,full_rank_old,full_hazard_old,full_rank_new,full_hazard_new,rank_old,rank_new
S50,target,target_Conoclinium_coelestinum_404305465.jpg,Conoclinium coelestinum,safe,0.9584,True,213,Solanum carolinense,84,Parthenium hysterophorus,0.9610,True,363,Solanum carolinense,49,Phacelia crenulata,213,49
S50,target,target_Conoclinium_coelestinum_403544356.jpg,Conoclinium coelestinum,safe,0.9328,True,123,Solanum carolinense,44,Perilla frutescens,0.9258,True,247,Solanum carolinense,70,Hypericum punctatum,123,44
S50,target,target_Callicarpa_americana_400532330.jpg,Callicarpa americana,safe,0.9241,True,41,Phytolacca americana,10,Perilla frutescens,0.9327,True,18,Phytolacca americana,18,Phytolacca americana,18,10
S50,target,target_Callicarpa_americana_399137999.jpg,Callicarpa americana,safe,0.9472,True,50,Phytolacca americana,19,Morus rubra,0.9630,True,30,Phytolacca americana,21,Morus rubra,30,19
S50,target,target_Liquidambar_styraciflua_405042376.jpg,Liquidambar styraciflua,safe,0.9716,True,145,Solanum carolinense,11,Morus rubra,0.9913,True,141,Toxicodendron radicans,9,Cnidoscolus stimulosus,141,9
S50,target,target_Liquidambar_styraciflua_404493614.jpg,Liquidambar styraciflua,safe,0.9383,True,229,Toxicodendron vernix,14,Robinia pseudoacacia,0.9722,True,179,Toxicodendron radicans,39,Robinia pseudoacacia,179,14
S50,target,target_Magnolia_grandiflora_396800120.jpg,Magnolia grandiflora,safe,0.9024,True,787,Phytolacca americana,1,Mangifera indica,0.8941,True,241,Toxicodendron vernix,3,Mangifera indica,241,1
S50,target,target_Magnolia_grandiflora_390971398.jpg,Magnolia grandiflora,safe,0.9885,True,165,Phytolacca americana,11,Mangifera indica,0.9882,True,131,Phytolacca americana,18,Mangifera indica,131,11
S50,target,target_Liriodendron_tulipifera_405512381.jpg,Liriodendron tulipifera,safe,0.9566,True,318,Toxicodendron diversilobum,81,Ficus carica,0.9502,True,525,Toxicodendron diversilobum,139,Corylus cornuta,318,81
S50,target,target_Liriodendron_tulipifera_405264498.jpg,Liriodendron tulipifera,safe,0.9722,True,90,Solanum carolinense,66,Cynanchum laeve,0.9866,True,157,Toxicodendron radicans,57,Morus rubra,90,57
S50,target,target_Polystichum_acrostichoides_405345748.jpg,Polystichum acrostichoides,safe,0.9969,True,163,Solanum carolinense,127,Ranunculus abortivus,0.9978,True,131,Solanum carolinense,117,Euphorbia corollata,131,117
S50,target,target_Polystichum_acrostichoides_405345610.jpg,Polystichum acrostichoides,safe,0.9944,True,133,Solanum carolinense,119,Iris cristata,0.9962,True,174,Solanum carolinense,111,Euphorbia amygdaloides,133,111
S50,target,target_Fagus_grandifolia_405501294.jpg,Fagus grandifolia,safe,0.9552,True,437,Solanum carolinense,86,Moneses uniflora,0.9391,True,413,Toxicodendron diversilobum,33,Moneses uniflora,413,33
S50,target,target_Fagus_grandifolia_405345574.jpg,Fagus grandifolia,safe,0.9923,True,585,Phytolacca americana,121,Robinia pseudoacacia,0.9890,True,274,Toxicodendron radicans,78,Corylus cornuta,274,78
S50,target,target_Erechtites_hieraciifolius_405067001.jpg,Erechtites hieraciifolius,safe,0.8645,True,430,Solanum carolinense,13,Euphorbia corollata,0.9226,True,348,Solanum carolinense,44,Euphorbia corollata,348,13
S50,target,target_Ampelopsis_glandulosa_405082405.jpg,Ampelopsis glandulosa,safe,0.9162,True,26,Toxicodendron radicans,14,Parthenocissus quinquefolia,0.9573,True,27,Toxicodendron radicans,8,Vitis mustangensis,26,8
S50,target,target_Diospyros_virginiana_403124444.jpg,Diospyros virginiana,safe,0.9903,True,34,Toxicodendron vernix,34,Toxicodendron vernix,0.9917,True,26,Toxicodendron vernix,26,Toxicodendron vernix,26,26
S50,target,target_Platanus_occidentalis_405314707.jpg,Platanus occidentalis,safe,0.9878,True,48,Toxicodendron radicans,7,Corylus cornuta,0.9899,True,35,Toxicodendron radicans,8,Morus rubra,35,7
S50,target,target_Vitis_rotundifolia_402327267.jpg,Vitis rotundifolia,safe,0.9534,True,34,Toxicodendron radicans,6,Vitis mustangensis,0.9612,True,25,Toxicodendron radicans,7,Vitis mustangensis,25,6
S50,target,target_Pueraria_montana_404096208.jpg,Pueraria montana,safe,0.9887,True,388,Toxicodendron radicans,13,Robinia pseudoacacia,0.9879,True,277,Toxicodendron radicans,27,Hedera helix,277,13
S50,target,target_Cercis_canadensis_404198314.jpg,Cercis canadensis,safe,0.9882,True,284,Toxicodendron radicans,23,Robinia pseudoacacia,0.9861,True,170,Solanum carolinense,18,Cynanchum laeve,170,18
S50,target,target_Quercus_nigra_400010614.jpg,Quercus nigra,safe,0.8953,True,183,Toxicodendron pubescens,120,Ficus pumila,0.9507,True,57,Toxicodendron pubescens,7,Anacardium occidentale,57,7
S50,target,target_Albizia_julibrissin_401649566.jpg,Albizia julibrissin,safe,0.9861,True,399,Phytolacca americana,2,Robinia pseudoacacia,0.9956,True,201,Phytolacca americana,14,Robinia pseudoacacia,201,2
S50,target,target_Chimaphila_maculata_405278636.jpg,Chimaphila maculata,safe,0.9826,True,1373,Phytolacca americana,7,Euphorbia lathyris,0.9863,True,227,Solanum carolinense,26,Euphorbia corollata,227,7
S50,target,target_Rhus_copallinum_405529666.jpg,Rhus copallinum,safe,0.9676,True,7,Toxicodendron vernix,4,Schinus terebinthifolia,0.9826,True,6,Toxicodendron vernix,6,Toxicodendron vernix,6,4
S50,target,target_Ilex_cornuta_355455003.jpg,Ilex cornuta,safe,0.9821,True,222,Solanum carolinense,19,Gelsemium sempervirens,0.9806,True,198,Solanum carolinense,15,Gelsemium sempervirens,198,15
S50,target,target_Solidago_altissima_403428628.jpg,Solidago altissima,safe,0.9474,True,842,Solanum carolinense,45,Jacobaea vulgaris,0.9412,True,468,Solanum carolinense,65,Tanacetum vulgare,468,45
S50,target,target_Sassafras_albidum_405971253.jpg,Sassafras albidum,safe,0.9930,True,70,Toxicodendron vernix,7,Dirca palustris,0.9920,True,93,Toxicodendron vernix,8,Dirca palustris,70,7
S50,target,target_Tipularia_discolor_398521399.jpg,Tipularia discolor,safe,0.9535,True,1338,Toxicodendron radicans,175,Persicaria hydropiper,0.9728,True,806,Toxicodendron radicans,27,Iris cristata,806,27
S50,target,target_Phyllanthus_urinaria_396003845.jpg,Phyllanthus urinaria,safe,0.9732,True,1231,Solanum carolinense,45,Euphorbia hypericifolia,0.9727,True,581,Solanum carolinense,7,Euphorbia hypericifolia,581,7
S50,grass,grass_Arundo_donax_406751438.jpg,Arundo donax,safe,0.9711,True,599,Phytolacca americana,33,Nerium oleander,0.9701,True,841,Phytolacca americana,43,Nerium oleander,599,33
S50,grass,grass_Hordeum_jubatum_406696238.jpg,Hordeum jubatum,safe,0.9742,True,410,Toxicodendron rydbergii,50,Phacelia sericea,0.9842,True,404,Toxicodendron rydbergii,62,Phacelia sericea,404,50
S50,grass,grass_Arrhenatherum_elatius_406671945.jpg,Arrhenatherum elatius,safe,0.9907,True,1143,Toxicodendron diversilobum,79,Heracleum sphondylium,0.9922,True,647,Toxicodendron diversilobum,124,Heracleum sphondylium,647,79
S50,grass,grass_Diplachne_fusca_406653544.jpg,Diplachne fusca,safe,0.9497,True,290,Toxicodendron diversilobum,31,Thuja plicata,0.9197,True,271,Toxicodendron diversilobum,18,Thuja plicata,271,18
S50,grass,grass_Steinchisma_hians_406606905.jpg,Steinchisma hians,safe,0.8761,True,563,Solanum carolinense,61,Parthenium hysterophorus,0.9091,True,497,Solanum carolinense,111,Parthenium hysterophorus,497,61
S50,grass,grass_Andropogon_gerardi_406597519.jpg,Andropogon gerardi,safe,0.6068,True,445,Solanum carolinense,89,Euphorbia corollata,0.7366,True,285,Solanum carolinense,56,Baptisia alba,285,56
S50,grass,grass_Paspalum_distichum_406584892.jpg,Paspalum distichum,safe,0.9500,True,440,Solanum carolinense,43,Persicaria hydropiper,0.9671,True,352,Solanum carolinense,66,Persicaria hydropiper,352,43
S50,grass,grass_Sorghastrum_nutans_406580824.jpg,Sorghastrum nutans,safe,0.8836,True,820,Toxicodendron rydbergii,74,Nolina texana,0.9001,True,440,Toxicodendron rydbergii,65,Nolina texana,440,65
S50,grass,grass_Panicum_racemosum_406576237.jpg,Panicum racemosum,safe,0.9283,True,1813,Phytolacca americana,136,Aloe vera,0.9539,True,1467,Toxicodendron rydbergii,183,Heracleum maximum,1467,136
S50,grass,grass_Pseudoroegneria_spicata_406559012.jpg,Pseudoroegneria spicata,safe,0.9610,True,768,Toxicodendron diversilobum,202,Cneoridium dumosum,0.9528,True,708,Toxicodendron diversilobum,102,Clematis ligusticifolia,708,102
S50,non_grass,non_grass_Trifolium_repens_406359770.jpg,Trifolium repens,safe,0.9675,True,334,Toxicodendron diversilobum,43,Trifolium hybridum,0.9805,True,816,Toxicodendron diversilobum,35,Trifolium hybridum,334,35
S50,non_grass,non_grass_Taraxacum_officinale_406035391.jpg,Taraxacum officinale,safe,0.9755,True,640,Solanum carolinense,52,Leucanthemum vulgare,0.9745,True,839,Phytolacca americana,10,Rumex obtusifolius,640,10
S50,non_grass,non_grass_Plantago_lanceolata_406558218.jpg,Plantago lanceolata,safe,0.9636,True,1179,Phytolacca americana,21,Tradescantia virginiana,0.9849,True,1399,Solanum carolinense,10,Iris cristata,1179,10
S50,non_grass,non_grass_Oxalis_stricta_rufa_406756800.jpg,Oxalis stricta rufa,safe,0.9553,True,591,Toxicodendron radicans,34,Centella asiatica,0.9727,True,775,Toxicodendron radicans,5,Ranunculus abortivus,591,5
S50,non_grass,non_grass_Quercus_alba_405748845.jpg,Quercus alba,safe,0.9937,True,107,Toxicodendron pubescens,3,Quercus coccinea,0.9900,True,72,Toxicodendron pubescens,4,Quercus coccinea,72,3
S50,non_grass,non_grass_Acer_rubrum_405066941.jpg,Acer rubrum,safe,0.9698,True,104,Toxicodendron vernix,74,Parthenocissus quinquefolia,0.9829,True,75,Toxicodendron radicans,60,Corylus cornuta,75,60
S50,non_grass,non_grass_Lonicera_japonica_406655855.jpg,Lonicera japonica,safe,0.9815,True,203,Solanum carolinense,3,Solanum mauritianum,0.9649,True,493,Solanum carolinense,3,Solanum mauritianum,203,3
S50,non_grass,non_grass_Rubus_ulmifolius_406649712.jpg,Rubus ulmifolius,safe,0.9873,True,382,Toxicodendron radicans,43,Lantana camara,0.9935,True,88,Toxicodendron radicans,74,Clematis texensis,88,43
S50,non_grass,non_grass_Polystichum_acrostichoides_405278830.jpg,Polystichum acrostichoides,safe,0.9852,True,278,Solanum carolinense,141,Euphorbia amygdaloides,0.9952,True,443,Solanum carolinense,145,Ficus pumila,278,141
S50,non_grass,non_grass_Carex_enneastachya_406638844.jpg,Carex enneastachya,safe,0.9611,True,166,Toxicodendron diversilobum,149,Iris sibirica,0.9747,True,96,Toxicodendron diversilobum,96,Toxicodendron diversilobum,96,96
S51,target,target_Conoclinium_coelestinum_402497442.jpg,Conoclinium coelestinum,safe,0.9625,True,748,Solanum carolinense,16,Lantana camara,0.9643,True,220,Solanum carolinense,31,Lantana camara,220,16
S51,target,target_Callicarpa_americana_398710393.jpg,Callicarpa americana,safe,0.9745,True,55,Phytolacca americana,16,Morus rubra,0.9793,True,48,Phytolacca americana,17,Morus rubra,48,16
S51,target,target_Liquidambar_styraciflua_403739349.jpg,Liquidambar styraciflua,safe,0.9866,True,164,Phytolacca americana,2,Ricinus communis,0.9910,True,347,Toxicodendron radicans,2,Ricinus communis,164,2
S51,target,target_Magnolia_grandiflora_389072742.jpg,Magnolia grandiflora,safe,0.9862,True,93,Phytolacca americana,13,Mangifera indica,0.9889,True,95,Phytolacca americana,23,Scaevola taccada,93,13
S51,target,target_Liriodendron_tulipifera_405264462.jpg,Liriodendron tulipifera,safe,0.6919,True,1275,Solanum carolinense,5,Syngonium podophyllum,0.8129,True,302,Toxicodendron vernix,17,Ficus pumila,302,5
S51,target,target_Polystichum_acrostichoides_405276217.jpg,Polystichum acrostichoides,safe,0.9729,True,548,Solanum carolinense,155,Asparagus aethiopicus,0.9851,True,205,Solanum carolinense,160,Hedera helix,205,155
S51,target,target_Fagus_grandifolia_404794246.jpg,Fagus grandifolia,safe,0.9731,True,114,Toxicodendron radicans,20,Corylus cornuta,0.9661,True,13,Toxicodendron radicans,13,Toxicodendron radicans,13,13
S51,target,target_Erechtites_hieraciifolius_405066909.jpg,Erechtites hieraciifolius,safe,0.9727,True,1778,Solanum carolinense,3,Jacobaea vulgaris,0.9659,True,2071,Solanum carolinense,11,Jacobaea vulgaris,1778,3
S51,target,target_Erechtites_hieraciifolius_404919483.jpg,Erechtites hieraciifolius,safe,0.9280,True,145,Toxicodendron diversilobum,145,Toxicodendron diversilobum,0.9774,True,232,Solanum carolinense,61,Ranunculus abortivus,145,61
S51,target,target_Ampelopsis_glandulosa_404850238.jpg,Ampelopsis glandulosa,safe,0.9466,True,57,Phytolacca americana,3,Vitis mustangensis,0.9501,True,21,Toxicodendron radicans,6,Vitis mustangensis,21,3
S51,target,target_Ampelopsis_glandulosa_404581096.jpg,Ampelopsis glandulosa,safe,0.9089,True,61,Toxicodendron radicans,4,Hedera helix,0.9555,True,201,Toxicodendron radicans,6,Ficus pumila,61,4
S51,target,target_Diospyros_virginiana_402279427.jpg,Diospyros virginiana,safe,0.4443,False,1064,Toxicodendron pubescens,18,Anacardium occidentale,0.7972,True,1115,Toxicodendron pubescens,9,Anacardium occidentale,1115,9
S51,target,target_Diospyros_virginiana_400803551.jpg,Diospyros virginiana,safe,0.9640,True,297,Phytolacca americana,28,Ficus carica,0.9836,True,185,Phytolacca americana,31,Ficus pumila,185,28
S51,target,target_Platanus_occidentalis_404972710.jpg,Platanus occidentalis,safe,0.9819,True,28,Toxicodendron radicans,28,Toxicodendron radicans,0.9949,True,35,Toxicodendron radicans,35,Toxicodendron radicans,28,28
S51,target,target_Platanus_occidentalis_404834946.jpg,Platanus occidentalis,safe,0.9675,True,25,Toxicodendron radicans,9,Morus rubra,0.9729,True,62,Toxicodendron radicans,4,Morus rubra,25,4
S51,target,target_Vitis_rotundifolia_402234219.jpg,Vitis rotundifolia,safe,0.6818,True,1030,Phytolacca americana,12,Plumeria rubra,0.6591,True,912,Toxicodendron vernix,11,Mangifera indica,912,11
S51,target,target_Vitis_rotundifolia_401273832.jpg,Vitis rotundifolia,safe,0.9791,True,41,Toxicodendron radicans,9,Vitis mustangensis,0.8734,True,27,Toxicodendron radicans,6,Vitis mustangensis,27,6
S51,target,target_Pueraria_montana_403875690.jpg,Pueraria montana,safe,0.9654,True,297,Toxicodendron radicans,7,Calotropis gigantea,0.9734,True,483,Toxicodendron diversilobum,5,Calotropis gigantea,297,5
S51,target,target_Pueraria_montana_400615536.jpg,Pueraria montana,safe,0.9361,True,735,Toxicodendron rydbergii,8,Hedera helix,0.9215,True,1318,Toxicodendron diversilobum,10,Heracleum sosnowskyi,735,8
S51,target,target_Cercis_canadensis_402371869.jpg,Cercis canadensis,safe,0.9805,True,255,Toxicodendron radicans,9,Cynanchum laeve,0.9865,True,434,Toxicodendron radicans,2,Cynanchum laeve,255,2
S51,target,target_Cercis_canadensis_402097331.jpg,Cercis canadensis,safe,0.9879,True,247,Toxicodendron radicans,15,Clematis texensis,0.9834,True,117,Toxicodendron diversilobum,14,Corylus cornuta,117,14
S51,target,target_Quercus_nigra_396037990.jpg,Quercus nigra,safe,0.9893,True,120,Toxicodendron pubescens,22,Quercus coccinea,0.9819,True,110,Toxicodendron pubescens,27,Quercus coccinea,110,22
S51,target,target_Albizia_julibrissin_399602191.jpg,Albizia julibrissin,safe,0.9530,True,150,Toxicodendron vernix,1,Robinia pseudoacacia,0.9673,True,127,Toxicodendron vernix,13,Robinia pseudoacacia,127,1
S51,target,target_Chimaphila_maculata_405056544.jpg,Chimaphila maculata,safe,0.9868,True,129,Toxicodendron pubescens,23,Moneses uniflora,0.9920,True,378,Toxicodendron radicans,11,Moneses uniflora,129,11
S51,target,target_Rhus_copallinum_405335103.jpg,Rhus copallinum,safe,0.9807,True,4,Toxicodendron pubescens,3,Schinus terebinthifolia,0.9562,True,1,Toxicodendron vernix,1,Toxicodendron vernix,1,1
S51,target,target_Ilex_cornuta_354883834.jpg,Ilex cornuta,safe,0.9858,True,123,Toxicodendron pubescens,20,Quercus coccinea,0.9902,True,89,Solanum carolinense,14,Gelsemium sempervirens,89,14
S51,target,target_Solidago_altissima_403424772.jpg,Solidago altissima,safe,0.9664,True,470,Toxicodendron rydbergii,64,Jacobaea vulgaris,0.9663,True,379,Toxicodendron rydbergii,104,Hypericum punctatum,379,64
S51,target,target_Sassafras_albidum_405954859.jpg,Sassafras albidum,safe,0.9471,True,552,Phytolacca americana,10,Calotropis gigantea,0.9875,True,12,Solanum carolinense,12,Solanum carolinense,12,10
S51,target,target_Tipularia_discolor_394266269.jpg,Tipularia discolor,safe,0.9604,True,159,Toxicodendron radicans,68,Dicentra cucullaria,0.9368,True,132,Phytolacca americana,56,Dicentra cucullaria,132,56
S51,target,target_Phyllanthus_urinaria_389375799.jpg,Phyllanthus urinaria,safe,0.9844,True,205,Solanum carolinense,20,Parthenium hysterophorus,0.9925,True,102,Solanum carolinense,17,Euphorbia heterophylla,102,17
S51,toxic,toxic_Phytolacca_americana_406342093.jpg,Phytolacca americana,hazard,0.8954,True,1,Phytolacca americana,1,Phytolacca americana,0.9452,True,1,Phytolacca americana,1,Phytolacca americana,1,1
S51,toxic,toxic_Toxicodendron_radicans_406081708.jpg,Toxicodendron radicans,hazard,0.9905,True,1,Toxicodendron radicans,1,Toxicodendron radicans,0.9863,True,7,Toxicodendron pubescens,7,Toxicodendron pubescens,1,1
S51,toxic,toxic_Solanum_carolinense_405261312.jpg,Solanum carolinense,hazard,0.9434,True,1,Solanum carolinense,1,Solanum carolinense,0.9560,True,1,Solanum carolinense,1,Solanum carolinense,1,1
S51,toxic,toxic_Persicaria_longiseta_406218602.jpg,Persicaria longiseta,toxic,0.9388,True,19,Phytolacca americana,5,Persicaria hydropiper,0.9356,True,301,Solanum carolinense,24,Fumaria officinalis,19,5
S51,toxic,toxic_Eupatorium_capillifolium_402327244.jpg,Eupatorium capillifolium,toxic,0.9825,True,279,Toxicodendron pubescens,35,Euphorbia corollata,0.9866,True,1147,Toxicodendron pubescens,105,Euphorbia corollata,279,35
S51,toxic,toxic_Euonymus_americanus_405073628.jpg,Euonymus americanus,toxic,0.9750,True,276,Toxicodendron radicans,6,Gelsemium sempervirens,0.9710,True,335,Toxicodendron radicans,5,Gelsemium sempervirens,276,5
S51,toxic,toxic_Lonicera_maackii_406226268.jpg,Lonicera maackii,toxic,0.9363,True,109,Toxicodendron radicans,84,Cynanchum laeve,0.9279,True,147,Toxicodendron radicans,78,Apocynum cannabinum,109,78
S51,toxic,toxic_Eupatorium_serotinum_404623579.jpg,Eupatorium serotinum,toxic,0.9780,True,121,Phytolacca americana,27,Clematis drummondii,0.9740,True,72,Phytolacca americana,44,Parthenium hysterophorus,72,27
S51,toxic,toxic_Ligustrum_sinense_395276789.jpg,Ligustrum sinense,toxic,0.8854,True,644,Toxicodendron radicans,26,Clematis drummondii,0.9341,True,532,Phytolacca americana,34,Vitis mustangensis,532,26
S51,toxic,toxic_Hexastylis_arifolia_396808078.jpg,Hexastylis arifolia,toxic,0.9748,True,575,Toxicodendron pubescens,36,Syngonium podophyllum,0.9733,True,235,Toxicodendron pubescens,17,Gelsemium sempervirens,235,17
S51,toxic,toxic_Hedera_helix_406160784.jpg,Hedera helix,hazard,0.9846,True,49,Toxicodendron radicans,1,Hedera helix,0.9767,True,57,Toxicodendron radicans,1,Hedera helix,49,1
S51,toxic,toxic_Parthenocissus_quinquefolia_406476317.jpg,Parthenocissus quinquefolia,hazard,0.9786,True,3,Toxicodendron radicans,1,Parthenocissus quinquefolia,0.9766,True,3,Toxicodendron radicans,1,Parthenocissus quinquefolia,3,1
S51,toxic,toxic_Acer_negundo_404938271.jpg,Acer negundo,toxic,0.5205,True,486,Phytolacca americana,8,Pontederia crassipes,0.4129,False,482,Phytolacca americana,13,Ficus pumila,486,8
S51,toxic,toxic_Cornus_florida_399165586.jpg,Cornus florida,toxic,0.9648,True,24,Phytolacca americana,24,Phytolacca americana,0.9726,True,140,Phytolacca americana,63,Dirca palustris,24,24
S51,toxic,toxic_Nandina_domestica_399938263.jpg,Nandina domestica,toxic,0.9624,True,127,Toxicodendron radicans,2,Schinus terebinthifolia,0.9673,True,172,Toxicodendron vernix,25,Gelsemium sempervirens,127,2
S51,non_plant,non_plant_Laptop_computer_monitor__Unsplash_.jpg,computer monitor,safe,0.0228,False,1551,Toxicodendron rydbergii,124,Salsola tragus,0.0270,False,1632,Solanum carolinense,121,Echium plantagineum,1000000000,1000000000
S51,non_plant,non_plant_Old_dirty_working_computer__Unsplash_.jpg,computer monitor,safe,0.0189,False,1235,Toxicodendron pubescens,10,Salsola tragus,0.0162,False,466,Toxicodendron pubescens,72,Euphorbia myrsinites,1000000000,1000000000
S51,non_plant,non_plant_Statistics_on_a_laptop__Unsplash_.jpg,laptop screen,safe,0.0233,False,1736,Phytolacca americana,30,Echium plantagineum,0.0259,False,2003,Solanum carolinense,12,Euphorbia hypericifolia,1000000000,1000000000
S51,non_plant,non_plant_Online_store_on_a_screen__Unsplash_.jpg,laptop screen,safe,0.0364,False,365,Phytolacca americana,4,Robinia pseudoacacia,0.0401,False,1651,Solanum carolinense,114,Iris lacustris,1000000000,1000000000
S51,non_plant,non_plant_Man_with_smartphone_and_laptop__Unsplash_.jpg,smartphone,safe,0.0023,False,284,Toxicodendron vernix,15,Robinia pseudoacacia,0.0093,False,692,Toxicodendron radicans,41,Iris versicolor,1000000000,1000000000
S51,non_plant,non_plant_Nordic_walker_with_smartphone__Unsplash_.jpg,smartphone,safe,0.0269,False,1500,Toxicodendron pubescens,32,Robinia pseudoacacia,0.0785,False,1448,Toxicodendron pubescens,35,Robinia pseudoacacia,1000000000,1000000000
S51,non_plant,non_plant_Vintage_television__Unsplash_.jpg,television,safe,0.0236,False,1954,Phytolacca americana,23,Pontederia crassipes,0.0411,False,1586,Phytolacca americana,24,Pontederia crassipes,1000000000,1000000000
S51,non_plant,non_plant_Woman_Sketch_Man_Portrait__Unsplash_.jpg,woman portrait,safe,0.0316,False,91,Toxicodendron radicans,35,Morus rubra,0.0355,False,871,Toxicodendron pubescens,31,Euphorbia bicolor,1000000000,1000000000
S51,non_plant,non_plant_Portrait_of_elderly_woman__Unsplash_.jpg,woman portrait,safe,0.0164,False,260,Toxicodendron radicans,18,Mangifera indica,0.0325,False,590,Toxicodendron radicans,5,Ficus pumila,1000000000,1000000000
S51,non_plant,non_plant_Gray-haired_man_portrait__Unsplash_.jpg,man portrait,safe,0.0657,False,1353,Phytolacca americana,5,Anacardium occidentale,0.0767,False,1317,Phytolacca americana,19,Mangifera indica,1000000000,1000000000
S51,non_plant,non_plant_Portrait_of_a_man__Unsplash_.jpg,man portrait,safe,0.0620,False,1470,Toxicodendron diversilobum,39,Plumeria rubra,0.1306,False,1208,Toxicodendron diversilobum,26,Anacardium occidentale,1000000000,1000000000
S51,non_plant,non_plant_Happy_Child__Unsplash_.jpg,child,safe,0.0753,False,1703,Toxicodendron diversilobum,32,Anacardium occidentale,0.0667,False,1135,Toxicodendron vernix,13,Anacardium occidentale,1000000000,1000000000
S51,non_plant,non_plant_People_crossing_street__Unsplash_.jpg,people street,safe,0.0143,False,176,Toxicodendron rydbergii,28,Euphorbia myrsinites,0.0171,False,93,Toxicodendron rydbergii,93,Toxicodendron rydbergii,1000000000,1000000000
S51,non_plant,non_plant_People_walking_across_urban_street__Unsplash_.jpg,people street,safe,0.0462,False,1210,Toxicodendron radicans,16,Crassula ovata,0.0617,False,1562,Phytolacca americana,32,Plumeria rubra,1000000000,1000000000
S51,non_plant,non_plant_Confetti_on_asphalt__Unsplash_.jpg,asphalt,safe,0.0554,False,752,Phytolacca americana,1,Ficus pumila,0.0485,False,459,Phytolacca americana,2,Ficus pumila,1000000000,1000000000
S51,non_plant,non_plant_Glasses_on_asphalt__Unsplash_.jpg,asphalt,safe,0.0217,False,2521,Phytolacca americana,34,Pontederia crassipes,0.0186,False,1904,Phytolacca americana,17,Ficus pumila,1000000000,1000000000
S51,non_plant,non_plant_Crosswalk__Unsplash_cjgDWi-yIxE_.jpg,crosswalk,safe,0.0106,False,27,Toxicodendron radicans,4,Robinia pseudoacacia,0.0110,False,406,Toxicodendron pubescens,20,Euphorbia bicolor,1000000000,1000000000
S51,non_plant,non_plant_Industrial_Parking_Lot__Unsplash_.jpg,parking lot,safe,0.0179,False,1493,Phytolacca americana,3,Plumeria rubra,0.0589,False,1128,Solanum carolinense,3,Pontederia crassipes,1000000000,1000000000
S51,non_plant,non_plant_Labrador_urban_sidewalk__Unsplash_.jpg,sidewalk,safe,0.0086,False,1073,Toxicodendron radicans,3,Mangifera indica,0.0070,False,295,Phytolacca americana,3,Crinum asiaticum,1000000000,1000000000
S51,non_plant,non_plant_Mong_Kok_city_sidewalk__Unsplash_.jpg,sidewalk,safe,0.0060,False,372,Toxicodendron vernix,5,Mangifera indica,0.0096,False,63,Toxicodendron rydbergii,16,Verbascum thapsus,1000000000,1000000000
S51,non_plant,non_plant_Houston_sneakers__Unsplash_.jpg,sneakers,safe,0.0265,False,553,Phytolacca americana,29,Ficus pumila,0.0329,False,275,Toxicodendron radicans,58,Ficus pumila,1000000000,1000000000
S51,non_plant,non_plant_Sheep_dog_and_fence_Lipoglav__Unsplash_.jpg,dog,safe,0.0038,False,2199,Toxicodendron rydbergii,69,Crassula ovata,0.0692,False,414,Toxicodendron rydbergii,94,Schinus terebinthifolia,1000000000,1000000000
S51,non_plant,non_plant_Wedding_car__Unsplash_.jpg,car,safe,0.0073,False,1785,Toxicodendron radicans,8,Plumeria rubra,0.0303,False,993,Phytolacca americana,49,Calotropis gigantea,1000000000,1000000000
S51,non_plant,non_plant_Hell_s_Kitchen__Unsplash_.jpg,kitchen,safe,0.0261,False,654,Toxicodendron rydbergii,8,Euphorbia cyparissias,0.1787,False,1490,Toxicodendron radicans,8,Mangifera indica,1000000000,1000000000
S51,non_plant,non_plant_Abstract_spiral_pattern__Unsplash_.jpg,building,safe,0.2601,False,1346,Toxicodendron rydbergii,40,Salsola tragus,0.1169,False,1690,Toxicodendron vernix,115,Salsola tragus,1000000000,1000000000
S51,non_plant,non_plant_White_bicycle__Unsplash_.jpg,bicycle,safe,0.0904,False,437,Toxicodendron rydbergii,155,Iris lacustris,0.1507,False,38,Solanum carolinense,8,Cucurbita foetidissima,1000000000,1000000000
S51,non_plant,non_plant_Living_room__Unsplash_.jpg,living room,safe,0.0784,False,658,Phytolacca americana,1,Araujia sericifera,0.0467,False,459,Phytolacca americana,1,Araujia sericifera,1000000000,1000000000
