model,scientific,common,aspect,hint,evidence,verdict,note
gemma4:26b,Conoclinium coelestinum,blue mistflower,place,Look in wood edges or clearings.,"This species prefers moist soils and can be found in wood edges, sandy woodlands and clearings, wet meadows and stream banks.",supported,
gemma4:26b,Conoclinium coelestinum,blue mistflower,light,It grows in shade or full sun.,It can thrive in a variety of light conditions ranging from shade to full sun.,supported,
gemma4:26b,Conoclinium coelestinum,blue mistflower,ground,It likes moist soils.,"This species prefers moist soils and can be found in wood edges, sandy woodlands and clearings, wet meadows and stream banks.",supported,
gemma4:26b,Conoclinium coelestinum,blue mistflower,ground,It can grow in wet soils.,"It is recommended for habitat restoration within its native range, especially in wet soils.",overreach,restoration advice read as habitat
gemma4:26b,Callicarpa americana,American beautyberry,place,Look in gardens and yards.,"Callicarpa americana, commonly called the American beautyberry, is an open-habitat, native shrub of the Southern United States which is often grown as an ornamental in gardens and yards.",supported,cultivated in gardens
gemma4:26b,Liquidambar styraciflua,American sweetgum,place,You can find it in the forest.,"Sweetgum is one of the main valuable forest trees in the southeastern United States, and is a popular ornamental tree in temperate climates.",supported,
gemma4:26b,Liquidambar styraciflua,American sweetgum,light,It does not grow well in shady areas.,"Also, the American sweetgum tree does not grow well in shady areas.",supported,
gemma4:26b,Liquidambar styraciflua,American sweetgum,ground,"It likes moist, acidic loam or clay soil.","The species grows best in moist, acidic loam or clay soil, and tolerates poor drainage.",supported,
gemma4:26b,Liquidambar styraciflua,American sweetgum,nearby,It grows with willow oak and sweetbay magnolia.,It typically grows with other coastal plain species such as willow oak and sweetbay magnolia.,supported,
gemma4:26b,Magnolia grandiflora,southern magnolia,place,Look in subtropical forests.,"Although endemic to the evergreen lowland subtropical forests on the Gulf and South Atlantic coastal plain, M.",supported,
gemma4:26b,Magnolia grandiflora,southern magnolia,light,It can be found in shady areas.,"In Florida, it is found in a number of different ecological areas that are typically shady and have well-draining soils; it is also found in hummocks, along ravines, on slopes, and in wooded floodplains.",overreach,Florida-only evidence generalized
gemma4:26b,Magnolia grandiflora,southern magnolia,ground,It likes soils that drain well.,"In Florida, it is found in a number of different ecological areas that are typically shady and have well-draining soils; it is also found in hummocks, along ravines, on slopes, and in wooded floodplains.",overreach,Florida-only evidence generalized
gemma4:26b,Magnolia grandiflora,southern magnolia,nearby,It grows near sweetgum trees.,"The tree is found on the edges of bodies of water and swamps, in association with sweetgum (Liquidambar styraciflua), water oak (Quercus nigra), and black tupelo (Nyssa sylvatica).",supported,
gemma4:26b,Magnolia grandiflora,southern magnolia,nearby,It grows near live oaks.,"It grows on sandhills in maritime forests, where it is found growing with live oaks and saw palmetto (Serenoa repens).",supported,
gemma4:26b,Liriodendron tulipifera,American tuliptree,place,Look in temperate deciduous forests.,"Today the tulip tree is one of the largest and most valuable hardwoods of eastern North America, thriving in temperate deciduous forests east of the Mississippi River.",supported,
gemma4:26b,Liriodendron tulipifera,American tuliptree,light,It does not like shade.,Liriodendron tulipifera is generally considered to be a shade-intolerant species that is most commonly associated with the first century of forest succession.,supported,
gemma4:26b,Liriodendron tulipifera,American tuliptree,ground,"It likes deep, rich, and moist soil.","It prefers deep, rich, and rather moist soil; it is common throughout the Southern United States.",supported,
gemma4:26b,Liriodendron tulipifera,American tuliptree,ground,"It likes moist, well-drained soils.","It prefers mesic to moist, well-drained soils and is generally most common at low to mid-elevations, for example usually not found above 3000 ft (900m) elevation in Virginia.",supported,
gemma4:26b,Polystichum acrostichoides,Christmas fern,light,It lives in shady habitats.,"It is one of the most common ferns in eastern North America, being found in moist and shady habitats in woodlands, stream banks and rocky slopes.",supported,
gemma4:26b,Polystichum acrostichoides,Christmas fern,ground,It likes moist habitats.,"It is one of the most common ferns in eastern North America, being found in moist and shady habitats in woodlands, stream banks and rocky slopes.",supported,
gemma4:26b,Fagus grandifolia,American beech,place,You can find it in forests.,The tree is shade tolerant and typically found in forests when the site is at its climax.,supported,
gemma4:26b,Fagus grandifolia,American beech,light,It can grow in the shade.,The tree is shade tolerant and typically found in forests when the site is at its climax.,supported,
gemma4:26b,Fagus grandifolia,American beech,ground,"Look on moist, well-drained slopes.","Although sometimes found in pure stands, it is more often associated with sugar maple (forming the beech–maple climax community), yellow birch, and eastern hemlock, typically on moist, well-drained slopes and rich bottomlands.",supported,
gemma4:26b,Fagus grandifolia,American beech,ground,It likes a well-watered spot.,"American beech favors a well-watered, but also well-drained spot and is intolerant of urban pollution, salt, and soil compaction.",supported,
gemma4:26b,Fagus grandifolia,American beech,nearby,It grows near sugar maples.,"Although sometimes found in pure stands, it is more often associated with sugar maple (forming the beech–maple climax community), yellow birch, and eastern hemlock, typically on moist, well-drained slopes and rich bottomlands.",supported,
gemma4:26b,Erechtites hieraciifolius,American burnweed,place,It grows well in urban areas.,It also grows well in urban areas and around humans.,supported,
gemma4:26b,Erechtites hieraciifolius,American burnweed,ground,It prefers moist sites.,It prefers moist sites but can handle gravelly soil and some degree of dry conditions.,supported,
gemma4:26b,Erechtites hieraciifolius,American burnweed,nearby,Look near a tree tip-up mound.,"It grows in disturbed soil in almost any habitat except those that are extremely xeric, responding to even small disturbances such as a tree tip-up mound.",supported,
gemma4:26b,Erechtites hieraciifolius,American burnweed,edges,Look where there is disturbed soil.,"It grows in disturbed soil in almost any habitat except those that are extremely xeric, responding to even small disturbances such as a tree tip-up mound.",supported,
gemma4:26b,Ampelopsis glandulosa,Porcelain Berry,light,It likes full sunlight to partial shade.,"Porcelainberry grows primarily in marginal habitats such as forest edges, pond margins, stream banks, thickets, and other areas of full sunlight to partial shade.",supported,
gemma4:26b,Ampelopsis glandulosa,Porcelain Berry,light,It does not grow in heavily shaded areas.,"It does not grow in permanently wet soils or heavily shaded areas, and is not typically found in the interiors of mature forests.",supported,
gemma4:26b,Ampelopsis glandulosa,Porcelain Berry,ground,It does not grow in permanently wet soils.,"It does not grow in permanently wet soils or heavily shaded areas, and is not typically found in the interiors of mature forests.",supported,
gemma4:26b,Ampelopsis glandulosa,Porcelain Berry,nearby,It can climb over larger plants.,"Invasive porcelain berry tends to shade out and kill shrubs and younger trees, and larger growths will climb over larger plants, cover them, and potentially kill by blocking sunlight.",supported,"climbing habit, not a place"
gemma4:26b,Ampelopsis glandulosa,Porcelain Berry,edges,Look at forest edges.,"Porcelainberry grows primarily in marginal habitats such as forest edges, pond margins, stream banks, thickets, and other areas of full sunlight to partial shade.",supported,
gemma4:26b,Diospyros virginiana,American persimmon,place,The tree grows in the wild.,The tree grows in the wild but has been cultivated for its fruit and wood since prehistoric times by Native Americans.,supported,quote says wild; no search value
gemma4:26b,Diospyros virginiana,American persimmon,ground,"Look in sandy, well-drained soil.","The tree prefers light, sandy, well-drained soil, but will grow in rich southern bottom lands.",supported,
gemma4:26b,Platanus occidentalis,American sycamore,place,It lives in many kinds of habitats.,"It can be found in a variety of habitats, but it prefers wetlands and riparian environments.",supported,vague; drops the wetland preference
gemma4:26b,Platanus occidentalis,American sycamore,ground,It grows well in wet environments.,"American sycamore is found most commonly in bottomland or floodplain areas, thriving in the wet environments provided by rivers, streams, or abundant groundwater, though it will die after being flooded for more than two weeks at a time.",supported,
gemma4:26b,Vitis rotundifolia,muscadine,ground,It grows in sandy or alluvial soil.,Muscadines grow best in fertile sandy loam and alluvial soils.,supported,
gemma4:26b,Vitis rotundifolia,muscadine,ground,Look in well-drained bottom lands.,They grow wild in well-drained bottom lands that are not subject to extended drought or waterlogging.,supported,
gemma4:26b,Pueraria montana,kudzu,place,Look in forest regrowth.,"Although kudzu prefers forest regrowth and edge habitats with high sun exposure, the plant can survive in full sun or partial shade.",supported,
gemma4:26b,Pueraria montana,kudzu,light,It likes high sun exposure.,"Although kudzu prefers forest regrowth and edge habitats with high sun exposure, the plant can survive in full sun or partial shade.",supported,
gemma4:26b,Pueraria montana,kudzu,ground,It can grow in poor soils.,"The species can fix atmospheric nitrogen, which can supply up to 95% of leaf nitrogen to the plant in poor soils.",overreach,fixes nitrogen in poor soil is not grows well there
gemma4:26b,Pueraria montana,kudzu,nearby,"It grows on trees, cliffs, or walls.","It is a seasonal climbing plant, growing high where suitable surfaces (trees, cliffs, walls) are available, and also growing as ground cover where there are no vertical surfaces.",supported,
gemma4:26b,Pueraria montana,kudzu,edges,Look in edge habitats.,"Although kudzu prefers forest regrowth and edge habitats with high sun exposure, the plant can survive in full sun or partial shade.",supported,vague
gemma4:26b,Cercis canadensis,eastern redbud,place,Find it in parks and gardens.,"Cercis canadensis is grown in parks and gardens, with several cultivars being available.",supported,cultivated in parks and gardens
gemma4:26b,Cercis canadensis,eastern redbud,place,Look in mixed forests and hedgerows.,"In the wild, eastern redbud is a frequent native understory tree in mixed forests and hedgerows.",supported,
gemma4:26b,Quercus nigra,water oak,place,You can find it in lowlands.,It occurs in lowlands and up to in elevation.,supported,
gemma4:26b,Quercus nigra,water oak,place,Look in old fields.,"It grows in sandy soils, red clays, and old fields to the borders of swamps, streams, to bottomlands.",supported,
gemma4:26b,Quercus nigra,water oak,light,It does not like even light shade.,It does not compete well and does not tolerate even light shade.,supported,
gemma4:26b,Quercus nigra,water oak,ground,It can grow in sandy soils or red clays.,"It grows in sandy soils, red clays, and old fields to the borders of swamps, streams, to bottomlands.",supported,
gemma4:26b,Albizia julibrissin,Persian silk tree,place,You can find it in parks and gardens.,"julibrissin is widely planted as an ornamental plant in parks and gardens, grown for its fine leaf texture, flowers and attractive horizontal canopy.",supported,planted in parks and gardens
gemma4:26b,Albizia julibrissin,Persian silk tree,place,Look in dry plains or sandy valleys.,"In the wild, the tree tends to grow in dry plains, sandy valleys, and uplands.",supported,
gemma4:26b,Albizia julibrissin,Persian silk tree,light,It can thrive in full sun.,"Other positive attributes are a fast growth rate, low water requirements and the ability to thrive planted in full sun in hot summer climates.",supported,
gemma4:26b,Albizia julibrissin,Persian silk tree,ground,It grows in dry plains and sandy valleys.,"In the wild, the tree tends to grow in dry plains, sandy valleys, and uplands.",supported,
gemma4:26b,Chimaphila maculata,striped wintergreen,place,Search in woodlands or oak-pine woods.,"It can typically be found in sandy habitats, well-drained upland forests, wooded slopes, oak-pine woods, old-growth forests, and similar mesic habitats and woodlands.",supported,
gemma4:26b,Chimaphila maculata,striped wintergreen,light,Look in the shade.,It is very tolerant of acidic soil and shade.,overreach,"tolerant of shade, not likes shade"
gemma4:26b,Chimaphila maculata,striped wintergreen,ground,Look in sandy habitats.,"It can typically be found in sandy habitats, well-drained upland forests, wooded slopes, oak-pine woods, old-growth forests, and similar mesic habitats and woodlands.",supported,
gemma4:26b,Rhus copallinum,shining sumac,place,Look in maritime forests or coastal grasslands.,"Rhus copallinum can tolerate exposure to salt spray in maritime forests and coastal grasslands; it can grow in serpentine soil and shallow, rocky soil.",overreach,"tolerates salt spray there, not lives there"
gemma4:26b,Rhus copallinum,shining sumac,light,It grows in full sun or part shade.,The tree grows in full sun or part shade.,supported,
gemma4:26b,Rhus copallinum,shining sumac,ground,It likes well-drained soils.,"This species grows best in full sunlight and well-drained soils, but is resistant to the effects of pollution, drought, heavy pruning, compacted soil, and transplanting.",supported,
gemma4:26b,Solidago altissima,tall goldenrod,edges,Look where humans have disturbed the land.,It is common in much of its range and fairly tolerant of landscapes which have been disturbed by humans.,supported,
gemma4:26b,Ilex cornuta,Chinese holly,place,Look along mountain ridges.,The shrub can be found between 150 and 600 meters elevation and along mountain ridges that have full sun.,supported,
gemma4:26b,Ilex cornuta,Chinese holly,light,It grows in sun or shade.,Ilex cornuta and its cultivars will tolerate a wide variety of soils and will grow in sun or shade.,supported,
gemma4:26b,Ilex cornuta,Chinese holly,light,It can grow in full sun.,It can be grown in partial and full sun and is tolerant of the heat and humidity.,supported,
gemma4:26b,Ilex cornuta,Chinese holly,ground,It does not like poorly drained soil.,Ilex cornuta is tolerant of most soils except those that are poorly drained.,supported,
