model,scientific,common,aspect,slot,hint,evidence,source,issues,picked
gemma4:26b,Conoclinium coelestinum,blue mistflower,place,1,Look in wood edges or clearings.,"This species prefers moist soils and can be found in wood edges, sandy woodlands and clearings, wet meadows and stream banks.",model,,True
gemma4:26b,Conoclinium coelestinum,blue mistflower,place,2,Look in wet meadows or stream banks.,"This species prefers moist soils and can be found in wood edges, sandy woodlands and clearings, wet meadows and stream banks.",model,water; repeats an earlier quote,False
gemma4:26b,Conoclinium coelestinum,blue mistflower,light,1,It grows in shade or full sun.,It can thrive in a variety of light conditions ranging from shade to full sun.,model,,False
gemma4:26b,Conoclinium coelestinum,blue mistflower,ground,1,It likes moist soils.,"This species prefers moist soils and can be found in wood edges, sandy woodlands and clearings, wet meadows and stream banks.",model,,True
gemma4:26b,Conoclinium coelestinum,blue mistflower,ground,2,It can grow in wet soils.,"It is recommended for habitat restoration within its native range, especially in wet soils.",model,,True
gemma4:26b,Callicarpa americana,American beautyberry,place,1,Look in gardens and yards.,"Callicarpa americana, commonly called the American beautyberry, is an open-habitat, native shrub of the Southern United States which is often grown as an ornamental in gardens and yards.",model,,True
gemma4:26b,Callicarpa americana,American beautyberry,ground,1,"Look on ground that drains well, not soggy.",USDA AnaerobicSoilTolerance 260413007 (Callicarpa americana),usda,,True
gemma4:26b,Liquidambar styraciflua,American sweetgum,place,1,You can find it in the forest.,"Sweetgum is one of the main valuable forest trees in the southeastern United States, and is a popular ornamental tree in temperate climates.",model,,True
gemma4:26b,Liquidambar styraciflua,American sweetgum,light,1,It does not grow well in shady areas.,"Also, the American sweetgum tree does not grow well in shady areas.",model,,True
gemma4:26b,Liquidambar styraciflua,American sweetgum,ground,1,"It likes moist, acidic loam or clay soil.","The species grows best in moist, acidic loam or clay soil, and tolerates poor drainage.",model,,True
gemma4:26b,Liquidambar styraciflua,American sweetgum,nearby,1,It grows with willow oak and sweetbay magnolia.,It typically grows with other coastal plain species such as willow oak and sweetbay magnolia.,model,,False
gemma4:26b,Magnolia grandiflora,southern magnolia,place,1,Look in subtropical forests.,"Although endemic to the evergreen lowland subtropical forests on the Gulf and South Atlantic coastal plain, M.",model,,True
gemma4:26b,Magnolia grandiflora,southern magnolia,light,1,It can be found in shady areas.,"In Florida, it is found in a number of different ecological areas that are typically shady and have well-draining soils; it is also found in hummocks, along ravines, on slopes, and in wooded floodplains.",model,,True
gemma4:26b,Magnolia grandiflora,southern magnolia,ground,1,It likes soils that drain well.,"In Florida, it is found in a number of different ecological areas that are typically shady and have well-draining soils; it is also found in hummocks, along ravines, on slopes, and in wooded floodplains.",model,,True
gemma4:26b,Magnolia grandiflora,southern magnolia,nearby,1,It grows near sweetgum trees.,"The tree is found on the edges of bodies of water and swamps, in association with sweetgum (Liquidambar styraciflua), water oak (Quercus nigra), and black tupelo (Nyssa sylvatica).",model,,False
gemma4:26b,Magnolia grandiflora,southern magnolia,nearby,2,It grows near live oaks.,"It grows on sandhills in maritime forests, where it is found growing with live oaks and saw palmetto (Serenoa repens).",model,,False
gemma4:26b,Magnolia grandiflora,southern magnolia,edges,1,Look on the edges of water or swamps.,"The tree is found on the edges of bodies of water and swamps, in association with sweetgum (Liquidambar styraciflua), water oak (Quercus nigra), and black tupelo (Nyssa sylvatica).",model,water,False
gemma4:26b,Liriodendron tulipifera,American tuliptree,place,1,Look in temperate deciduous forests.,"Today the tulip tree is one of the largest and most valuable hardwoods of eastern North America, thriving in temperate deciduous forests east of the Mississippi River.",model,,True
gemma4:26b,Liriodendron tulipifera,American tuliptree,light,1,It does not like shade.,Liriodendron tulipifera is generally considered to be a shade-intolerant species that is most commonly associated with the first century of forest succession.,model,,False
gemma4:26b,Liriodendron tulipifera,American tuliptree,ground,1,"It likes deep, rich, and moist soil.","It prefers deep, rich, and rather moist soil; it is common throughout the Southern United States.",model,,True
gemma4:26b,Liriodendron tulipifera,American tuliptree,ground,2,"It likes moist, well-drained soils.","It prefers mesic to moist, well-drained soils and is generally most common at low to mid-elevations, for example usually not found above 3000 ft (900m) elevation in Virginia.",model,,True
gemma4:26b,Liriodendron tulipifera,American tuliptree,nearby,1,"You can find it in streets, parks, and large gardens.","It was introduced into Great Britain before 1688 in Bishop Compton's garden at Fulham Palace and is now a popular ornamental in streets, parks, and large gardens.",model,road,False
gemma4:26b,Polystichum acrostichoides,Christmas fern,place,1,"Look in woodlands, stream banks, or on rocky slopes.","It is one of the most common ferns in eastern North America, being found in moist and shady habitats in woodlands, stream banks and rocky slopes.",model,water,False
gemma4:26b,Polystichum acrostichoides,Christmas fern,light,1,It lives in shady habitats.,"It is one of the most common ferns in eastern North America, being found in moist and shady habitats in woodlands, stream banks and rocky slopes.",model,,True
gemma4:26b,Polystichum acrostichoides,Christmas fern,ground,1,It likes moist habitats.,"It is one of the most common ferns in eastern North America, being found in moist and shady habitats in woodlands, stream banks and rocky slopes.",model,,True
gemma4:26b,Fagus grandifolia,American beech,place,1,You can find it in forests.,The tree is shade tolerant and typically found in forests when the site is at its climax.,model,,True
gemma4:26b,Fagus grandifolia,American beech,light,1,It can grow in the shade.,The tree is shade tolerant and typically found in forests when the site is at its climax.,model,,False
gemma4:26b,Fagus grandifolia,American beech,ground,1,"Look on moist, well-drained slopes.","Although sometimes found in pure stands, it is more often associated with sugar maple (forming the beech–maple climax community), yellow birch, and eastern hemlock, typically on moist, well-drained slopes and rich bottomlands.",model,,True
gemma4:26b,Fagus grandifolia,American beech,ground,2,It likes a well-watered spot.,"American beech favors a well-watered, but also well-drained spot and is intolerant of urban pollution, salt, and soil compaction.",model,,True
gemma4:26b,Fagus grandifolia,American beech,nearby,1,It grows near sugar maples.,"Although sometimes found in pure stands, it is more often associated with sugar maple (forming the beech–maple climax community), yellow birch, and eastern hemlock, typically on moist, well-drained slopes and rich bottomlands.",model,,False
gemma4:26b,Erechtites hieraciifolius,American burnweed,place,1,It grows well in urban areas.,It also grows well in urban areas and around humans.,model,,True
gemma4:26b,Erechtites hieraciifolius,American burnweed,ground,1,It prefers moist sites.,It prefers moist sites but can handle gravelly soil and some degree of dry conditions.,model,,True
gemma4:26b,Erechtites hieraciifolius,American burnweed,ground,2,It can handle gravelly soil.,It prefers moist sites but can handle gravelly soil and some degree of dry conditions.,model,repeats an earlier quote,False
gemma4:26b,Erechtites hieraciifolius,American burnweed,nearby,1,Look near a tree tip-up mound.,"It grows in disturbed soil in almost any habitat except those that are extremely xeric, responding to even small disturbances such as a tree tip-up mound.",model,,True
gemma4:26b,Erechtites hieraciifolius,American burnweed,edges,1,Look where there is disturbed soil.,"It grows in disturbed soil in almost any habitat except those that are extremely xeric, responding to even small disturbances such as a tree tip-up mound.",model,,False
gemma4:26b,Ampelopsis glandulosa,Porcelain Berry,place,1,Look in old fields or near roadsides.,"Porcelain berry is often found in disturbed areas such as roadsides, old fields, and floodplains where sunlight is abundant.",model,road,False
gemma4:26b,Ampelopsis glandulosa,Porcelain Berry,place,2,Look near thickets or stream banks.,"Porcelainberry grows primarily in marginal habitats such as forest edges, pond margins, stream banks, thickets, and other areas of full sunlight to partial shade.",model,water,False
gemma4:26b,Ampelopsis glandulosa,Porcelain Berry,light,1,It likes full sunlight to partial shade.,"Porcelainberry grows primarily in marginal habitats such as forest edges, pond margins, stream banks, thickets, and other areas of full sunlight to partial shade.",model,,True
gemma4:26b,Ampelopsis glandulosa,Porcelain Berry,light,2,It does not grow in heavily shaded areas.,"It does not grow in permanently wet soils or heavily shaded areas, and is not typically found in the interiors of mature forests.",model,,True
gemma4:26b,Ampelopsis glandulosa,Porcelain Berry,ground,1,It does not grow in permanently wet soils.,"It does not grow in permanently wet soils or heavily shaded areas, and is not typically found in the interiors of mature forests.",model,,True
gemma4:26b,Ampelopsis glandulosa,Porcelain Berry,nearby,1,It can climb over larger plants.,"Invasive porcelain berry tends to shade out and kill shrubs and younger trees, and larger growths will climb over larger plants, cover them, and potentially kill by blocking sunlight.",model,,False
gemma4:26b,Ampelopsis glandulosa,Porcelain Berry,edges,1,Look at forest edges.,"Porcelainberry grows primarily in marginal habitats such as forest edges, pond margins, stream banks, thickets, and other areas of full sunlight to partial shade.",model,,False
gemma4:26b,Diospyros virginiana,American persimmon,place,1,The tree grows in the wild.,The tree grows in the wild but has been cultivated for its fruit and wood since prehistoric times by Native Americans.,model,,True
gemma4:26b,Diospyros virginiana,American persimmon,light,1,"It can grow in shade, like under trees.",USDA ShadeTolerance PATO_0002393 (Diospyros virginiana),usda,,True
gemma4:26b,Diospyros virginiana,American persimmon,ground,1,"Look in sandy, well-drained soil.","The tree prefers light, sandy, well-drained soil, but will grow in rich southern bottom lands.",model,,True
gemma4:26b,Diospyros virginiana,American persimmon,ground,2,It grows in rich southern bottom lands.,"The tree prefers light, sandy, well-drained soil, but will grow in rich southern bottom lands.",model,repeats an earlier quote,False
gemma4:26b,Platanus occidentalis,American sycamore,place,1,It lives in many kinds of habitats.,"It can be found in a variety of habitats, but it prefers wetlands and riparian environments.",model,,True
gemma4:26b,Platanus occidentalis,American sycamore,ground,1,It likes wetlands and riparian areas.,"In its native range, it is often found in riparian and wetland areas.",model,water,False
gemma4:26b,Platanus occidentalis,American sycamore,ground,2,It grows well in wet environments.,"American sycamore is found most commonly in bottomland or floodplain areas, thriving in the wet environments provided by rivers, streams, or abundant groundwater, though it will die after being flooded for more than two weeks at a time.",model,,True
gemma4:26b,Vitis rotundifolia,muscadine,ground,1,It grows in sandy or alluvial soil.,Muscadines grow best in fertile sandy loam and alluvial soils.,model,,True
gemma4:26b,Vitis rotundifolia,muscadine,ground,2,Look in well-drained bottom lands.,They grow wild in well-drained bottom lands that are not subject to extended drought or waterlogging.,model,,True
gemma4:26b,Pueraria montana,kudzu,place,1,Look in forest regrowth.,"Although kudzu prefers forest regrowth and edge habitats with high sun exposure, the plant can survive in full sun or partial shade.",model,,True
gemma4:26b,Pueraria montana,kudzu,light,1,It likes high sun exposure.,"Although kudzu prefers forest regrowth and edge habitats with high sun exposure, the plant can survive in full sun or partial shade.",model,,True
gemma4:26b,Pueraria montana,kudzu,light,2,It can live in full sun or partial shade.,"Although kudzu prefers forest regrowth and edge habitats with high sun exposure, the plant can survive in full sun or partial shade.",model,repeats an earlier quote,False
gemma4:26b,Pueraria montana,kudzu,ground,1,It can grow in poor soils.,"The species can fix atmospheric nitrogen, which can supply up to 95% of leaf nitrogen to the plant in poor soils.",model,,True
gemma4:26b,Pueraria montana,kudzu,nearby,1,"It grows on trees, cliffs, or walls.","It is a seasonal climbing plant, growing high where suitable surfaces (trees, cliffs, walls) are available, and also growing as ground cover where there are no vertical surfaces.",model,,False
gemma4:26b,Pueraria montana,kudzu,edges,1,Look in edge habitats.,"Although kudzu prefers forest regrowth and edge habitats with high sun exposure, the plant can survive in full sun or partial shade.",model,,False
gemma4:26b,Cercis canadensis,eastern redbud,place,1,Find it in parks and gardens.,"Cercis canadensis is grown in parks and gardens, with several cultivars being available.",model,,True
gemma4:26b,Cercis canadensis,eastern redbud,place,2,Look in mixed forests and hedgerows.,"In the wild, eastern redbud is a frequent native understory tree in mixed forests and hedgerows.",model,,True
gemma4:26b,Cercis canadensis,eastern redbud,light,1,"It can grow in shade, like under trees.",USDA ShadeTolerance PATO_0002393 (Cercis canadensis),usda,,False
gemma4:26b,Cercis canadensis,eastern redbud,ground,1,"Look on ground that drains well, not soggy.",USDA AnaerobicSoilTolerance 260413007 (Cercis canadensis),usda,,True
gemma4:26b,Quercus nigra,water oak,place,1,You can find it in lowlands.,It occurs in lowlands and up to in elevation.,model,,True
gemma4:26b,Quercus nigra,water oak,place,2,Look in old fields.,"It grows in sandy soils, red clays, and old fields to the borders of swamps, streams, to bottomlands.",model,,True
gemma4:26b,Quercus nigra,water oak,light,1,It does not like even light shade.,It does not compete well and does not tolerate even light shade.,model,,False
gemma4:26b,Quercus nigra,water oak,ground,1,"It lives in wet, swampy areas.","It is adapted to wet, swampy areas, such as along ponds and stream banks, but can also tolerate well-drained sites and even heavy, compacted soils.",model,water,False
gemma4:26b,Quercus nigra,water oak,ground,2,It can grow in sandy soils or red clays.,"It grows in sandy soils, red clays, and old fields to the borders of swamps, streams, to bottomlands.",model,,True
gemma4:26b,Quercus nigra,water oak,nearby,1,It grows near ponds and stream banks.,"It is adapted to wet, swampy areas, such as along ponds and stream banks, but can also tolerate well-drained sites and even heavy, compacted soils.",model,water,False
gemma4:26b,Albizia julibrissin,Persian silk tree,place,1,You can find it in parks and gardens.,"julibrissin is widely planted as an ornamental plant in parks and gardens, grown for its fine leaf texture, flowers and attractive horizontal canopy.",model,,True
gemma4:26b,Albizia julibrissin,Persian silk tree,place,2,Look in dry plains or sandy valleys.,"In the wild, the tree tends to grow in dry plains, sandy valleys, and uplands.",model,,True
gemma4:26b,Albizia julibrissin,Persian silk tree,light,1,It can thrive in full sun.,"Other positive attributes are a fast growth rate, low water requirements and the ability to thrive planted in full sun in hot summer climates.",model,,False
gemma4:26b,Albizia julibrissin,Persian silk tree,ground,1,It grows in dry plains and sandy valleys.,"In the wild, the tree tends to grow in dry plains, sandy valleys, and uplands.",model,,True
gemma4:26b,Chimaphila maculata,striped wintergreen,place,1,Search in woodlands or oak-pine woods.,"It can typically be found in sandy habitats, well-drained upland forests, wooded slopes, oak-pine woods, old-growth forests, and similar mesic habitats and woodlands.",model,,True
gemma4:26b,Chimaphila maculata,striped wintergreen,light,1,Look in the shade.,It is very tolerant of acidic soil and shade.,model,,True
gemma4:26b,Chimaphila maculata,striped wintergreen,ground,1,Look in sandy habitats.,"It can typically be found in sandy habitats, well-drained upland forests, wooded slopes, oak-pine woods, old-growth forests, and similar mesic habitats and woodlands.",model,,True
gemma4:26b,Rhus copallinum,shining sumac,place,1,Look in maritime forests or coastal grasslands.,"Rhus copallinum can tolerate exposure to salt spray in maritime forests and coastal grasslands; it can grow in serpentine soil and shallow, rocky soil.",model,,True
gemma4:26b,Rhus copallinum,shining sumac,light,1,It grows in full sun or part shade.,The tree grows in full sun or part shade.,model,,True
gemma4:26b,Rhus copallinum,shining sumac,ground,1,It likes well-drained soils.,"This species grows best in full sunlight and well-drained soils, but is resistant to the effects of pollution, drought, heavy pruning, compacted soil, and transplanting.",model,,True
gemma4:26b,Rhus copallinum,shining sumac,edges,1,You might see it along interstate highways.,"The fall color display is frequently enjoyed along interstate highways, as the plant readily colonizes these and other disturbed sites.",model,road,False
gemma4:26b,Solidago altissima,tall goldenrod,edges,1,Look where humans have disturbed the land.,It is common in much of its range and fairly tolerant of landscapes which have been disturbed by humans.,model,,True
gemma4:26b,Ilex cornuta,Chinese holly,place,1,Look along mountain ridges.,The shrub can be found between 150 and 600 meters elevation and along mountain ridges that have full sun.,model,,True
gemma4:26b,Ilex cornuta,Chinese holly,light,1,It grows in sun or shade.,Ilex cornuta and its cultivars will tolerate a wide variety of soils and will grow in sun or shade.,model,,True
gemma4:26b,Ilex cornuta,Chinese holly,light,2,It can grow in full sun.,It can be grown in partial and full sun and is tolerant of the heat and humidity.,model,,False
gemma4:26b,Ilex cornuta,Chinese holly,ground,1,It does not like poorly drained soil.,Ilex cornuta is tolerant of most soils except those that are poorly drained.,model,,True
