row,aspect,hint,evidence
Cornus canadensis,place,Look in coniferous forests.,"It inhabits montane and boreal coniferous forests, where it is found growing along the margins of moist woods, on old tree stumps, in mossy areas, and among other open and moist habitats."
Berberis aquifolium,ground,It can grow in poor soils.,"It is resistant to summer drought, tolerates poor soils, and does not create excessive leaf litter."
Juniperus californica,ground,It can grow on dry slopes.,"It is very tolerant of alkali soil, and can provide erosion control on dry slopes."
Clematis paniculata,place,Look in forests.,"paniculata is the most common of these, and is widespread in forests throughout the country."
Trillium ovatum,place,Look in coniferous and mixed forests.,"It is often found growing in coniferous and mixed coniferous-deciduous forests, in and around alder thickets and shrubs."
Schefflera digitata,ground,It likes damp areas.,"It prefers damp, shady parts of the forest and is common along stream banks."
Stachys sylvatica,light,It grows in dappled shade.,"It grows in dappled shade at the edge of woods, in hedgerows and on rough ground."
Polemonium pulcherrimum,ground,It grows in rock cracks.,"It is native to western North America from Alaska and Yukon to Arizona and New Mexico, where it can be found in many types of mountain habitat, including alpine talus and rock cracks at high elevations."
Frasera speciosa,place,It grows in the mountains.,"It grows in the mountains of the Pacific Coast states of California and Oregon, and also grows in Yakima County, Washington."
Carya illinoinensis,ground,"They like moist, well-drained, rich soils.","illinoinensis grows on soils that are not subject to frequent flooding, preferring moist, well-drained, rich soils."
Tipularia discolor,place,Search in deciduous forests.,"Tipularia discolor can be found in deciduous forests and relies on humus-rich soils, a result of decaying trees, to germinate and develop."
Anacamptis pyramidalis,ground,It can grow on very alkaline soil.,It can even grow on very alkaline soil.
Potentilla recta,edges,Check along hedgerows.,"Its natural habitat is arable fields, gardens, banks, hedgerows, wasteland, logging clearings, loading areas and occasionally shores."
Rubus flagellaris,place,Look in abandoned fields or meadows.,"flagellaris grows in a wide range of habitats including mesic to dry savannas and sandy savannas, abandoned fields, meadows in wooded areas, and woodland borders."
Abronia umbellata,ground,"It grows in sandy, well-drained soil.","This plant is generally found in sandy, well-drained soil in areas with low precipitation, it can become a striking carpet-like groundcover in undisturbed areas after winter rains."
Saponaria ocymoides,ground,Look in dry soil.,"Saponaria ocymoides is cultivated as an ornamental plant for rock gardens and dry stone walls, in well-drained alkaline or neutral soil in full sun."
Lepidium campestre,place,Look in crops or waste places.,"Field pepperweed grows in disturbed land, crops, and waste places."
Halleria lucida,edges,Look at forest fringes.,"Its natural habitats include deep afro-montane forest, forest fringes, open mountain slopes, gorges and river banks."
Celtis reticulata,ground,It grows in rocky sites.,The species grows in alluvial soils and rocky sites far above the water line.
Nyssa sylvatica,place,It can be found in a woodland habitat.,"Nyssa sylvatica genus name, Nyssa, refers to a Greek water nymph; the species epithet sylvatica refers to its woodland habitat."
Andropogon virginicus,ground,It can grow in poor soil.,"This broomsedge bunchgrass is typically low in nutrients, so it is generally not browsed by deer or livestock, unless new growth is present."
Alnus serrulata,place,Look on hills.,It can also be found growing on hills.
Amelanchier alnifolia,ground,It likes most soil types.,Saskatoons are adaptable to most soil types with exception of poorly drained or heavy clay soils lacking organic matter.
Acer platanoides,light,It can grow in low light under trees.,"The tree is also capable of growing in low lighting conditions within a forest canopy, leafs out earlier than most North American maple species, and its growing season tends to run longer as the lighting conditions of the United States (see above) result in fall dormancy occurring later than it does in the higher latitude of Europe."
Polygala nana,place,Look in meadows or coniferous woodlands.,It grows in moist soil in meadows or coniferous woodlands.
Gaultheria depressa,light,It likes part shade.,It prefers well-drained acidic soil in part shade.
Rhopalostylis sapida,place,Look in coastal and lowland forest.,"Its natural range is coastal and lowland forest on the North Island, and on the South Island as far south as Ōkārito (43°20′S) in the west and Banks Peninsula (43°5′S) in the east."
Anaphalis margaritacea,ground,"It likes dry, sandy soil.","They prefer a well drained soil, somewhat sandy and dry and with less organic matter."
Xylorhiza tortifolia,place,Find it in canyons and washes.,"It grows in arid canyons and bajadas/washes, from in elevation."
Geranium robertianum,ground,It likes moist neutral soils.,"Its Ellenberg values in Britain are L=5, N=6, F=6, R=6 and S=0, which means that it typically grows in places with light shade, moist neutral soils with moderate fertility and no salinity."
Sabal palmetto,place,Look on the coastal plain.,It is extremely salt-tolerant and is often seen growing on the coastal plain and along the coast of the Atlantic Ocean and the Gulf of Mexico.
Trillium recurvatum,place,Look in forests and savannas.,"It grows in mesic forests and savannas, often in calcareous soils."
Heracleum sphondylium,place,Look in woods or meadows.,"The plant is common in grassland, herb-rich meadows, in hedges, meadows and woods, road verges and railway embankments, waste and cultivated ground."
Penstemon digitalis,ground,"It grows in moist, sandy soil.","The plant grows in moist, sandy soil in full sun in meadows, prairies, fields, wood margins, open woods and along railroad tracks."
Helianthus annuus,place,Look in dry open areas and foothills.,They often appear on dry open areas and foothills.
Gentiana cruciata,place,Look in pastures or grasslands.,"This plant prefers dry calcareous soil in forest edges, bushy slopes, pastures, grasslands and dry meadows, at an altitude of above sea level."
Silene flos-cuculi,ground,Look in wet areas.,"The species is native to Europe and Asia, where it is found along roads and in wet meadows and pastures."
Maianthemum canadense,place,You can find it in the forest understory.,"Primarily a boreal forest understory species, but also found at low elevation sites in the Rocky Mountains, to 1800 m."
Alnus incana,ground,It can also grow on stony slopes.,"However, it does not require moist soil, and will also colonize screes and shallow stony slopes."
Quercus velutina,ground,"It likes well drained, silty clay to loam soils.","Black oak grows best on well drained, silty clay to loam soils."
Ceanothus prostratus,ground,It lives in dry forest ecosystems.,It also inhabits open flats and ridges in areas of low chaparral as well as dry interior forest ecosystems.
Epipactis helleborine,place,You can find it in parks and gardens.,"Epipactis helleborine is known for its successful colonization of human-made or anthropogenic habitats such as parks, gardens or roadsides."
Melilotus indicus,ground,It can grow in salty ground.,"Melilotus indicus has been identified as halophyte, maintaining high germination and growth rates in saline substrates."
Clintonia uniflora,nearby,It grows near western red cedar trees.,"uniflora occurs in many forest types but it prefers a cool moist coniferous forest consisting of western red cedar (Thuja plicata), western hemlock (Tsuga heterophylla), grand fir (Abies grandis), subalpine fir (Abies lasiocarpa), and Pacific silver fir (Abies amabilis)."
Pachycereus pecten-aboriginum,place,Look in canyons or valleys.,It grows on flat land and hills and in canyons.
Ulex europaeus,place,"Look in sunny, open locations.","This plant is used for hedging, boundary definition and groundcover in suitably sunny, open locations."
Vaccinium stamineum,ground,"It likes acidic, well-drained soils.","It grows in acidic, well-drained soils."
Erigeron bonariensis,place,It grows in parks and gardens.,"It is widespread throughout Australia, where it thrives on roadsides, fallows, pastures, gardens, lawns, footpaths, parks, riparian vegetation, forest and wetland perimeters, waste dumps and disturbed grounds."
Mirabilis multiflora,ground,It grows in mostly dry habitat types.,"Mirabilis multiflora is a species of flowering plant in the four o'clock family known by the common names Colorado four-o'clock or desert four-o'clock that is native to the southwestern United States from California to Colorado and Texas, as well as far northern Mexico, where it grows in mostly dry habitat types in a number of regions."
Lycopodium deuterodensum,ground,It grows on sandy soils.,"It is found in a wide variety of situations, often in high rainfall areas on sandy soils."
Tsuga mertensiana,place,Look in forests on sheltered slopes or in draws.,"Mountain hemlock will grow on most landforms, but individuals typically develop best in mixed stands of forest on sheltered slopes or in draws."
Vaccinium angustifolium,place,Check wooded areas or old farmyards.,"This plant grows best in wooded areas, old abandoned farmyards or open areas with well-drained acidic soils."
Protea cynaroides,place,It lives in the fynbos habitat.,"These enhance solubilisation of nutrients, thus allowing nutrient uptake in the low-nutrient, phosphorus-deficient soils of its native fynbos habitat."
Antigonon leptopus,ground,It likes sandy soil.,"This species occupies a variety of habitats, but prefers sandy soils and is intolerant of shade."
Tetragonia tetragonoides,ground,It grows well in saline ground.,It is a halophyte and grows well in saline ground.
Hylodesmum nudiflorum,place,Search in mature mesic oak forests.,"nudiflorum is most typically seen in mature mesic oak forests, which is dominated by the Northern red oak and basswood, and can also contain white oak and black cherry trees."
Punica granatum,place,Look in parks and gardens.,"granatum is grown for its fruit crop, and as ornamental trees and shrubs in parks and gardens."
Quercus rotundifolia,ground,It can grow in many kinds of soils.,"It grows in a variety of soils and is indifferent to variations in edaphic conditions, persisting in soils with pH from six to eight."
Echinocactus horizonthalonius,place,Look in Chihuahuan Desert habitats.,"horizonthalonius, can be found in Chihuahuan Desert habitats, from Arizona, through New Mexico, into Texas and Northeastern Mexico."
Pinus resinosa,ground,It likes soil that drains well.,"It is extremely intolerant of shade, but does well in windy sites; it grows best in well-drained soil."
Platanthera aquilonis,ground,Look in wet forests.,"This species can be found in a very large range of habitats including meadows, marshes, fens, the tundra, along stream banks and roadsides, as well as in wet deciduous forests."
Cardamine concatenata,place,You can find it in rich woods.,"It occupies rich deciduous forest habitats such as rich woods, wooded bottomlands, limestone outcrops, and rocky banks and bluffs."
Salix alba,ground,It grows in wet soil.,"Like all willows, Salix alba is usually to be found in wet or poorly-drained soil at the edge of pools, lakes or rivers."
Vaccinium vitis-idaea,ground,"It likes constantly moist, acidic soil.","It prefers some shade (as from a forest canopy) and constantly moist, acidic soil."
Chaenactis douglasii,place,"It grows in rock fields, scrubland, and desert.","It grows in a wide variety of habitats, including harsh environments such as rock fields in alpine climates in the Sierra Nevada, east of the crest of the Cascade Range of Washington and Oregon, scrubland and desert, and disturbed areas such as roadsides."
Dipsacus fullonum,place,You might see them in gardens.,Teasels are often grown in gardens and encouraged on some nature reserves to attract them.
Viola pedunculata,place,Look on grassy slopes or in oak woodlands.,"The plant grows on open, grassy slopes, in chaparral habitats, and in oak woodlands, from sea level to around ."
Protea caffra,ground,It likes well-drained soils.,"It prefers poor, quartzitic, acidic soils, but is equally at home on a wide variety of well-drained soils and has even been found on alkaline dolomitic soils."
Pittosporum eugenioides,place,Look in low lying forests.,Pittosporum eugenioides is found throughout the South Island and North Island in low lying forests.
Trachelospermum jasminoides,light,It can grow in full sun or shade.,"It will flower in full sun, partial shade, or total shade, and requires well-drained soil (if constantly kept damp it may succumb to fungal infection), moderate water, moderate fertilizer, and a climbing structure (whether a trellis or another plant is secondary)."
Andromeda polifolia,light,Garden ones grow in shade.,"Numerous cultivars have been developed for garden use, all of which require damp acid soil in shade."
Sphagneticola trilobata,ground,"It likes well-drained, moist soil.","It has a very wide ecological tolerance range, but grows best in sunny areas with well-drained, moist soil at low elevations."
Artemisia douglasiana,ground,It likes moist soils.,"The plant prefers direct sunlight and moist soils, but tolerates shady areas and dry soils."
Muehlenbeckia australis,place,Look in shrublands or regenerating vegetation.,"It is often found in disturbed environments, including shrublands and regenerating vegetation."
Protea cynaroides,ground,"It grows in dry, hot summers and wet, cold winters.","Protea cynaroides grows in a harsh environment with dry, hot summers and wet, cold winters."
Dryopteris marginalis,ground,Look in damp areas.,"Dryopteris marginalis, vernacularly known as the marginal shield fern or marginal wood fern, is a perennial species of fern found in damp shady areas throughout eastern North America, from Texas to Minnesota and Newfoundland."
Drosera intermedia,ground,It likes constantly moist habitats.,"Drosera intermedia grows in sunny, but constantly moist habitats including bogs, fens, wet sandy shorelines and wet meadows."
Ulmus laevis,place,It lives in alluvial forest.,"Endemic to alluvial forest, U."
Guilandina bonduc,ground,It grows on sand dunes.,"It typically grows near the coast, in scrub, on sand dunes and on the upper shore."
Adenocaulon bicolor,place,Look in moist woods and forests.,"American trailplant can be found in the understory of moist woods and forests, often near trails."
Eupatorium altissimum,edges,It grows in waste areas.,"It is a tall plant found in open woods, prairies, fields, and waste areas, with white flowers that bloom in the late summer and fall."
Helianthus tuberosus,ground,It likes moist habitats.,"However, Jerusalem artichoke prefers moist habitats and seems to be less tolerant of dry conditions."
Purshia stansburyana,place,"Look in woodlands, desert, or plateau habitat.","It is native to the southwestern United States and northern Mexico, where it grows in woodlands, desert, and plateau habitat."
Veronica scutellata,ground,Look in wet places.,"Its habitat is marshes, shores, water banks and a wide range of other wet places, particularly acidic."
Peniocereus greggii,nearby,It grows near desert scrub.,Plants grow in silty soil with desert scrub and plants such as Larrea divaricata and Neltuma glandulosa.
Phlox diffusa,ground,It likes dry hillsides.,Phlox diffusa prefers dry hillsides such as areas like rocky slopes and terrains such as alpine or sub-alpine or pumice fields.
Sideroxylon inerme,place,Look in coastal woodlands.,"Sideroxylon inerme trees are scattered through the coastal woodlands and littoral forests of southern and eastern Africa, from the Cape Provinces of South Africa in the south to Somalia in the north, and on Aldabra, the Comoro Islands, and the Mozambique Channel Islands in the western Indian Ocean."
Leucanthemum vulgare,place,Look in meadows and fields.,"It is a typical grassland perennial wildflower, growing in a variety of plant communities including meadows and fields, under scrub and open-canopy forests, and in disturbed areas."
Acalypha rhomboidea,place,Look in fields or forests.,"Three-seeded mercury can be found growing in moist to mesic black soil prairie, openings or lightly shaded areas of upland and floodplain forest, thickets, seeps, riverbanks and lake shores, limestone glades and bluffs, fields, fence rows, roadside and railroad right-of-ways, vacant lots, and waste areas."
Polystichum lonchitis,ground,It likes damp locations.,"It grows best in calcareous soil in cool, damp locations at the base of cliffs, on rock ledges and crevices, and among boulders and in deep cavities in limestone pavements."
Veronica hederifolia,place,Look in towns and villages.,"In Britain, it is mainly associated with inhabited areas, being common in towns and villages where it grows in gardens, hedges, road sides and on waste ground."
Coprosma repens,ground,It likes sandy soil that drains well.,"Although it prefers well-drained sandy soils, it can cope with heavier soils."
Viguiera dentata,ground,"It grows on dry, rocky soil.","In the US, wildflower gardeners appreciate Viguiera dentata because it is extremely drought-tolerant on various dry, calcareous soils."
Ferocactus wislizeni,place,Look along rocky ridges and open bajadas.,They are not associated with washes and arroyos but rather grow along rocky ridges and open bajadas.
Ribes rubrum,ground,It can grow in most types of soil.,Currant bushes prefer a level of sunlight ranging from partial to full and can grow in most types of soil.
Astragalus cicer,ground,It grows well in coarse soil.,"As such, it has been shown to proliferate in coarsely-textured soil."
Thalictrum dioicum,place,Look in woodland areas.,Plants are typically upright growing woodland natives from Colorado Rocky Mountain forests to central and eastern North America including parts of south eastern Canada.
Pinus monophylla,place,Look in open woodlands.,"It is widespread and often abundant in this region, forming extensive open woodlands, often mixed with junipers in the Pinyon-juniper woodland plant community."
Eupatorium hyssopifolium,edges,It grows in disturbed areas.,"It grows in moist soils and can be found in woodlands and oak savannas, pastures, fields, roadsides, and disturbed areas, over both acidic and calcareous substrates."
Uvularia grandiflora,place,Look in the woods.,Uvularia grandiflora is a woodland species found in open shade in rich moist woods with calcareous to neutral soils.
Quercus palustris,nearby,It grows with sweetgum trees.,"Pin oak is a major species in only one forest cover type, pin oak–sweetgum, which is found on bottom lands and some upland sites throughout the central portion of the pin oak range."
Thunbergia grandiflora,place,Look in forests or timberlands.,"It is commonly established in riversides, in forests (particularly along its boundaries and disturbed areas), in sparse timberlands, and along roadsides and fence lines."
Picea abies,ground,It likes acidic soils.,The Norway spruce tolerates acidic soils well but does not do well on dry or deficient soils.
Penstemon grandiflorus,ground,It likes soil that drains well.,"They require a well drained soil such as gravel, sand, sandy loam, or dry loam."
Abies lasiocarpa,place,Look in the mountains.,"The species is native to the mountains of Yukon, British Columbia and western Alberta in Western Canada; and to Southeast Alaska, Washington, Oregon, Idaho, Western Montana, Wyoming, Utah, Colorado, New Mexico, Arizona, northeastern Nevada, and the Trinity Alps of the Klamath Mountains in northwestern California in the Western United States."
Oxalis articulata,ground,It grows best in acid or light soils.,It grows best in acid or light soils.
Sibbaldiopsis tridentata,ground,It prefers dry and acidic soil.,"Sibbaldia tridentata prefers dry and acidic soil, usually on rocky or gravelly shores that have access to a lot of sun."
Anacamptis morio,ground,It grows in dry or wet meadows.,It can grow in dry or wet grazed meadows.
Halosaccion glandiforme,nearby,It may grow on algae.,"It may also grow on algae, including Corallina vancouveriensis and Neorhodomela larix."
Eclipta prostrata,ground,It grows in moist places.,It also grows commonly in moist places in warm temperate to tropical areas worldwide.
Elymus virginicus,light,It can grow in the shade.,"It is typically found in moister sites than Canadian wildrye, and will tolerate more shading."
Carpinus caroliniana,ground,It likes moist soil and loves deep moist soil.,"Common along the borders of streams and swamps, loves a deep moist soil."
Juniperus deppeana,ground,It grows on dry soils.,It grows at moderate elevations of on dry soils.
Anemonoides sylvestris,ground,It also grows in dry soils.,"Starting from sunny woodland edges, the species also spreads into adjacent grasslands where it colonizes dry, nitrogen-poor and deep soils in sunny to lightly shaded locations."
Blephilia hirsuta,place,Look in hardwood forests.,"Hairy wood mint prefers rich moist soil in hardwood forests, along streams and rivers, in forest openings and thickets underlain by limestone, and is occasionally found near wetlands."
Campanula prenanthoides,place,Look in temperate coniferous forests.,"It grows in the temperate coniferous forests of the Klamath Ranges, Cascade Range, Coastal Ranges, and part of the Sierra Nevadas."
Agave salmiana,light,It likes sunny exposure.,Cultivation is easy in a well-drained sandy soil with sunny exposure.
Sedum album,ground,It grows in free-draining rocky soil.,"It is found in the northern temperate regions of the world, often growing in crevices or free-draining rocky soil."
Adiantum pedatum,place,It lives in deciduous forests.,Its preferred habitats are deciduous forests and at the base of rocky mountains when adequate moisture is present.
Lunularia cruciata,place,"Look in gardens, greenhouses, and parks.","cruciata also grows as a horticultural weed in gardens, greenhouses and parks."
Ipomoea indica,place,Look in forests or secondary woodland.,"They can most commonly be found in disturbed forests, forest edges, secondary woodland, suburban gullies, and along roadsides and waterways."
Lespedeza cuneata,place,You might see it in tallgrass prairie.,The plant is considered invasive in many areas such as the tallgrass prairie in the Flint Hills of Kansas.
Chasmanthium latifolium,place,It grows in wooded areas.,The plant typically grows in wooded areas and riparian zones.
Epilobium canum,ground,It likes well-drained soil.,"As befits their origin, they prefer to be cultivated in well-drained soil exposed to full sun but protected from the wind, and need little watering."
Penstemon centranthifolius,place,Look in chaparral or oak woodland.,"It is native to California and parts of Mexico, where it grows in many types of dry habitat from coast to desert, such as chaparral and oak woodland."
Maianthemum trifolium,ground,It likes extremely wet environments.,"Maianthemum trifolium (Three-leaf Solomon's-seal, three-leaf Solomon's-plume, threeleaf false lily of the valley, smilacine trifoliée) is a species of flowering plant that is associated with extremely wet environments and is native to Canada and the northeastern United States as well as St. Pierre and Miquelon and Asia (Siberia)."
Bistorta vivipara,place,Look in high mountainous areas.,"Its range stretches further south in high mountainous areas such as the Alps, Carpathians, Pyrenees, Caucasus, Alaska and the Tibetan Plateau."
Drosera anglica,ground,Look in wet soil.,"Drosera anglica grows in open, non-forested habitat with wet, often calcium-rich soils."
Dichelostemma capitatum,nearby,It grows near California poppies.,"The flowers mix well in native beds, especially when contrasted against other California native species such as California poppies (Eschscholzia californica)."
Juniperus communis,place,Look in mountains.,"The species has the largest geographical range of any woody plant, with a circumpolar distribution throughout the cool temperate Northern Hemisphere from the Arctic south in mountains to around 30°N latitude in North America, Europe and Asia."
Xylococcus bicolor,ground,It needs soil that drains very well.,"This species is tolerant of most soils, but requires excellent drainage."
Drosera capillaris,light,The habitat is sunny.,The resulting habitat are sunny but always wet.
Lilium pardalinum,place,Look in woodlands.,Its range includes California chaparral and woodlands habitats and the Sierra Nevada.
Medeola virginiana,place,Look in the understory of forests.,It grows in the understory of forests.
Sempervivum tectorum,nearby,It grows on top of houses.,""" In his Capitulare de villis vel curtis imperii, Charlemagne recommended it be grown on top of houses."
Oncosiphon pilulifer,ground,It grows with sufficient moisture.,"With sufficient moisture, three generations can grow by April."
Triodanis biflora,place,You can find it in open woods.,"Examples of some of the niches it will occupy include prairies, roadsides, gravel pits, open woods, grassy slopes, and it can even be found growing through the cracks in sidewalks."
Stylophorum diphyllum,light,It prefers to be in the shade.,"It grows best in moist, high-humus soil, and prefers to be in the shade."
Cirsium arvense,light,It likes moderate sunlight.,"The C3 plants originated during Mesozoic and Paleozoic eras, and tend to thrive in areas where sunlight intensity is moderate, temperatures are moderate, and ground water is plentiful."
Alpinia purpurata,ground,It likes soil that is consistently moist.,"Additionally, the plant may require extra overhead sun protection, as well as irrigation, in drier, hotter or sunnier climes outside its native range; as with many ginger species, red ginger prefers partial shade, indirect light and consistently moist—but not saturated—soil conditions, with preferably high levels of ambient humidity."
Myriopteris aurea,ground,It likes well-drained soil.,The soil must be well-drained and it requires high levels of light.
Populus grandidentata,place,Look in hardwood or coniferous forests.,"Codominant in both hardwood and coniferous forests, it does not occur as a subdominant because of its extreme shade intolerance."
Pellaea atropurpurea,ground,It grows in dry limestone cliffs.,"Pellaea atropurpurea grows in the crevices of dry limestone cliffs, rocky slopes, crevices in alvars, and mortared walls."
Rhizophora mangle,nearby,It is often found near white mangroves.,"Red mangroves are often found near white mangroves (Laguncularia racemosa), black mangroves (Avicennia germinans), and buttonwood (Conocarpus erectus) though often more seaward than the other species."
Erica cerinthoides,light,Find it in full sun.,"cerinthoides requires a position in full sun with good drainage, and acidic soil."
Krascheninnikovia lanata,place,Look in grassland plains.,Winterfat grows in a great variety of habitats at in elevation—from grassland plains and xeric scrublands to rain shadow faces of montane locations.
Chamaenerion angustifolium,place,Look in open fields and pastures.,"Fireweed is often abundant in wet calcareous to slightly acidic soils in open fields, pastures, and particularly burned-over lands."
Jacobaea maritima,ground,It can handle drought.,"Silver Ragwort is a very white-wooly, heat and drought tolerant evergreen subshrub growing to tall."
Verbena bonariensis,ground,It needs regular moisture.,It prefers full sun to partial shade and needs regular moisture.
Fragaria vesca,place,Look in meadows or young woodlands.,"Typical habitat is along trails and roadsides, embankments, hillsides, stone- and gravel-laid paths and roads, meadows, young woodlands, sparse forest, woodland edges, and clearings."
Rubus chamaemorus,place,Look in the boreal forest.,"It is native to cool temperate regions, alpine and Arctic tundra, and boreal forest."
Allotropa virgata,place,"Look in oak, coniferous and hardwood forests.","It is found in the oak, coniferous and hardwood forests of the Pacific Northwest."
Goodyera repens,place,It grows in mixed forests.,"It is associated with undisturbed, old-growth conifer and mixed forests."
Agrimonia parviflora,light,It prefers full sunlight.,"Harvestlice prefers full sunlight and can grow in most soils, including sandy and silty."
Prunus pumila,place,Look at shorelines and dunes.,It grows in sandy locations such as shorelines and dunes.
Cyclamen hederifolium,place,Look in woodland or shrubland.,"Cyclamen hederifolium, sowbread, or ivy-leaved cyclamen, is a species of flowering plant in the family Primulaceae, native to woodland, shrubland, and rocky areas at altitudes of up to 1,200 metres in the Mediterranean region from southern France to western Turkey and on Mediterranean islands."
Aphyllon uniflorum,place,You can find it in forests.,uniflora is largely a species that can be commonly found in forests.
Dicksonia antarctica,ground,It grows where there is high rainfall.,"It grows in rainforest and wet sclerophyll forest with high rainfall, especially in sheltered gullies and beside creeks, and under the right conditions it can dominate large areas."
Sarcodes sanguinea,nearby,It grows near tree roots.,It is a parasitic plant that derives sustenance and nutrients from mycorrhizal fungi that attach to tree roots.
Vaccinium myrtilloides,ground,It likes dry loose acidic soils.,Vaccinium myrtilloides grows best in open coniferous woods with dry loose acidic soils; it is also found in forested bogs and rocky areas.
Ribes uva-crispa,nearby,It can be found near old ruins.,"In Britain, it is often found in copses and hedgerows and about old ruins, but the gooseberry has been cultivated for so long that it is difficult to distinguish wild bushes from feral ones, or to determine where the gooseberry fits into the native flora of the island."
Geranium lucidum,place,"Check churchyards, gardens, or walls.","The shining cranesbill is common on limestone rocks and walls, and in churchyards on roadside verges, banks, gardens and bare ground; it thrives on chalky or sandy soil."
Viburnum prunifolium,ground,It likes well-drained soil.,"Wherever it lives, black haw prefers sunny woodland with well-drained soil and adequate water."
Scilla forbesii,light,It needs light to grow.,"It requires light when in growth, but can be grown under deciduous trees or shrubs, as the foliage dies down after flowering."
Geum urbanum,ground,It likes well-drained soils.,"urbanum is a common, typically lowland plant favouring dry semi-natural broadleaved woodland, scrub, hedgerows, and waysides on well-drained soils."
Vitis riparia,ground,It needs adequate soil moisture.,"In the wild, the vine thrives along exposed areas with good sun exposure and adequate soil moisture, such as riverbanks, forest clearings, fence lines and along road sides."
Androsace septentrionalis,place,You can find it in the tundra.,"It grows in the tundra, forests, grasslands, and shrublands."
Prumnopitys ferruginea,ground,It can be found in deep pumiceous soils.,"ferruginea specimens occur in the central North Island, particularly in deep pumiceous soils."
Olearia paniculata,place,Look in coastal areas.,It is suited to dry soils and windy places which make it common in coastal areas.
Ribes sanguineum,ground,It likes cool and moist conditions.,"It tolerates drought well, but prefers cool and moist conditions."
Atriplex semibaccata,ground,It can grow in waterlogged environments.,"semibaccata grows in various soil types, including clay loams, sandy loams and waterlogged environments."
Mesembryanthemum cordifolium,light,It needs a sunny spot.,The plant needs a sunny spot and well drained soil.
Commelina communis,place,You might find it in waste places.,"In areas where the Asiatic dayflower is an introduced weed it is most common in waste places, but also along the edges of fields, woods, and marshes, and occasionally penetrating into woods."
Fritillaria affinis,ground,It likes good drainage.,"It prefers low to mid-elevation, shade or part shade, dry summer dormancy, and good drainage."
Asclepias cordifolia,place,Look in open or shaded woodland.,"The plant grows in open or shaded woodland, often on rocky slopes and in mixed coniferous forest."
Monardella odoratissima,place,Look in mountain ranges.,"It is found in many Northern California mountain ranges, including the Klamath Mountains and the North California Coast Ranges, the Cascade Range, the Sierra Nevada, the Modoc Plateau, White Mountains and Inyo Mountains."
Blephilia hirsuta,ground,Look in rich moist soil.,"Hairy wood mint prefers rich moist soil in hardwood forests, along streams and rivers, in forest openings and thickets underlain by limestone, and is occasionally found near wetlands."
Bursaria spinosa,ground,Look on clay or shale soils.,"In the Sydney region, it grows on clay- and shale-based soils, as an understory plant in association with grey box (Eucalyptus moluccana) and forest red gum (E."
Musa acuminata,edges,Look in areas after forest fires.,"It rapidly exploits newly disturbed areas, like areas recently subjected to forest fires."
Mertensia ciliata,place,Check on a hillside.,It often carpets large areas of meadow and hillside with blue-green foliage and sweet-scented bluebell blooms.
Desmodium paniculatum,light,It needs plenty of light.,"The sticky loment can be found in disturbed areas that receive plenty of light, such as roadsides, parks, and abandoned fields."
Isocoma menziesii,ground,It grows in sandy soils.,"It is native to California, Baja California, and Baja California Sur, where it grows in coastal and inland habitat such as chaparral, particularly in sandy soils."
Coptis trifolia,place,Look in coniferous and mixed forests.,"trifolia can be found in a wide range of wet to mesic environments throughout its range including coniferous and mixed forests, bogs, willow scrub, and tundra."
Acer palmatum,light,Most like part shade.,"In their natural habitat, they grow in the understory; most cultivars prefer part shade, especially in hotter climates, but they will also grow in heavy shade."
Aralia californica,place,Look in canyons or mixed forests.,"It occurs primarily in moist, shaded habitats such as streambanks, canyons and mixed forests."
Gaultheria shallon,light,It likes sun or moderate shade.,Salal tolerates moderate shade and does well in sun.
Silene regia,place,Look in grassland or woodland.,It occurs in grassland and woodland.
Dudleya pulverulenta,place,Look in rocky cliffs or canyons.,"It is typically found in rocky cliffs, and canyons, generally under 1000 meters in elevation."
Vachellia cornigera,ground,Find it in wet lowlands.,The trees are commonly found in wet lowlands.
Arabidopsis lyrata,place,Check rocky woodlands or barrens.,"In the US state of Virginia, it can be found growing in rocky woodlands, barrens, and crevices or thin-soiled ledges on outcrops of limestone, dolomite, siltstone, metasiltstone, amphibolite, metabasalt, diabase, and other mafic and felsic igneous and metamorphic rocks."
Poa pratensis,ground,"Look for well-drained, fertile soil.","In its native range, Poa pratensis forms a valuable pasture plant, characteristic of well-drained, fertile soil."
Euphorbia antisyphilitica,ground,It likes well-drained soils.,It grows best in well-drained soils but can tolerate some clay or limestone.
Penstemon procerus,ground,It needs a well-drained medium.,"It copes with a range of situations, but requires a well-drained medium in full or partial sun."
Ceanothus herbaceus,ground,Look for well-drained soils.,It grows in well-drained soils and in full sun.
Ferocactus wislizeni,ground,It grows in gravelly or sandy soil.,"It grows in gravelly or sandy soil, more commonly on bajadas than steep slopes, at 1000 to 5300 feet (300–1600 m) elevation."
Rubus flagellaris,light,It can grow in some shade.,"This species has a low tolerance to drought conditions and an intermediate shade tolerance, when compared to other species with similar growth habits in its natural regions."
Erodium cicutarium,place,Look in bare or sandy places.,"Common stork's-bill can be found in bare, sandy, grassy places both inland and around the coasts."
Trifolium fragiferum,ground,Look on flood-prone lands.,It is good for cover on flood-prone lands or areas with soil salinity.
Centrosema virginianum,place,Look in pine lands.,"virginianum habitats are in sunny areas within pine lands, and coastal uplands."
Potentilla reptans,place,Find it in flowerbeds.,The species can also grow in grass lawns and flowerbeds as an unwanted weed.
Melilotus albus,place,You might find it in aspen woodlands.,It establishes in aspen woodlands and prairies in Canada and the lower 48 states and riparian communities in Alaska.
Uniola paniculata,place,It grows on dunes.,It grows primarily on foredunes and dune crests.
Turnera ulmifolia,ground,It likes well-drained soils.,It grows best in full sun and well-drained soils and is easily propagated by seeds or cuttings.
Agave shawii,ground,It likes sandy loam soil.,Plants enjoy a sandy loam soil that has good drainage.
Opuntia ficus-indica,ground,It needs well-drained soils.,"ficus-indica is sensitive to lack of oxygen in the root zone, requiring well-drained soils."
Pterostylis banksii,place,Look in forest and shrubland.,"Pterostylis banksii grows in forest and shrubland, including of introduced species."
Lunularia cruciata,ground,It lives in damp places.,"They can then quickly ""take root"" and start to grow in suitably damp places, which is why they are so successful in greenhouses."
Agrimonia parviflora,ground,It can grow in sandy or silty soil.,"Harvestlice prefers full sunlight and can grow in most soils, including sandy and silty."
Dendrolycopodium hickeyi,ground,It can be found in dry or mesic soil.,"It can be found in dry or mesic conifer forests, as well as forest openings, and prefers sandy soil shaded light conditions."
Euphorbia misera,edges,It grows at bluff margins.,Habitats vary from bluff margins and coastal mesas to outright desert.
Orchis militaris,place,Look in light woods.,"It prefers full light on a dry calcareous substrate, for example, unfertilized lawns, meadows, edges and light woods up to 2000 m in altitude."
Cornus nuttallii,light,It can grow in the shade.,It is shade tolerant but prefers sunlight in sufficiently humid conditions.
Passiflora edulis,ground,It can grow in any kind of soil.,It occurs in any type of soil infecting all plants.
Rosa carolina,ground,It also grows in wet soils.,"It also grows in wet soils along stream beds, swamps and low grassy areas."
Fuchsia magellanica,light,They like a sunny position.,They prefer a sunny position.
Lepidium densiflorum,place,Look in gardens or on farms.,"It is distributed throughout Ontario, Canada and is a very common weed growing in the cultivated land, the farms, the gardens, the sandy land, the roadsides and the waste areas."
Castilleja integra,place,Look in meadows or grasslands.,"Castilleja integra can be found in a variety of wild habitats including open grasslands, dry meadows, Madrean pine–oak woodlands, open pinyon–juniper woodlands, and subalpine meadows."
Polemonium caeruleum,light,It likes partial shade.,The plant normally prefers soil that is rich in moisture and lime with partial shade.
Thunbergia alata,place,You can find it in tropical and temperate forests.,"It is used all around the world as a garden plant, but has managed to ""escape"" to the wilderness, naturalizing in tropical and temperate forests."
Heterotheca villosa,ground,It grows well on dry lands.,"It grows well on dry lands, but also on plains, rocky slopes and cliffs, at low elevations and in coniferous forests."
Betula alleghaniensis,light,It needs light to grow.,Yellow birch saplings will not establish in full shade (under a closed canopy) so they typically need disturbances in a forest in order to establish and grow.
Argentina anserina,place,Look in grassy meadows.,"It is native throughout the temperate Northern Hemisphere, often on river shores and in grassy habitats such as meadows and road-sides."
Campanula trachelium,ground,It likes soil with lots of humus.,"Campanula trachelium likes humus-rich soil and is found in broad-leaved woodlands, coppices, hedgerows and the margins of forests."
Coreopsis lanceolata,ground,It can grow in both wet and dry soil.,"lanceolata is rhizomatous (having underground stems), it is well-adapted to withstand extremes in soil moisture (both wet and dry)."
Dryopteris intermedia,place,Look in forests or woodlands.,"Dryopteris intermedia grows in a variety of mesic habitats including forests, woodlands, ravines, swamp edges and rocky slopes."
Doellingeria umbellata,ground,Look in moist or draining wet soils.,"This perennial grows in full sun or part-shade and moist or draining wet soils that are best slightly acid in reaction, but adapts to moderately acid or slightly alkaline reaction."
Fuchsia magellanica,place,Look in damp scrublands or clearings.,"Fuchsia magellenica thrives in damp scrublands, forest edges, or clearings, often close to water sources."
Leptospermum scoparium,ground,Look in dry and exposed sites.,"The Latin specific epithet scoparium means 'like broom', referring to Northern Hemisphere genera such as Genista and Cytisus which it resembles in both general habit and in the landscape, sharing a preference for dry and exposed sites and poor soils, although it is only distantly related."
Ozothamnus leptophyllus,place,Look in coastal farmland.,"Tauhinu is fast-growing, reaching 2 metres in height and is a common plant of coastal farmland."
Vaccinium membranaceum,place,Look in subalpine and alpine environments.,The species grows at higher elevations in subalpine and alpine environments.
Pinus sylvestris,place,You can find it near the forest limit.,"The species is mainly found on poorer, sandy soils, rocky outcrops, peat bogs or close to the forest limit."
Passiflora caerulea,nearby,Look for supporting trees.,Passiflora caerulea is a woody vine capable of growing to high where supporting trees are available.
Paulownia tomentosa,ground,It can grow in many soil types.,It is tolerant of pollution and can tolerate many soil types.
Cirsium arizonicum,place,Look in the mountains.,"The species occurs in mountains, at elevations of 900–3,600 m."
Malva arborea,place,It grows in exposed coastal locations.,"It grows mainly on exposed coastal locations, often on small islands, only rarely any distance inland."
Hibiscus laevis,ground,It likes moist conditions.,This plant prefers full or partial sun and moist conditions.
Torreya californica,place,Look in forest habitats.,Torreya species are all adapted to establish and grow slowly as subcanopy woody plants in forest habitats of moderate to dense shade.
Cornus nuttallii,ground,It can grow on dry sites.,"It is adapted to a wide variety of fire regimes, with intervals ranging from just one year on dry sites, to 500 years or more in moist, riparian zones."
Centranthus ruber,ground,It likes alkaline soil.,It can tolerate very alkaline soil conditions.
Oenothera suffrutescens,place,It can be found in many habitats.,It can be found in many habitats and is occasionally seen in urban areas.
Arceuthobium campylopodum,place,Look in coniferous forests.,It is native to the low to moderate elevation coniferous forests of western North America.
Quercus berberidifolia,place,Look in chaparral.,It is usually found in mid-elevations from in chaparral and the margins of coastal sage scrub.
Brassica rapa,light,It grows best in full sun.,"Although it grows best in full sun, it can also succeed in moderate shade."
Polycarpon tetraphyllum,place,You can find it in gardens or fields.,"It is commonly found as a weed growing in crevices in roads, gardens, and fields."
Cylindropuntia californica,place,Look in coastal sage scrub and chaparral.,"It is mostly found in coastal sage scrub and coastal chaparral habitats, but two varieties in Baja California can be found in foothills and deserts."
Colpoon compressum,place,Look in coastal dunes.,"It grows in coastal dunes and because of its vigorous and compact growth habit, it can be shaped into a dense hedge."
Pedicularis groenlandica,ground,It likes moist habitats.,"Within these environments it strongly prefers moist habitats such as bogs, fens, marshes, forested swamps, springs, stream banks, and floodplains."
Cirsium eriophorum,place,"Look in grassland, scrubland, or open woodland.","It typically grows in grassland, scrubland and open woodland on chalk, limestone or alkaline clay soils, including the disturbed ground caused by quarrying."
Bursera microphylla,place,Look in desert hills and mountains.,It thrives in the extremely arid desert hills and mountains in northwest Sonora.
Glandularia canadensis,ground,It can live in dry conditions.,It is tolerant of dry conditions.
Camissoniopsis cheiranthifolia,place,Look on open dunes.,"Camissoniopsis cheiranthifolia, the beach suncup or beach evening primrose, is a species of the evening primrose family and is native to open dunes and sandy soils of coastal California, Baja California and Oregon."
Lepidium densiflorum,ground,It likes dry conditions and fertile soil.,"Lepidium densiflorum prefers sunny, moderate dry conditions, and fertile loamy soil, but it also can adapt to rocky or sandy soil easily."
Pinus monticola,ground,"It grows in poor, rocky soils.","It is also well adapted to poor, rocky soils."
Melicytus alpinus,place,Look in coastal or alpine areas.,"Hard and dense, slow-growing in coastal or alpine areas of southern North Island and the South Island."
Cirsium arvense,ground,Look in moist places.,"Cirsium arvense grows in diverse habitats (ranging from moist places to grasslands, mountain slopes, flooded lands, disturbed sites, etc."
Sibbaldia procumbens,place,Look on tundra or mountain slopes.,"It grows on tundra and in alpine climates where snow remains year-round, and on subalpine mountain slopes."
Lobelia angulata,ground,It lives in damp habitats.,"Lobelia angulata is widespread and common in damp habitats throughout much of the North, South and Stewart Islands."
Cercocarpus ledifolius,ground,It likes shallow soil that drains well.,"It prefers shallow, well-drained soils with a sandy or grainy consistency, and is generally found in areas which receive only annual precipitation."
Aruncus dioicus,ground,It likes humus-rich soil.,Goat's beard prefers humus-rich soil and shade or partial shade.
Melicytus alpinus,ground,"It grows in dry, rocky soils.","The porcupine shrub is very resistant to extreme weather conditions and drought; therefore, it lives in areas of dry, rocky soils with very little water availability."
Adenocaulon bicolor,ground,Look in moist woods.,"American trailplant can be found in the understory of moist woods and forests, often near trails."
Carpobrotus chilensis,place,Look on coastal sand dunes and bluffs.,It grows on coastal sand dunes and bluffs and is used as an ornamental plant.
Quercus phellos,place,Look on lowland floodplains.,"It is most commonly found growing on lowland floodplains, often along streams, but rarely also in uplands with poor drainage, up to in altitude."
Cirsium heterophyllum,place,It grows in open woodland.,"It is native to Europe and western Asia, where it grows in upland meadows, grasslands, road verges and open woodland."
Arctotheca prostrata,place,"Look in gardens, pastures, or crops.","In residential gardens, pastures, and crops, Arctotheca prostrata can be a troublesome weed."
Erica cerinthoides,place,It grows in high mountains.,"It grows in various habitats, from sea level to high mountains."
Hordeum pusillum,ground,It grows in dry gravely soils.,"Its habitat is in sunny locations on dry gravely soils, rock outcrops, roadsides, railroads, waste places, in grasslands, and on marsh edges."
Diphasiastrum complanatum,place,Look in dry coniferous forests.,"Diphasiastrum complanatum, common names groundcedar, creeping jenny, or northern running-pine, is a species of clubmoss native to dry coniferous forests in colder northerly parts of the world."
Cirsium pitcheri,place,Look at sand dune shorelines.,"Cirsium pitcheri, sometimes called Pitcher's thistle or dune thistle, is a species of thistle native to sand dune shorelines along the upper Great Lakes."
Hydrocotyle bonariensis,ground,Look for very dry lands that are flooded sometimes.,Habitat This plant lives in sandy areas of somewhat extreme conditions: very dry lands that are flooded sometimes.
Dianthus chinensis,place,You can find it in grasslands or sparse forests.,The sites include grasslands as well as sparse forests.
Centaurea jacea,place,Look in dry meadows.,"Centaurea jacea, brown knapweed or brownray knapweed, is a species of herbaceous perennial plants in the genus Centaurea native to dry meadows and open woodland throughout Europe."
Rubus spectabilis,nearby,It grows near red alder.,"In open areas they often form large thickets, and are found to associate with stands of red alder (Alnus rubra), lady fern (Athyrium filixfemina), western skunk cabbage (Lysichiton americanus), devil's club (Oplopanax horridus), thimbleberry (Rubus parviflorus), and threeleaf foamflower (Tiarella trifoliata)."
Podocarpus totara,place,Look in montane habitats.,"Podocarpus totara is found in both the North Island and the South Island, growing in both lowland, montane and lower subalpine habitats, at elevations of up to It is rarely found on Stewart Island / Rakiura."
Matricaria chamomilla,ground,It grows best in well balanced soils.,"Chamomile does not need special soil, although it grows best on well balanced soils with good topsoil."
Jacobaea maritima,light,It prefers full sun.,"It is winter-hardy in USDA Zones 8-10, tolerating winter temperatures down to -12 to -15 °C, tolerant of light shade but preferring full sun."
Syringa vulgaris,nearby,Look near human habitations.,"It is found in the wild in widely scattered sites, usually in the vicinity of past or present human habitations."
Neottia cordata,ground,It grows on sphagnum moss.,It is never very common but may be frequently overlooked because of its small size and a tendency to grow underneath heather on sphagnum moss.
Ceanothus thyrsiflorus,place,It grows in chaparral habitats.,"Ceanothus thyrsiflorus can grow more than tall and broad in its native chaparral habitat, with glossy green leaves."
Filipendula rubra,ground,It needs moist to draining wet soil.,It grows in full sun or part-shade and needs moist to draining wet soil; it suffers from drought.
Arctotheca calendula,light,It grows best in full sun.,"Growing best in full sun and hardy to moderate frost, the plant can reproduce vegetatively or via seed."
Amphicarpaea bracteata,place,Look in woodlands or thickets.,"Amphicarpaea bracteata (American hog peanut or hog-peanut or ground bean) is an annual to perennial vine in the legume family, native to woodland, thickets, and moist slopes in eastern North America."
Acianthus caudatus,place,Look in an open forest.,"Mayfly orchid grows among low shrubs in open forest south of the Manning River in New South Wales, through Victoria to the Eyre Peninsula in South Australia."
Oenothera rubricaulis,ground,It likes dry places and loamy soil.,The evening primrose prefers sunny and arid places with loamy soil and occurs below above sea level.
Schizachyrium scoparium,place,Look in prairies.,It is most common in the Midwestern prairies and is one of the most abundant native plants in Texas grasslands.
Primula pauciflora,ground,It can grow in desert habitats.,"It is a widespread and very variable species, native to western North America, from Subarctic America to Mexico, often in xeric (extremely dry) and desert habitats."
Nassella pulchra,ground,It grows well on clay and serpentine soils.,It grows well on clay and serpentine soils.
Pseudopanax crassifolius,edges,It grows along forest margins or gaps.,"Instead, this species is often growing along forest margins or gaps, in regenerating forests, and as a subcanopy or canopy tree."
Berberis aquifolium,light,It is a popular subject in shady plantings.,Berberis aquifolium is a popular subject in shady or woodland plantings.
Bergerocactus emoryi,place,Look on rocky canyon walls.,"On San Clemente Island, the golden cactus is found inhabiting rocky canyon walls."
Nymphaea candida,ground,It grows in quiet freshwaters.,It grows in the quiet freshwaters in Eurasia.
Senna hebecarpa,ground,It is found in moist areas.,"It is found in moist open woodlands, and in disturbed areas."
Chorispora tenella,place,Look in pastures or steppe habitats.,"Outside of its native range, this species commonly occurs in areas where the soil has been disturbed, as well as along roadways, in pastures, and in steppe habitats."
Ipomoea pes-caprae,ground,It grows on sand dunes.,"pes-caprae is common on the sand dunes of Australia's upper north coast of New South Wales, and can also be found along the entire Queensland coastline."
Galeopsis tetrahit,place,It grows in waste places and logging clearances.,"Its typical habitat is rough ground, arable land, logging clearances and waste places."
Sphaeralcea coccinea,ground,It grows in drier conditions and sandy soils.,It thrives along roadsides in drier conditions and sandy soils.
Physocarpus opulifolius,ground,It can grow in moist to dry soil.,"The species is adaptable to a very wide range of soil and site conditions, from moist to dry, acid to alkaline, and gravelly to heavy clay; and can grow in partial shade to full sun."
Lagerstroemia indica,light,It prefers full sun.,"Lagerstroemia indica is frost tolerant, prefers full sun and will grow to with a spread of ."
Epacris impressa,place,You might find it in shrubland or dry forests.,"The species grows in widely diverse habitats including sand and clay heathland, herb-rich and heathy woodland, lowland and shrubby dry forests, riparian thickets, montane rocky shrubland and rocky outcrops."
Filipendula ulmaria,place,It grows in wet woods.,Meadowsweet is common throughout the British Isles in damp areas and is dominant in fens and wet woods.
