t_ns,event,detail
165650378635335,start,oak
165650468939449,camera,"viewport 1080x2340, timestamp_source 1"
165654216984812,capture,oak
165655308687729,gemma_loaded,"4908.518956 ms, pss 2347345 kB"
165658746493925,gemma_warmed,3405.21677 ms
165670396599494,capture,oak
165685901752665,capture,oak
165694864982766,capture,oak
165703994727450,capture,oak
165709015173073,capture,oak
165716662332028,capture,oak
165723220498536,capture,oak
165766775003780,capture,oak
165774396752839,capture,oak
165785657403200,capture,oak
165799749403871,capture,oak
165818694271312,capture,oak
165838833670106,capture,oak
165844717800104,capture,oak
165851035448696,capture,oak
165864376323065,capture,oak
165892309304565,capture,oak
165900122517479,capture,oak
165913524087422,paused,
165971660070577,resumed,
