# A fixed iNat pull, so gate-harness runs are reproducible whatever iNat returns today: species_counts for
# research-grade plants within 75 km of (34, -85) in any October, pulled Oct 7 2026
# (docs/results/day-2/inat_species_oct.csv). Tab-separated: count, scientific name, English common name.
362	Conoclinium coelestinum	blue mistflower
230	Callicarpa americana	American beautyberry
183	Liquidambar styraciflua	American sweetgum
183	Persicaria longiseta	low smartweed
159	Magnolia grandiflora	southern magnolia
156	Phytolacca americana	American pokeweed
154	Liriodendron tulipifera	American tuliptree
151	Eupatorium capillifolium	dogfennel
148	Polystichum acrostichoides	Christmas fern
139	Euonymus americanus	strawberry bush
125	Fagus grandifolia	American beech
124	Lonicera maackii	Amur honeysuckle
116	Erechtites hieraciifolius	American burnweed
103	Ampelopsis glandulosa	Porcelain Berry
97	Diospyros virginiana	American persimmon
92	Eupatorium serotinum	late boneset
89	Ligustrum sinense	Chinese privet
84	Platanus occidentalis	American sycamore
84	Asarum arifolium	Little Brown Jugs
82	Hedera helix	common ivy
82	Vitis rotundifolia	muscadine
79	Pueraria montana	kudzu
76	Cercis canadensis	eastern redbud
72	Quercus nigra	water oak
69	Parthenocissus quinquefolia	Virginia creeper
65	Albizia julibrissin	Persian silk tree
64	Acer negundo	box elder
63	Cornus florida	flowering dogwood
63	Chimaphila maculata	striped wintergreen
63	Nandina domestica	Heavenly bamboo
62	Toxicodendron radicans	eastern poison ivy
61	Rhus copallinum	shining sumac
60	Solidago altissima	tall goldenrod
60	Ilex cornuta	Chinese holly
57	Solanum carolinense	Carolina horsenettle
57	Juglans nigra	eastern black walnut
57	Sassafras albidum	sassafras
57	Tipularia discolor	crane-fly orchid
56	Acer rubrum	red maple
56	Asimina triloba	common pawpaw
56	Phyllanthus urinaria	Chamberbitter
54	Ilex opaca	American holly
54	Perilla frutescens	beefsteak plant
54	Elaeagnus pungens	thorny olive
53	Symphyotrichum pilosum	frost aster
52	Impatiens capensis	common jewelweed
52	Quercus alba	white oak
50	Ipomoea purpurea	common morning-glory
50	Berberis bealei	leatherleaf mahonia
48	Epifagus virginiana	Beechdrops
48	Chasmanthium latifolium	river oats
47	Oxydendrum arboreum	sourwood
47	Magnolia macrophylla	bigleaf magnolia
46	Chrysopsis mariana	Maryland golden-aster
45	Lonicera japonica	Japanese honeysuckle
45	Dryopteris erythrosora	autumn fern
44	Pinus taeda	loblolly pine
44	Diphasiastrum digitatum	fan clubmoss
42	Lobelia cardinalis	cardinal flower
42	Passiflora incarnata	purple passionflower
41	Physalis angulata	cutleaf groundcherry
41	Microstegium vimineum	Japanese stiltgrass
40	Bignonia capreolata	cross vine
40	Chelone glabra	white turtlehead
40	Nephroia carolina	Carolina snailseed
38	Commelina communis	Asiatic dayflower
38	Verbesina alternifolia	Wingstem
38	Lycoris radiata	red spider lily
36	Campsis radicans	American trumpet vine
35	Nyssa sylvatica	Black Tupelo
35	Pyrus calleryana	Callery pear
35	Bigelowia nuttallii	Nuttall's Rayless Goldenrod
34	Carya illinoinensis	pecan
34	Heterotheca subaxillaris	Camphorweed
33	Magnolia tripetala	umbrella magnolia
33	Pluchea camphorata	Camphor-weed
33	Symphyotrichum georgianum	Georgia aster
32	Rhus glabra	smooth sumac
32	Quercus phellos	willow oak
32	Achyranthes japonica	Japanese Chaff Flower
31	Symphyotrichum dumosum	Bushy Aster
31	Hydrangea quercifolia	oakleaf hydrangea
31	Mikania scandens	climbing hempvine
31	Asplenium platyneuron	ebony spleenwort
31	Lespedeza cuneata	Chinese bushclover
31	Citrus trifoliata	trifoliate orange
30	Glechoma hederacea	ground-ivy
30	Symphyotrichum lateriflorum	calico aster
29	Cosmos sulphureus	Yellow Cosmos
29	Trifolium repens	white clover
29	Ilex verticillata	winterberry holly
29	Quercus falcata	southern red oak
29	Mitchella repens	partridgeberry
29	Campanula divaricata	Southern Harebell
29	Solidago caesia	bluestem goldenrod
29	Euonymus fortunei	fortune's spindle
29	Melothria pendula	creeping cucumber
29	Gentiana saponaria	Soapwort Gentian
29	Jacquemontia tamnifolia	Hairy cluster-vine
29	Persicaria sagittata	arrow-leaved tearthumb
29	Athyrium asplenioides	southern lady fern
28	Rudbeckia laciniata	cutleaf coneflower
28	Paulownia tomentosa	princess tree
28	Potentilla indica	mock strawberry
27	Verbesina virginica	frostweed
27	Ipomoea coccinea	red morning glory
27	Macrothelypteris torresiana	Mariana Maiden Fern
26	Vaccinium arboreum	sparkleberry
26	Ruellia simplex	Mexican Ruellia
26	Chamaecrista fasciculata	partridge pea
25	Juniperus virginiana	eastern redcedar
25	Alnus serrulata	smooth alder
25	Verbascum thapsus	great mullein
25	Onoclea sensibilis	sensitive fern
25	Smilax bona-nox	saw greenbrier
25	Helianthus angustifolius	narrowleaf sunflower
25	Symphyotrichum patens	late purple aster
24	Monotropa uniflora	Ghost Pipe
24	Fatoua villosa	hairy crabweed
24	Betula nigra	river birch
24	Pseudognaphalium obtusifolium	sweet everlasting
24	Lygodium japonicum	Japanese climbing fern
24	Anatherum tenuispatheum	Maritime Bushy Bluestem
23	Maclura pomifera	Osage-orange
23	Aralia spinosa	devil's walkingstick
23	Prunus caroliniana	Carolina laurelcherry
22	Ambrosia trifida	giant ragweed
22	Senna obtusifolia	American Sicklepod
22	Baccharis halimifolia	groundsel tree
22	Lobelia puberula	downy lobelia
22	Hibiscus syriacus	common hibiscus
22	Diodia virginiana	buttonweed
22	Asimina parviflora	Small-Flower Pawpaw
22	Symphyotrichum racemosum	Small White Aster
21	Ageratina altissima	white snakeroot
21	Ipomoea quamoclit	Cypress Vine
21	Lactuca floridana	woodland lettuce
21	Pleopeltis michauxiana	resurrection fern
20	Cephalanthus occidentalis	buttonbush
20	Carya tomentosa	mockernut
20	Sicyos angulatus	Oneseed Bur Cucumber
20	Dioscorea villosa	wild yam
20	Ipomoea lacunosa	White Morning-glory
19	Prunella vulgaris	common selfheal
19	Ambrosia artemisiifolia	common ragweed
19	Viburnum acerifolium	mapleleaf viburnum
19	Buddleja davidii	Butterfly bush
19	Ulmus alata	Winged Elm
19	Elephantopus carolinianus	leafy elephant's-foot
19	Tradescantia pallida	Purple Heart
19	Gonolobus suberosus	Anglepod
19	Smallanthus uvedalia	bear's foot
19	Fallopia scandens	climbing false buckwheat
19	Cleome houtteana	Spider flower
18	Morus rubra	red mulberry
18	Prunus serotina	black cherry
18	Clematis virginiana	virgin's-bower
18	Helenium amarum	Bitterweed
18	Ipomoea hederacea	ivy-leaved morning-glory
18	Trichostema dichotomum	Blue Curls
18	Symphyotrichum concolor	Eastern Silver Aster
18	Solanum emulans	eastern black nightshade
17	Conocephalum salebrosum	Snakewort
17	Symphyotrichum lanceolatum	panicled aster
17	Yucca filamentosa	common yucca
17	Woodwardia areolata	netted chain fern
17	Monarda punctata	spotted horsemint
17	Collinsonia canadensis	citronella horse balm
17	Verbesina occidentalis	Yellow Crownbeard
16	Sagittaria latifolia	broadleaf arrowhead
16	Pinus virginiana	Virginia pine
16	Acer saccharinum	silver maple
16	Carpinus caroliniana	American hornbeam
16	Goodyera pubescens	downy rattlesnake plantain
16	Rosa multiflora	multiflora rose
16	Ilex vomitoria	Yaupon Holly
16	Agalinis tenuifolia	slender false foxglove
16	Mazus pumilus	Asian mazus
16	Persicaria virginiana	American jumpseed
16	Helianthus longifolius	Longleaf Sunflower
16	Nekemias arborea	peppervine
16	Spiranthes cernua	nodding ladies' tresses
15	Tsuga canadensis	eastern hemlock
15	Taxodium distichum	baldcypress
15	Ailanthus altissima	tree-of-heaven
15	Symphyotrichum puniceum	swamp aster
15	Itea virginica	Virginia sweetspire
15	Sorghastrum nutans	Indiangrass
15	Youngia japonica	Oriental false hawksbeard
15	Helianthus porteri	Porter's sunflower
15	Sesbania vesicaria	Bladder Pod
14	Passiflora lutea	yellow passionflower
14	Pontederia cordata	pickerelweed
14	Melia azedarach	Chinaberry
14	Euphorbia maculata	Spotted spurge
14	Myriophyllum aquaticum	Parrot's feather
14	Rudbeckia hirta	black-eyed Susan
14	Silphium compositum	Kidney-leaf Rosinweed
14	Quercus lyrata	overcup oak
14	Verbena brasiliensis	Brazilian Vervain
14	Agalinis purpurea	purple false foxglove
14	Ageratina aromatica	smaller white snakeroot
14	Osmundastrum cinnamomeum	cinnamon fern
13	Lindera benzoin	northern spicebush
13	Arum italicum	Italian arum
13	Cosmos bipinnatus	garden cosmos
13	Vernonia gigantea	Tall Ironweed
13	Elephantopus tomentosus	common elephant's-foot
13	Xanthorhiza simplicissima	Shrub Yellowroot
13	Anatherum ternarium	splitbeard bluestem
12	Trifolium pratense	Red Clover
12	Sonchus asper	prickly sowthistle
12	Smilax rotundifolia	roundleaf greenbrier
12	Clematis terniflora	autumn clematis
12	Ligustrum lucidum	tree privet
12	Smilax glauca	sawbrier
12	Apios americana	American groundnut
12	Schizachyrium scoparium	little bluestem
12	Quercus montana	chestnut oak
12	Liriope muscari	Liriope
12	Osmunda spectabilis	American Royal Fern
11	Quercus rubra	northern red oak
11	Bidens bipinnata	Spanish needles
11	Bidens aristosa	Bearded Beggarticks
11	Gaillardia pulchella	firewheel
11	Quercus marilandica	blackjack oak
11	Sambucus canadensis	American black elderberry
11	Euonymus alatus	winged euonymus
11	Quercus stellata	post oak
11	Frangula caroliniana	Carolina buckthorn
11	Eryngium yuccifolium	rattlesnake master
11	Solidago erecta	slender goldenrod
11	Hydrangea barbara	woodvamp
11	Pelazoneuron kunthii	Widespread Maiden Fern
11	Senega curtissii	button-rosy
10	Bidens frondosa	Devil's Beggarticks
10	Galax urceolata	galax
10	Oenothera biennis	common evening-primrose
10	Eclipta prostrata	False Daisy
10	Helenium autumnale	common sneezeweed
10	Scirpus cyperinus	woolgrass
10	Tephrosia virginiana	goat's rue
10	Physostegia virginiana	obedient plant
10	Morella cerifera	wax myrtle
10	Colocasia esculenta	Taro
10	Spiranthes ovalis	Oval Ladies' Tresses
10	Chamaecrista nictitans	sensitive pea
10	Sceptridium biternatum	sparse-lobed grapefern
10	Amauropelta noveboracensis	New York fern
9	Castanea mollissima	Chinese chestnut
9	Kalmia latifolia	mountain laurel
9	Mirabilis jalapa	marvel of Peru
9	Pteridium aquilinum	common bracken
9	Plantago lanceolata	ribwort plantain
9	Vinca major	greater periwinkle
9	Salvia azurea	giant blue sage
9	Persicaria lapathifolia	pale smartweed
9	Salvia lyrata	lyreleaf sage
9	Clerodendrum trichotomum	Harlequin glorybower
9	Rubus trivialis	southern dewberry
9	Boehmeria cylindrica	false nettle
9	Euphorbia cyathophora	wild poinsettia
9	Persicaria punctata	Dotted Smartweed
9	Sida rhombifolia	Cuban jute
9	Pinus palustris	longleaf pine
9	Commelina virginica	Virginia Dayflower
9	Eurybia divaricata	White Wood Aster
9	Solidago nemoralis	field goldenrod
9	Ludwigia alternifolia	Seedbox
9	Arnoglossum atriplicifolium	pale Indian plantain
9	Gentiana villosa	Striped Gentian
9	Hibiscus mutabilis	Cotton Rosemallow
9	Miscanthus sinensis	Chinese silver grass
9	Solanum pseudocapsicum	Jerusalem cherry
9	Torenia crustacea	Brittle False Pimpernel
9	Anatherum virginicum	broomsedge bluestem
8	Adiantum pedatum	northern maidenhair fern
8	Setaria pumila	yellow foxtail
8	Maianthemum racemosum	Solomon's plume
8	Populus deltoides	Eastern Cottonwood
8	Salix nigra	black willow
8	Lamium amplexicaule	henbit deadnettle
8	Lamium purpureum	red deadnettle
8	Xanthium strumarium	rough cocklebur
8	Sorghum halepense	Johnson grass
8	Persicaria pensylvanica	pinkweed
8	Symphyotrichum novae-angliae	New England aster
8	Pilea pumila	Canada clearweed
8	Panicum virgatum	switchgrass
8	Polypremum procumbens	Rust Weed
8	Acalypha rhomboidea	Common Three-seeded Mercury
8	Clerodendrum bungei	rose glorybower
8	Acmella repens	Oppositeleaf Spotflower
8	Humulus scandens	Japanese Hops
8	Liatris elegantula	shaggy blazing star
8	Cenchrus alopecuroides	Chinese pennisetum
8	Anacis pulchra	Lookout Mountain Coreopsis
7	Hamamelis virginiana	american witch-hazel
7	Acer saccharum	sugar maple
7	Oxalis corniculata	Creeping Woodsorrel
7	Ostrya virginiana	American hophornbeam
7	Carya glabra	pignut hickory
7	Tilia americana	basswood
7	Vinca minor	lesser periwinkle
7	Datura stramonium	jimsonweed
7	Portulaca oleracea	Common Purslane
7	Saururus cernuus	lizard's tail
7	Ipomoea triloba	Littlebell
7	Celastrus orbiculatus	Asian bittersweet
7	Allium vineale	wild garlic
7	Modiola caroliniana	Bristly Mallow
7	Peltandra virginica	Green Arrow Arum
7	Polygonatum biflorum	smooth Solomon's seal
7	Eupatorium perfoliatum	common boneset
7	Quercus michauxii	swamp chestnut oak
7	Arundinaria gigantea	river cane
7	Nothoscordum bivalve	crowpoison
7	Hydrocotyle sibthorpioides	Sibthorp's Pennywort
7	Symphyotrichum laeve	smooth blue aster
7	Hydrangea arborescens	wild hydrangea
7	Vernonia noveboracensis	New York ironweed
7	Phyllanthus tenellus	Mascarene Island leaf-flower
7	Smilax smallii	Lanceleaf Greenbrier
7	Bidens alba	White beggarticks
6	Acer floridanum	southern sugar maple
6	Echinacea purpurea	purple coneflower
6	Quercus coccinea	scarlet oak
6	Robinia pseudoacacia	black locust
6	Morus alba	white mulberry
6	Cynodon dactylon	Bermuda grass
6	Geranium carolinianum	Carolina crane's-bill
6	Elaeagnus umbellata	autumn olive
6	Daucus carota	wild carrot
6	Erigeron canadensis	horseweed
6	Gelsemium sempervirens	yellow jessamine
6	Heliotropium indicum	Indian Heliotrope
6	Oxalis dillenii	slender yellow woodsorrel
6	Dioscorea polystachya	Chinese yam
6	Tridens flavus	purpletop tridens
6	Phegopteris hexagonoptera	broad beech fern
6	Sceptridium dissectum	Cutleaf Grapefern
6	Grimmia laevigata	Grimmia Dry Rock Moss
6	Lespedeza capitata	round-headed bush clover
6	Spiraea japonica	Japanese Spirea
6	Symphyotrichum undulatum	wavy-leaf aster
6	Broussonetia papyrifera	Paper mulberry
6	Ruellia caroliniensis	Carolina ruellia
6	Nabalus altissimus	tall rattlesnake root
6	Rudbeckia triloba	brown-eyed Susan
6	Eupatorium hyssopifolium	hyssopleaf thoroughwort
6	Rudbeckia fulgida	orange coneflower
6	Viburnum nudum	southern wild raisin
6	Euphorbia heterophylla	painted spurge
6	Liatris microcephala	smallhead blazing star
6	Thuidium delicatulum	delicate fern moss
6	Nabalus serpentaria	lion's foot rattlesnake root
6	Viburnum alabamense	Alabama Arrowwood
6	Collinsonia anisata	Anise Horsebalm
6	Solidago zedia	Gulf Coast axillary goldenrod
5	Asclepias syriaca	common milkweed
5	Orontium aquaticum	Golden Club
5	Hypochaeris radicata	Common Cat's-ear
5	Ulmus americana	American elm
5	Quercus shumardii	Shumard oak
5	Gleditsia triacanthos	honey locust
5	Celtis occidentalis	common hackberry
5	Pallavicinia lyellii	Ribbonwort
5	Cyperus erythrorhizos	redroot flatsedge
5	Mimulus ringens	Allegheny monkeyflower
5	Cardiospermum halicacabum	Lesser Balloon Vine
5	Packera anonyma	Small's ragwort
5	Botrypus virginianus	rattlesnake fern
5	Cucurbita pepo	American pumpkin
5	Ulmus parvifolia	Chinese elm
5	Celtis laevigata	sugar hackberry
5	Phlox paniculata	fall phlox
5	Ipomoea pandurata	wild potato vine
5	Lobelia siphilitica	great blue lobelia
5	Ilex decidua	possumhaw
5	Vaccinium darrowii	Darrow's Blueberry
5	Calycanthus floridus	Carolina sweetshrub
5	Wisteria sinensis	Chinese wisteria
5	Magnolia virginiana	sweetbay magnolia
5	Dichondra carolinensis	Carolina ponysfoot
5	Liatris squarrulosa	Appalachian blazing star
5	Kummerowia striata	Japanese Clover
5	Hedychium coronarium	Butterfly ginger lily
5	Hypericum gentianoides	pineweed
5	Lespedeza violacea	violet bush clover
5	Crotalaria spectabilis	Showy Rattlebox
5	Cyrtomium fortunei	Fortune's Holly-fern
5	Eupatorium rotundifolium	round-leaved boneset
5	Illicium floridanum	Florida Anise
5	Strophostyles helvola	trailing fuzzy-bean
5	Lobelia amoena	Southern Lobelia
5	Lobelia nuttallii	Nuttall's Lobelia
5	Farfugium japonicum	leopard-plant
5	Nabalus barbatus	barbed rattlesnake root
5	Sedum smallii	Elf Orpine
5	Paepalanthus anceps	common bogbuttons
5	Sabdariffa gossypiifolia	Sorrel
4	Ptelea trifoliata	common hoptree
4	Solanum lycopersicum	tomato
4	Equisetum hyemale	rough horsetail
4	Diervilla rivularis	mountain bush honeysuckle
4	Fraxinus americana	white ash
4	Fraxinus pennsylvanica	green ash
4	Aucuba japonica	Japanese aucuba
4	Chenopodium album	Common Lambsquarters
4	Solanum americanum	American black nightshade
4	Lathyrus latifolius	broad-leaved sweet pea
4	Catharanthus roseus	Madagascar Periwinkle
4	Eleusine indica	Goose Grass
4	Eriobotrya japonica	Loquat
4	Paspalum urvillei	Vasey Grass
4	Persicaria hydropiperoides	swamp smartweed
4	Plumbago auriculata	blue plumbago
4	Triadica sebifera	Chinese Tallow
4	Hypoxis hirsuta	yellow star grass
4	Carex lupulina	hop sedge
4	Crataegus spathulata	Littlehip hawthorn
4	Rhododendron maximum	great rhododendron
4	Berchemia scandens	Supplejack
4	Ludwigia decurrens	Wingleaf Primrose-Willow
4	Hypericum hypericoides	St. Andrew's cross
4	Silphium terebinthinaceum	prairie dock
4	Andropogon gerardi	big bluestem
4	Murdannia keisak	marsh dewflower
4	Ipomoea hederifolia	scarlet creeper
4	Cyclamen hederifolium	Ivy-leaved cyclamen
4	Entodon seductrix	seductive entodon moss
4	Hieracium gronovii	Beaked Hawkweed
4	Solidago rugosa	common wrinkle-leaved goldenrod
4	Salvia coccinea	Tropical sage
4	Selaginella apoda	meadow spikemoss
4	Cinna arundinacea	stout wood reed
4	Desmodium paniculatum	panicled ticktrefoil
4	Dichanthelium clandestinum	deertongue
4	Lyonia ligustrina	He-huckleberry
4	Ipomoea cordatotriloba	Tievine
4	Cephalotaxus harringtonia	Japanese Plum-yew
4	Cirsium altissimum	Tall Thistle
4	Cunila origanoides	common dittany
4	Solidago petiolaris	downy ragged goldenrod
4	Agalinis fasciculata	Beach False Foxglove
4	Chelone lyonii	pink turtlehead
4	Clinopodium gracile	Slender Wild Basil
4	Corallorhiza odontorhiza	autumn coralroot
4	Cyperus granitophilus	Granite Flatsedge
4	Firmiana simplex	Chinese parasol tree
4	Helianthus atrorubens	Purpledisk Sunflower
4	Malus angustifolia	southern crabapple
4	Photinia serratifolia	Chinese Photinia
4	Quercus georgiana	Georgia Oak
4	Schisandra glabra	Bay Starvine
4	Solidago curtisii	Mountain Decumbent Goldenrod
4	Eupatorium torreyanum	Torrey's eupatorium
4	Gomphocarpus physocarpus	balloonplant
4	Trachelospermum asiaticum	Asiatic jasmine
4	Deparia petersenii	Japanese lady fern
4	Hepatica americana	round-lobed hepatica
4	Morus indica	Korean mulberry
4	Hypericum walteri	Greater Marsh St. John's-wort
4	Asarum shuttleworthii	largeflower heartleaf
3	Sherardia arvensis	Field madder
3	Asclepias tuberosa	butterfly milkweed
3	Pinus echinata	shortleaf pine
3	Lysimachia nummularia	creeping Jenny
3	Clethra alnifolia	Sweet Pepperbush
3	Cichorium intybus	chicory
3	Galium aparine	catchweed bedstraw
3	Rumex crispus	curled dock
3	Commelina erecta	whitemouth dayflower
3	Dryopteris marginalis	marginal wood fern
3	Chionanthus virginicus	white fringetree
3	Quercus palustris	pin oak
3	Carya cordiformis	bitternut hickory
3	Ulmus rubra	slippery elm
3	Packera glabella	Butterweed
3	Veronica persica	bird's-eye speedwell
3	Ajuga reptans	carpet bugle
3	Oxalis articulata	pink-sorrel
3	Koelreuteria paniculata	golden rain tree
3	Cornus amomum	silky dogwood
3	Monotropa hypopitys	pinesap
3	Rubus armeniacus	Armenian Blackberry
3	Carica papaya	Papaya
3	Cyperus esculentus	yellow nutsedge
3	Erigeron annuus	annual fleabane
3	Sesbania herbacea	bigpod sesbania
3	Verbena bonariensis	purpletop vervain
3	Epigaea repens	trailing arbutus
3	Chasmanthium sessiliflorum	Longleaf Woodoats
3	Manfreda virginica	Eastern False Aloe
3	Sabatia angularis	Rosepink
3	Actaea racemosa	black cohosh
3	Solanum sarrachoides	Hairy Nightshade
3	Camellia sinensis	tea
3	Dicranum scoparium	Broom Forkmoss
3	Bryum argenteum	Silvery Bryum
3	Staphylea trifolia	American bladdernut
3	Anemone virginiana	tall thimbleweed
3	Ranunculus abortivus	small-flowered buttercup
3	Vaccinium elliottii	mayberry
3	Vitis vulpina	frost grape
3	Pycnanthemum tenuifolium	narrowleaf mountainmint
3	Pyrrhopappus carolinianus	Carolina desert-chicory
3	Solidago arguta	cut-leaf goldenrod
3	Lespedeza procumbens	trailing lespedeza
3	Lespedeza bicolor	shrub lespedeza
3	Heliopsis helianthoides	false sunflower
3	Carex aureolensis	golden cattail sedge
3	Solidago odora	Sweet Goldenrod
3	Koelreuteria bipinnata	Chinese flame tree
3	Lespedeza hirta	hairy lespedeza
3	Ionactis linariifolia	Flax-leaved Aster
3	Lablab purpureus	Hyacinth bean
3	Aronia arbutifolia	red chokeberry
3	Hypericum crux-andreae	St. Peter's-wort
3	Abelmoschus esculentus	Okra
3	Arundinaria appalachiana	hill cane
3	Bryoandersonia illecebra	spoon-leaved moss
3	Croton michauxii	Michaux's croton
3	Dahlia pinnata	Garden Dahlia
3	Dicliptera brachiata	Branched Foldwing
3	Euphorbia pubentissima	False Flowering Spurge
3	Hibiscus laevis	Halberd-leaf Rosemallow
3	Ipomoea alba	Moonflower
3	Quercus acutissima	Sawtooth oak
3	Viburnum obovatum	Walter's Viburnum
3	Wahlenbergia marginata	southern rockbell
3	Elymus glabriflorus	Southeastern Wildrye
3	Iris domestica	Blackberry Lily
3	Passiflora incarnata × cincinnata	Passiflora 'Incense'
3	Helianthus verticillatus	Whorled Sunflower
3	Reynoutria japonica	Japanese knotweed
3	Phyllostachys reticulata	Giant Timber Bamboo
3	Erianthus giganteus	sugarcane plumegrass
3	Senega nana	candyroot
3	Anacis major	Woodland Coreopsis
2	Taraxacum	dandelions
2	Geranium maculatum	wild geranium
2	Nepeta cataria	Catnip
2	Oenothera speciosa	Pinkladies
2	Typha latifolia	broadleaf cattail
2	Quercus velutina	black oak
2	Arisaema triphyllum	Jack-in-the-Pulpit
2	Pachysandra procumbens	Allegheny Spurge
2	Pedicularis canadensis	Canadian lousewort
2	Justicia americana	American water-willow
2	Pinus strobus	eastern white pine
2	Achillea millefolium	common yarrow
2	Artemisia vulgaris	common mugwort
2	Brickellia eupatorioides	False Boneset
2	Cornus alternifolia	alternate-leaved dogwood
2	Cornus foemina	Stiff Dogwood
2	Quercus muehlenbergii	chinkapin oak
2	Carya ovata	shagbark hickory
2	Raphanus raphanistrum	Wild radish
2	Veronica serpyllifolia	thyme-leaved speedwell
2	Agrimonia parviflora	swamp agrimony
2	Rhododendron canescens	Mountain Azalea
2	Ricinus communis	castor bean
2	Lobularia maritima	sweet alyssum
2	Trifolium campestre	hop trefoil
2	Helianthus annuus	Common Sunflower
2	Apocynum cannabinum	hemp dogbane
2	Plantago major	greater plantain
2	Cyperus strigosus	straw-colored flatsedge
2	Ipomoea tricolor	Garden Morning Glory
2	Marsilea vestita	water clover
2	Hydrocotyle verticillata	Whorled Pennywort
2	Ludwigia palustris	Water Purslane
2	Lobelia inflata	Indian tobacco
2	Sparganium americanum	American bur-reed
2	Cortaderia selloana	Pampas Grass
2	Trachycarpus fortunei	Chusan Palm
2	Alternanthera philoxeroides	Alligatorweed
2	Bouteloua curtipendula	sideoats grama
2	Coreopsis tinctoria	plains coreopsis
2	Heliotropium amplexicaule	fragrant heliotrope
2	Mollugo verticillata	green carpetweed
2	Muhlenbergia schreberi	nimblewill
2	Phyllostachys aurea	fishpole bamboo
2	Tagetes erecta	Mexican Marigold
2	Silphium perfoliatum	cup plant
2	Aesculus pavia	Red Buckeye
2	Pteris multifida	spider brake
2	Carex lurida	sallow sedge
2	Clitoria mariana	Pigeonwings
2	Lysimachia quadrifolia	whorled loosestrife
2	Parthenium integrifolium	wild quinine
2	Mimosa microphylla	littleleaf sensitive-briar
2	Panax quinquefolius	American ginseng
2	Helianthus giganteus	giant sunflower
2	Magnolia acuminata	Cucumber-tree
2	Thalictrum thalictroides	rue anemone
2	Helianthus microcephalus	Small Woodland Sunflower
2	Lysimachia lanceolata	Lanceleaf Loosestrife
2	Aconitum uncinatum	southern blue monkshood
2	Malvaviscus arboreus	Turk's cap
2	Cucurbita moschata	Squash
2	Asclepias incarnata	swamp milkweed
2	Helianthus mollis	ashy sunflower
2	Elymus virginicus	Virginia wildrye
2	Luzula echinata	Hedgehog Woodrush
2	Centrosema virginianum	butterfly pea
2	Cornus kousa	kousa dogwood
2	Symphoricarpos orbiculatus	coralberry
2	Smilax tamnoides	bristly greenbrier
2	Euthamia caroliniana	slender goldentop
2	Lespedeza repens	creeping lespedeza
2	Menispermum canadense	moonseed
2	Euphorbia hyssopifolia	hyssop spurge
2	Eutrochium fistulosum	Hollow Joe-Pye Weed
2	Penthorum sedoides	ditch stonecrop
2	Selaginella rupestris	rock spikemoss
2	Carex cherokeensis	Cherokee sedge
2	Ampelopsis cordata	heart leaf peppervine
2	Lagerstroemia indica	Crape-myrtle
2	Symplocos tinctoria	Sweetleaf
2	Athyrium niponicum	Japanese painted fern
2	Pistacia chinensis	Chinese pistache
2	Gamochaeta americana	American Everlasting
2	Symphyotrichum cordifolium	Common Blue Wood Aster
2	Malaxis unifolia	green adder's-mouth
2	Phemeranthus mengesii	Menges' fameflower
2	Acer leucoderme	chalk maple
2	Aletris farinosa	White-tubed Colicroot
2	Arthraxon hispidus	small carpetgrass
2	Commelina diffusa	Scrambling Dayflower
2	Dichanthelium laxiflorum	open-flower witchgrass
2	Eurybia spectabilis	purple wood aster
2	Eurybia surculosa	Creeping Aster
2	Hydrocotyle bowlesioides	Bowlesia-leaf Pennywort
2	Iris verna	Dwarf Iris
2	Jasminum nudiflorum	Winter jasmine
2	Lagenaria siceraria	Calabash
2	Leucothoe fontanesiana	mountain doghobble
2	Lycopus virginicus	sweet bugleweed
2	Marshallia trinervia	Broadleaf Barbara's-buttons
2	Oxypolis rigidior	stiff cowbane
2	Phlox carolina	thickleaf phlox
2	Plantago rugelii	American plantain
2	Portulaca umbraticola	wingpod purslane
2	Psilotum nudum	skeleton fork fern
2	Pyrularia pubera	Buffalo-nut
2	Rhododendron minus	gorge rhododendron
2	Rudbeckia heliopsidis	Sunfacing Coneflower
2	Sarracenia oreophila	green pitcher plant
2	Senna occidentalis	Coffee Senna
2	Smilax hugeri	Huger's Carrionflower
2	Torenia fournieri	wishbone flower
2	Tragia urticifolia	Nettleleaf Noseburn
2	Trillium catesbaei	bashful wakerobin
2	Viburnum plicatum	Japanese snowball
2	Viola hirsutula	Southern wood violet
2	Vitex agnus-castus	Lilac chaste tree
2	Xyris laxifolia	Laxleaf Yellow-eyed Grass
2	Xyris torta	twisted yellow-eyed grass
2	Hepatica acutiloba	sharp-lobed hepatica
2	Persicaria glabra	Dense-flowered smartweed
2	Euphorbia prostrata	prostrate sandmat
2	Hylodesmum nudiflorum	naked-flowered tick-trefoil
2	Lamium galeobdolon	yellow archangel
2	Euphorbia hypericifolia	graceful spurge
2	Oxalis triangularis	false shamrock
2	Acer buergerianum	Trident maple
2	Scapania nemorea	Grove Earwort
2	Euonymus japonicus	Japanese spindle tree
2	Christella dentata	Soft Fern
2	Lantana strigocamara	Lantana
2	Lobelia georgiana	Southern Lobelia
2	Mosla scabra	Mini-shiso
2	Myriopteris tomentosa	Woolly Lipfern
2	Phegopteris decursive-pinnata	Japanese beech fern
2	Opuntia mesacantha	Southeastern Pricklypear
2	Cardamine occulta	Nursery bittercress
2	Abelia chinensis	Chinese Abelia
2	Hypericum densiflorum	bushy St. John's Wort
2	Mononeuria glabra	Appalachian sandwort
2	Acalypha persimilis	hornbeam copperleaf
2	Eriocapitella japonica	Japanese anemone
2	Greeneochloa coarctata	Nuttall's Reedgrass
2	Asimina × piedmontana	
2	Asarum reflexum	Reflexed Wild Ginger
2	Erianthus alopecuroides	woolly beardgrass
2	Anatherum glomeratum	Bushy Bluestem
1	Populus alba	white poplar
1	Asclepias amplexicaulis	clasping milkweed
1	Tricyrtis hirta	Hairy Toad Lily
1	Zea mays	Maize
1	Prunus americana	American plum
1	Spiraea tomentosa	Steeplebush
1	Amelanchier arborea	common serviceberry
1	Rhododendron catawbiense	Catawba Rhododendron
1	Phoradendron leucarpum	American Mistletoe
1	Lantana camara	common lantana
1	Sanguinaria canadensis	bloodroot
1	Nymphaea odorata	American white waterlily
1	Wisteria frutescens	American wisteria
1	Physalis philadelphica	Large-flowered Tomatillo
1	Physalis peruviana	Cape gooseberry
1	Amaranthus blitum	purple amaranth
1	Cirsium vulgare	Bull Thistle
1	Geranium molle	Dove's-foot crane's-bill
1	Oxalis stricta	upright yellow woodsorrel
1	Sonchus oleraceus	Common Sow-thistle
1	Stellaria media	common chickweed
1	Vicia sativa	Common Vetch
1	Chrysanthemum × morifolium	Common Chrysanthemum
1	Ilex aquifolium	European holly
1	Styphnolobium japonicum	Japanese pagoda tree
1	Tropaeolum majus	garden nasturtium
1	Aristolochia serpentaria	Virginia snakeroot
1	Corylus avellana	common hazel
1	Tanacetum parthenium	feverfew
1	Acer platanoides	Norway maple
1	Celtis tenuifolia	Dwarf Hackberry
1	Lunularia cruciata	Crescent-cup liverwort
1	Veronica arvensis	corn speedwell
1	Lunaria annua	Annual Honesty
1	Leucanthemum vulgare	oxeye daisy
1	Veronica hederifolia	Ivy-leaved Speedwell
1	Juncus effusus	Soft Rush
1	Galinsoga quadriradiata	shaggy soldier
1	Asarum canadense	Canadian wild ginger
1	Torilis arvensis	common hedge parsley
1	Pyracantha coccinea	Firethorn
1	Amorpha fruticosa	false indigo bush
1	Salix babylonica	weeping willow
1	Sorghum bicolor	Sorghum
1	Berberis thunbergii	Japanese barberry
1	Hydrocotyle umbellata	manyflower marshpennywort
1	Erigeron pulchellus	robin's-plantain
1	Abutilon theophrasti	velvetleaf
1	Samolus parviflorus	seaside brookweed
1	Asparagus officinalis	wild asparagus
1	Paspalum dilatatum	Dallis grass
1	Gamochaeta purpurea	Purple Cudweed
1	Lepidium didymum	Lesser swine-cress
1	Ceratophyllum demersum	coontail
1	Medicago arabica	Spotted medick
1	Cirsium discolor	field thistle
1	Prunus laurocerasus	Cherry laurel
1	Scleranthus annuus	Annual Knawel
1	Oxalis debilis	Largeflower pink-sorrel
1	Actaea pachypoda	white baneberry
1	Rumex obtusifolius	broad-leaved dock
1	Adiantum capillus-veneris	black maidenhair fern
1	Agave americana	American century plant
1	Leersia oryzoides	rice cutgrass
1	Teucrium canadense	American germander
1	Crataegus marshallii	parsley hawthorn
1	Erigeron philadelphicus	Philadelphia fleabane
1	Polytrichum commune	Common Haircap Moss
1	Pentas lanceolata	Egyptian Star-cluster
1	Platanthera flava	pale green orchid
1	Phlox subulata	moss phlox
1	Houstonia caerulea	azure bluet
1	Houstonia longifolia	long-leaved bluets
1	Juncus tenuis	Slender Path Rush
1	Amaranthus viridis	green amaranth
1	Aristida oligantha	Oldfield Three-awn
1	Asclepias curassavica	tropical milkweed
1	Bidens laevis	Smooth Beggarticks
1	Brasenia schreberi	Watershield
1	Cabomba caroliniana	Carolina Fanwort
1	Cenchrus spinifex	coastal sandbur
1	Cucumis melo	Muskmelon
1	Cyperus flavescens	Yellow Flatsedge
1	Dulichium arundinaceum	Three-way Sedge
1	Echinochloa colona	Jungle Rice
1	Erigeron bonariensis	Flax-leaved Horseweed
1	Erigeron sumatrensis	tropical horseweed
1	Euphorbia dentata	green poinsettia
1	Fragaria virginiana	Virginia strawberry
1	Gypsophila elegans	showy baby's-breath
1	Lantana montevidensis	creeping lantana
1	Lepidium virginicum	Virginia pepperweed
1	Ligustrum japonicum	wax-leaf ligustrum
1	Nicandra physalodes	apple-of-Peru
1	Nicotiana sylvestris	Woodland Tobacco
1	Oenothera laciniata	cutleaf evening primrose
1	Panicum dichotomiflorum	Smooth Witchgrass
1	Pistia stratiotes	Water Lettuce
1	Rotala ramosior	Toothcup
1	Salpichroa origanifolia	Cock's-eggs
1	Senna marilandica	Maryland senna
1	Setaria parviflora	knotroot bristlegrass
1	Stenotaphrum secundatum	Saint Augustine grass
1	Tradescantia ohiensis	Ohio spiderwort
1	Tripleurospermum inodorum	scentless mayweed
1	Utricularia gibba	humped bladderwort
1	Potentilla canadensis	dwarf cinquefoil
1	Sanicula canadensis	Black Snakeroot
1	Oxalis violacea	violet woodsorrel
1	Viburnum rufidulum	Rusty Blackhaw
1	Sabal minor	Dwarf Palmetto
1	Euphorbia corollata	flowering spurge
1	Baptisia tinctoria	eastern wild indigo
1	Viburnum dentatum	southern arrowwood
1	Hibiscus moscheutos	swamp rose mallow
1	Lygodium palmatum	Hartford fern
1	Vitis palmata	catbird grape
1	Iris cristata	dwarf crested iris
1	Solidago gigantea	giant goldenrod
1	Helenium flexuosum	Southern Sneezeweed
1	Rubus phoenicolasius	wineberry
1	Arisaema dracontium	green dragon
1	Castanea pumila	Allegheny Chinquapin
1	Calyptocarpus vialis	straggler daisy
1	Sabatia campanulata	Slender Rose Gentian
1	Monarda fistulosa	wild bergamot
1	Geum canadense	white avens
1	Polymnia canadensis	leafcup
1	Amphicarpaea bracteata	American hog-peanut
1	Phryma leptostachya	American lopseed
1	Sedum sarmentosum	Stringy Stonecrop
1	Stenanthium gramineum	featherbells
1	Symphyotrichum oblongifolium	Aromatic Aster
1	Liatris virgata	wand blazing star
1	Lonicera sempervirens	coral honeysuckle
1	Antennaria plantaginifolia	plantain-leaved pussytoes
1	Doellingeria umbellata	flat-top white aster
1	Spiranthes lacera	Slender Ladies' Tresses
1	Woodsia obtusa	blunt woodsia
1	Chamaelirium luteum	devil's bit
1	Allium tuberosum	Garlic Chives
1	Leucobryum glaucum	Pincushion Moss
1	Pyrus pyrifolia	Asian Pear
1	Helianthus tuberosus	Jerusalem artichoke
1	Asclepias verticillata	whorled milkweed
1	Aspidistra elatior	cast-iron plant
1	Akebia quinata	Five-leaf akebia
1	Rhexia mariana	Maryland meadowbeauty
1	Stachys floridana	Florida Hedgenettle
1	Camellia sasanqua	sasanqua camellia
1	Helleborus orientalis	Lenten-rose
1	Brugmansia arborea	Angel's Trumpet
1	Scutellaria integrifolia	Helmet skullcap
1	Pieris japonica	Japanese andromeda
1	Rhodotypos scandens	jetbead
1	Verbena rigida	Slender Vervain
1	Carex grayi	Gray's sedge
1	Gomphrena globosa	Globe amaranth
1	Viburnum rhytidophyllum	Leatherleaf viburnum
1	Prunus mexicana	Mexican Plum
1	Parnassia asarifolia	Kidney-leaved Grass of Parnassus
1	Aronia melanocarpa	black chokeberry
1	Lobelia spicata	pale-spiked lobelia
1	Croton glandulosus	Tropic Croton
1	Silene stellata	starry campion
1	Cryptotaenia canadensis	honewort
1	Carex frankii	Frank's sedge
1	Emilia fosbergii	Red Tasselflower
1	Ceanothus americanus	New Jersey tea
1	Ilex glabra	gallberry
1	Brachyelytrum erectum	Long-awned Wood Grass
1	Eryngium prostratum	creeping eryngo
1	Viburnum prunifolium	Blackhaw
1	Leersia virginica	white grass
1	Danthonia spicata	Poverty oatgrass
1	Osmorhiza longistylis	aniseroot
1	Liatris aspera	rough blazing star
1	Pycnanthemum albescens	Whiteleaf Mountain Mint
1	Rhexia virginica	Virginia meadowbeauty
1	Silphium asteriscus	Starry rosinweed
1	Nephrolepis exaltata	southern sword fern
1	Tradescantia virginiana	Virginia spiderwort
1	Coreopsis leavenworthii	Leavenworth's Tickseed
1	Euphorbia ophthalmica	Florida Hammock Sandmat
1	Indigofera hirsuta	hairy indigo
1	Hypericum punctatum	spotted St. John's wort
1	Ilex crenata	Japanese holly
1	Nyssa biflora	Swamp tupelo
1	Portulaca pilosa	shaggy portulaca
1	Yucca aloifolia	Aloe Yucca
1	Scutellaria elliptica	Hairy Skullcap
1	Galium tinctorium	Stiff Marsh Bedstraw
1	Cynanchum laeve	honey-vine climbing milkweed
1	Phaseolus polystachios	Thicket Bean
1	Leonotis nepetifolia	lion's ear
1	Crataegus phaenopyrum	Washington hawthorn
1	Salvia splendens	Scarlet Sage
1	Ageratum conyzoides	billygoat weed
1	Magnolia kobus	Kobus magnolia
1	Galium pilosum	Hairy bedstraw
1	Spiranthes magnicamporum	Great Plains Ladies' Tresses
1	Pycnanthemum virginianum	Virginia mountain mint
1	Halesia carolina	Carolina Silverbell
1	Houttuynia cordata	Chameleon Plant
1	Acalypha gracilens	Slender Three-seeded Mercury
1	Aesculus parviflora	bottlebrush buckeye
1	Agalinis gattingeri	Round-stem False Foxglove
1	Agalinis oligophylla	Ridgestem False Foxglove
1	Allium speculae	Little River Canyon Onion
1	Arachniodes simplicior	East Indian holly fern
1	Ardisia japonica	Japanese ardisia
1	Callicarpa dichotoma	Purple Beautyberry
1	Campanulastrum americanum	tall bellflower
1	Carex glaucescens	Southern Waxy Sedge
1	Carex nigromarginata	Black-edge Sedge
1	Carya carolinae-septentrionalis	Carolina shagbark hickory
1	Celosia argentea	Quail Grass
1	Centratherum punctatum	Brazilian bachelor's button
1	Ceratostigma plumbaginoides	blue leadwort
1	Cestrum aurantiacum	orange cestrum
1	Chaenomeles speciosa	Chinese quince
1	Chasmanthium laxum	Slender Spikegrass
1	Clitoria ternatea	Blue Pea
1	Crotalaria sagittalis	arrowhead rattlebox
1	Cuphea carthagenensis	Colombian waxweed
1	Cyperus compressus	Poorland Flatsedge
1	Cyrilla racemiflora	Swamp titi
1	Dichanthelium scoparium	Velvet Panicum
1	Drosera brevifolia	dwarf sundew
1	Dryopteris celsa	log fern
1	Dumortiera hirsuta	Dumortier's Liverwort
1	Eragrostis spectabilis	Purple Lovegrass
1	Eriocaulon decangulare	ten-angled pipewort
1	Euthamia leptocephala	Bushy Goldentop
1	Facelis retusa	Annual Trampweed
1	Forestiera ligustrina	Southern Glade Forestiera
1	Gratiola virginiana	Virginia hedge-hyssop
1	Halesia diptera	Two-wing Silverbell
1	Halesia tetraptera	mountain silverbell
1	Helianthus simulans	Muck Sunflower
1	Hibiscus coccineus	Scarlet Rosemallow
1	Hylotelephium erythrostictum	garden stonecrop
1	Ilex longipes	Georgia Holly
1	Ipomoea cristulata	trans-Pecos morning-glory
1	Isoetes melanospora	Black-spored Quillwort
1	Jamesianthus alabamensis	Alabama Warbonnet
1	Jasminum mesnyi	Primrose jasmine
1	Juncus repens	Creeping Rush
1	Lespedeza stuevei	tall bush-clover
1	Leucospora multifida	Obi-Wan conobea
1	Liatris pilosa	shaggy blazing star
1	Liatris squarrosa	scaly blazing star
1	Ludwigia octovalvis	Mexican Primrose-willow
1	Lycopus rubellus	taperleaf waterhorehound
1	Malus baccata	Siberian crabapple
1	Metzgeria furcata	Forked Veilwort
1	Mitracarpus hirtus	Tropical Girdlepod
1	Muhlenbergia capillaris	Hairawn Muhly
1	Murdannia nudiflora	Nakedstem Dewflower
1	Parthenocissus tricuspidata	Japanese creeper
1	Paspalum notatum	Bahia grass
1	Phyllostachys aureosulcata	Yellow groove bamboo
1	Piptochaetium avenaceum	Blackseed Needlegrass
1	Pogonatum pensilvanicum	Algal Haircap Moss
1	Potamogeton pulcher	Spotted Pondweed
1	Pseudosasa japonica	Arrow Bamboo
1	Quercus hemisphaerica	Darlington Oak
1	Rhodobryum ontariense	Ontario rhodobryum moss
1	Rhynchospora corniculata	short-bristled horned beaksedge
1	Rhynchospora debilis	Savannah Beakrush
1	Rhynchospora glomerata	Clustered Beaksedge
1	Rhynchospora recognita	Cymose Beaksedge
1	Ribes curvatum	Granite Gooseberry
1	Richardia brasiliensis	Tropical Mexican Clover
1	Rubus probabilis	
1	Sabatia capitata	Cumberland Rose Gentian
1	Scirpus polyphyllus	leafy bulrush
1	Seymeria cassioides	Yaupon Blacksenna
1	Sideroxylon lycioides	Buckthorn Bully
1	Solidago auriculata	eared goldenrod
1	Solidago flaccidifolia	Mountain Goldenrod
1	Sorghastrum elliottii	Slender Indiangrass
1	Sphagnum recurvum	Recurved Peatmoss
1	Symphyotrichum phlogifolium	Thinleaf Late Purple Aster
1	Symphyotrichum shortii	Short's aster
1	Symphyotrichum urophyllum	Arrow-leaved Aster
1	Talinum paniculatum	Jewels of Opar
1	Thalia dealbata	Powdery thalia
1	Tithonia rotundifolia	Red Sunflower
1	Viburnum recognitum	northern arrowwood
1	Zephyranthes candida	White rain-lily
1	Acer × freemanii	Freeman's Maple
1	Dryopteris × australis	Dixie wood fern
1	Ipomoea × leucantha	Whitestar Morning-glory
1	Zinnia elegans	Elegant Zinnia
1	Euphorbia nutans	nodding spurge
1	Coleataenia anceps	beaked panicum
1	Marsilea minuta	
1	Eupatorium pubescens	roundleaf thoroughwort
1	Dendrolycopodium obscurum	flat-branched tree-clubmoss
1	Bidens polylepis	Tickseed Sunflower
1	Ligusticum canadense	American lovage
1	Sisyrinchium micranthum	Blue Pigroot
1	Muhlenbergia expansa	Cutover Muhly
1	Avenella flexuosa	wavy hair-grass
1	Fraxinus biltmoreana	Biltmore Ash
1	Aloysia citrodora	lemon verbena
1	Hypochaeris chillensis	Brazilian Cat's-ear
1	Dryopteris cycadina	Black wood fern
1	Osmanthus fragrans	Sweet olive
1	Sedum tetractinum	
1	Ternstroemia gymnanthera	Japanese Ternstroemia
1	Forsythia koreana	Korean goldenbell tree
1	Coleataenia rigidula	redtop panicgrass
1	Malus domestica	apple
1	Lantana × hybrida	New Gold Lantana
1	Myriopteris lanosa	Hairy Lip Fern
1	Danae racemosa	Alexandrian Laurel
1	Silene coronaria	Rose campion
1	Xanthium orientale	common cocklebur
1	Liatris hirsuta	hairy gayfeather
1	Callianthe picta	Redvein Abutilon
1	Opuntia drummondii	Creeping Cactus
1	Silphium asperrimum	Gates' Rosinweed
1	Acmella oleracea	toothache plant
1	Arundinaria tecta	switch cane
1	Andersonglossum virginianum	wild comfrey
1	Cyperus sesquiflorus	Fragrant Spikesedge
1	Cyperus hortensis	low spikesedge
1	Hexasepalum teres	rough buttonweed
1	Gratiola amphiantha	little amphianthus
1	Colocasia fontanesii	Blackstem Taro
1	Eupatorium linearifolium	Narrowleaf Bushy Thoroughwort
1	Youngia thunbergiana	Tall false hawksbeard
1	Berberis fortunei	Chinese mahonia
1	Pontederia crassipes	common water hyacinth
1	Solidago austrina	Southern Goldenrod
1	Luffa aegyptiaca	Sponge Gourd
1	Clinopodium talladeganum	Talladega Wild Basil
1	Pseudanomodon attenuatus	tree-skirt moss
1	Feijoa sellowiana	Feijoa
1	Viola communis	dooryard violet
1	Bothriochloa torreyana	silver bluestem
1	Asarum heterophyllum	variable-leaf heartleaf
1	Castanea alabamensis	Alabama chinquapin
1	Harperella nodosa	harperella
1	Senega incarnata	Pink Milkwort
1	Polystichum polyblepharon	Japanese tassel fern
1	Anacis verticillata	Threadleaf Coreopsis
