order,file,species,set,target_to_set,source,laptop_pass
1,.models/holdout-photos/target_Callicarpa_americana_398710393.jpg,Callicarpa americana,close,Callicarpa americana,docs/results/day-3/holdout.photos.csv,True
2,.models/holdout-photos/target_Liquidambar_styraciflua_403739349.jpg,Liquidambar styraciflua,close,Liquidambar styraciflua,docs/results/day-3/holdout.photos.csv,True
3,.models/holdout-photos/target_Magnolia_grandiflora_389072742.jpg,Magnolia grandiflora,close,Magnolia grandiflora,docs/results/day-3/holdout.photos.csv,True
4,.models/calibration-photos/target_Sassafras_albidum_405971253.jpg,Sassafras albidum,close,Sassafras albidum,docs/results/day-3/calibration.photos.csv,True
5,.models/toxic-block-photos/Ilex_opaca_0.jpg,Ilex opaca,toxic,Ilex cornuta,docs/results/day-3/toxic_block_photos.csv,False
6,.models/holdout-photos/target_Tipularia_discolor_394266269.jpg,Tipularia discolor,close,Tipularia discolor,docs/results/day-3/holdout.photos.csv,True
7,.models/holdout-photos/toxic_Parthenocissus_quinquefolia_406476317.jpg,Parthenocissus quinquefolia,toxic,Ampelopsis glandulosa,docs/results/day-3/holdout.photos.csv,False
8,.models/holdout-photos/toxic_Toxicodendron_radicans_406081708.jpg,Toxicodendron radicans,toxic,Vitis rotundifolia,docs/results/day-3/holdout.photos.csv,False
9,.models/toxic-block-photos/Vitis_rotundifolia_0.jpg,Vitis rotundifolia,lookalike,Ampelopsis glandulosa,docs/results/day-3/toxic_block_photos.csv,False
10,.models/holdout-photos/target_Conoclinium_coelestinum_402497442.jpg,Conoclinium coelestinum,close,Conoclinium coelestinum,docs/results/day-3/holdout.photos.csv,False
11,.models/calibration-photos/target_Vitis_rotundifolia_402327267.jpg,Vitis rotundifolia,close,Vitis rotundifolia,docs/results/day-3/calibration.photos.csv,True
12,.models/holdout-photos/target_Quercus_nigra_396037990.jpg,Quercus nigra,close,Quercus nigra,docs/results/day-3/holdout.photos.csv,True
13,.models/toxic-block-photos/Quercus_alba_0.jpg,Quercus alba,toxic,Quercus nigra,docs/results/day-3/toxic_block_photos.csv,False
14,.models/calibration-photos/non_grass_Trifolium_repens_406359770.jpg,Trifolium repens,lookalike,Phyllanthus urinaria,docs/results/day-3/calibration.photos.csv,False
15,.models/toxic-block-photos/Ampelopsis_glandulosa_0.jpg,Ampelopsis glandulosa,lookalike,Vitis rotundifolia,docs/results/day-3/toxic_block_photos.csv,False
16,.models/toxic-block-photos/Toxicodendron_radicans_0.jpg,Toxicodendron radicans,toxic,Callicarpa americana,docs/results/day-3/toxic_block_photos.csv,False
17,.models/holdout-photos/target_Erechtites_hieraciifolius_405066909.jpg,Erechtites hieraciifolius,close,Erechtites hieraciifolius,docs/results/day-3/holdout.photos.csv,False
18,.models/calibration-photos/target_Liriodendron_tulipifera_405264498.jpg,Liriodendron tulipifera,close,Liriodendron tulipifera,docs/results/day-3/calibration.photos.csv,False
19,.models/holdout-photos/target_Vitis_rotundifolia_402234219.jpg,Vitis rotundifolia,lookalike,Magnolia grandiflora,docs/results/day-3/holdout.photos.csv,False
20,.models/holdout-photos/target_Polystichum_acrostichoides_405276217.jpg,Polystichum acrostichoides,close,Polystichum acrostichoides,docs/results/day-3/holdout.photos.csv,True
21,.models/holdout-photos/target_Ampelopsis_glandulosa_404850238.jpg,Ampelopsis glandulosa,close,Ampelopsis glandulosa,docs/results/day-3/holdout.photos.csv,True
22,.models/holdout-photos/toxic_Solanum_carolinense_405261312.jpg,Solanum carolinense,toxic,Conoclinium coelestinum,docs/results/day-3/holdout.photos.csv,False
23,.models/holdout-photos/target_Pueraria_montana_403875690.jpg,Pueraria montana,close,Pueraria montana,docs/results/day-3/holdout.photos.csv,True
24,.models/calibration-photos/target_Liquidambar_styraciflua_404493614.jpg,Liquidambar styraciflua,wide,Liquidambar styraciflua,docs/results/day-3/calibration.photos.csv,False
25,.models/holdout-photos/target_Albizia_julibrissin_399602191.jpg,Albizia julibrissin,wide,Albizia julibrissin,docs/results/day-3/holdout.photos.csv,False
26,.models/toxic-block-photos/Acer_negundo_0.jpg,Acer negundo,toxic,Pueraria montana,docs/results/day-3/toxic_block_photos.csv,False
27,.models/calibration-photos/target_Erechtites_hieraciifolius_405067001.jpg,Erechtites hieraciifolius,wide,Erechtites hieraciifolius,docs/results/day-3/calibration.photos.csv,False
28,.models/holdout-photos/target_Vitis_rotundifolia_401273832.jpg,Vitis rotundifolia,wide,Vitis rotundifolia,docs/results/day-3/holdout.photos.csv,True
29,.models/holdout-photos/target_Rhus_copallinum_405335103.jpg,Rhus copallinum,close,Rhus copallinum,docs/results/day-3/holdout.photos.csv,False
30,.models/holdout-photos/target_Diospyros_virginiana_400803551.jpg,Diospyros virginiana,wide,Diospyros virginiana,docs/results/day-3/holdout.photos.csv,False
31,.models/calibration-photos/target_Diospyros_virginiana_403124444.jpg,Diospyros virginiana,close,Diospyros virginiana,docs/results/day-3/calibration.photos.csv,False
32,.models/holdout-photos/target_Sassafras_albidum_405954859.jpg,Sassafras albidum,lookalike,Pueraria montana,docs/results/day-3/holdout.photos.csv,False
33,.models/holdout-photos/target_Fagus_grandifolia_404794246.jpg,Fagus grandifolia,close,Fagus grandifolia,docs/results/day-3/holdout.photos.csv,True
34,.models/calibration-photos/non_grass_Rubus_ulmifolius_406649712.jpg,Rubus ulmifolius,lookalike,Ampelopsis glandulosa,docs/results/day-3/calibration.photos.csv,False
35,.models/calibration-photos/non_grass_Taraxacum_officinale_406035391.jpg,Taraxacum officinale,lookalike,Erechtites hieraciifolius,docs/results/day-3/calibration.photos.csv,False
36,.models/calibration-photos/target_Ampelopsis_glandulosa_405082405.jpg,Ampelopsis glandulosa,wide,Ampelopsis glandulosa,docs/results/day-3/calibration.photos.csv,True
37,.models/toxic-block-photos/Acer_rubrum_2.jpg,Acer rubrum,toxic,Platanus occidentalis,docs/results/day-3/toxic_block_photos.csv,False
38,.models/calibration-photos/target_Albizia_julibrissin_401649566.jpg,Albizia julibrissin,close,Albizia julibrissin,docs/results/day-3/calibration.photos.csv,False
39,.models/holdout-photos/target_Pueraria_montana_400615536.jpg,Pueraria montana,wide,Pueraria montana,docs/results/day-3/holdout.photos.csv,False
40,.models/calibration-photos/target_Liriodendron_tulipifera_405512381.jpg,Liriodendron tulipifera,wide,Liriodendron tulipifera,docs/results/day-3/calibration.photos.csv,False
41,.models/holdout-photos/target_Platanus_occidentalis_404972710.jpg,Platanus occidentalis,close,Platanus occidentalis,docs/results/day-3/holdout.photos.csv,True
42,.models/toxic-block-photos/Monotropa_uniflora_2.jpg,Monotropa uniflora,toxic,Magnolia grandiflora,docs/results/day-3/toxic_block_photos.csv,False
43,.models/holdout-photos/target_Phyllanthus_urinaria_389375799.jpg,Phyllanthus urinaria,close,Phyllanthus urinaria,docs/results/day-3/holdout.photos.csv,True
44,.models/holdout-photos/target_Ilex_cornuta_354883834.jpg,Ilex cornuta,close,Ilex cornuta,docs/results/day-3/holdout.photos.csv,True
45,.models/holdout-photos/target_Cercis_canadensis_402371869.jpg,Cercis canadensis,close,Cercis canadensis,docs/results/day-3/holdout.photos.csv,False
46,.models/holdout-photos/target_Ampelopsis_glandulosa_404581096.jpg,Ampelopsis glandulosa,wide,Ampelopsis glandulosa,docs/results/day-3/holdout.photos.csv,False
47,.models/calibration-photos/target_Magnolia_grandiflora_396800120.jpg,Magnolia grandiflora,wide,Magnolia grandiflora,docs/results/day-3/calibration.photos.csv,False
48,.models/holdout-photos/target_Liriodendron_tulipifera_405264462.jpg,Liriodendron tulipifera,lookalike,Magnolia grandiflora,docs/results/day-3/holdout.photos.csv,False
49,.models/holdout-photos/target_Diospyros_virginiana_402279427.jpg,Diospyros virginiana,lookalike,Cercis canadensis,docs/results/day-3/holdout.photos.csv,False
50,.models/holdout-photos/toxic_Phytolacca_americana_406342093.jpg,Phytolacca americana,toxic,Ampelopsis glandulosa,docs/results/day-3/holdout.photos.csv,False
51,.models/holdout-photos/target_Chimaphila_maculata_405056544.jpg,Chimaphila maculata,close,Chimaphila maculata,docs/results/day-3/holdout.photos.csv,True
52,.models/holdout-photos/target_Solidago_altissima_403424772.jpg,Solidago altissima,close,Solidago altissima,docs/results/day-3/holdout.photos.csv,True
