run,set,photo,species,kind,reticle_share,reticle_plant,reticle_rank_old,reticle_hazard_old,reticle_rank_new,reticle_hazard_new,reticle_rank_tri,reticle_hazard_tri,reticle_rank_local,reticle_hazard_local,reticle_rank_na,reticle_hazard_na,reticle_rank_tri_local,reticle_hazard_tri_local,full_share,full_plant,full_rank_old,full_hazard_old,full_rank_new,full_hazard_new,full_rank_tri,full_hazard_tri,full_rank_local,full_hazard_local,full_rank_na,full_hazard_na,full_rank_tri_local,full_hazard_tri_local,rank_old,rank_new,rank_tri,rank_local,rank_na,rank_tri_local
S50,target,target_Conoclinium_coelestinum_404305465.jpg,Conoclinium coelestinum,safe,0.9584,True,213,Solanum carolinense,173,Clematis drummondii,173,Clematis drummondii,213,Solanum carolinense,213,Solanum carolinense,213,Solanum carolinense,0.9610,True,363,Solanum carolinense,78,Clematis drummondii,78,Clematis drummondii,255,Apocynum cannabinum,255,Apocynum cannabinum,255,Apocynum cannabinum,213,78,78,213,213,213
S50,target,target_Conoclinium_coelestinum_403544356.jpg,Conoclinium coelestinum,safe,0.9328,True,123,Solanum carolinense,50,Cynanchum laeve,50,Cynanchum laeve,50,Cynanchum laeve,50,Cynanchum laeve,50,Cynanchum laeve,0.9258,True,247,Solanum carolinense,70,Hypericum punctatum,70,Hypericum punctatum,70,Hypericum punctatum,70,Hypericum punctatum,70,Hypericum punctatum,123,50,50,50,50,50
S50,target,target_Callicarpa_americana_400532330.jpg,Callicarpa americana,safe,0.9241,True,41,Phytolacca americana,41,Phytolacca americana,41,Phytolacca americana,41,Phytolacca americana,41,Phytolacca americana,41,Phytolacca americana,0.9327,True,18,Phytolacca americana,18,Phytolacca americana,18,Phytolacca americana,18,Phytolacca americana,18,Phytolacca americana,18,Phytolacca americana,18,18,18,18,18,18
S50,target,target_Callicarpa_americana_399137999.jpg,Callicarpa americana,safe,0.9472,True,50,Phytolacca americana,50,Phytolacca americana,50,Phytolacca americana,50,Phytolacca americana,50,Phytolacca americana,50,Phytolacca americana,0.9630,True,30,Phytolacca americana,30,Phytolacca americana,30,Phytolacca americana,30,Phytolacca americana,30,Phytolacca americana,30,Phytolacca americana,30,30,30,30,30,30
S50,target,target_Liquidambar_styraciflua_405042376.jpg,Liquidambar styraciflua,safe,0.9716,True,145,Solanum carolinense,37,Cnidoscolus texanus,37,Cnidoscolus texanus,145,Solanum carolinense,145,Solanum carolinense,145,Solanum carolinense,0.9913,True,141,Toxicodendron radicans,9,Cnidoscolus stimulosus,9,Cnidoscolus stimulosus,10,Ricinus communis,10,Ricinus communis,10,Ricinus communis,141,9,9,10,10,10
S50,target,target_Liquidambar_styraciflua_404493614.jpg,Liquidambar styraciflua,safe,0.9383,True,229,Toxicodendron vernix,229,Toxicodendron vernix,229,Toxicodendron vernix,229,Toxicodendron vernix,229,Toxicodendron vernix,229,Toxicodendron vernix,0.9722,True,179,Toxicodendron radicans,179,Toxicodendron radicans,179,Toxicodendron radicans,179,Toxicodendron radicans,179,Toxicodendron radicans,179,Toxicodendron radicans,179,179,179,179,179,179
S50,target,target_Magnolia_grandiflora_396800120.jpg,Magnolia grandiflora,safe,0.9024,True,787,Phytolacca americana,5,Nerium oleander,5,Nerium oleander,321,Ricinus communis,321,Ricinus communis,321,Ricinus communis,0.8941,True,241,Toxicodendron vernix,25,Nerium oleander,25,Nerium oleander,241,Toxicodendron vernix,241,Toxicodendron vernix,241,Toxicodendron vernix,241,5,5,241,241,241
S50,target,target_Magnolia_grandiflora_390971398.jpg,Magnolia grandiflora,safe,0.9885,True,165,Phytolacca americana,76,Codiaeum variegatum,76,Codiaeum variegatum,165,Phytolacca americana,165,Phytolacca americana,165,Phytolacca americana,0.9882,True,131,Phytolacca americana,108,Codiaeum variegatum,108,Codiaeum variegatum,131,Phytolacca americana,131,Phytolacca americana,131,Phytolacca americana,131,76,76,131,131,131
S50,target,target_Liriodendron_tulipifera_405512381.jpg,Liriodendron tulipifera,safe,0.9566,True,318,Toxicodendron diversilobum,81,Ficus carica,81,Ficus carica,318,Toxicodendron diversilobum,318,Toxicodendron diversilobum,318,Toxicodendron diversilobum,0.9502,True,525,Toxicodendron diversilobum,198,Ficus carica,198,Ficus carica,315,Apocynum cannabinum,315,Apocynum cannabinum,315,Apocynum cannabinum,318,81,81,315,315,315
S50,target,target_Liriodendron_tulipifera_405264498.jpg,Liriodendron tulipifera,safe,0.9722,True,90,Solanum carolinense,66,Cynanchum laeve,66,Cynanchum laeve,66,Cynanchum laeve,66,Cynanchum laeve,66,Cynanchum laeve,0.9866,True,157,Toxicodendron radicans,110,Ficus carica,110,Ficus carica,157,Toxicodendron radicans,157,Toxicodendron radicans,157,Toxicodendron radicans,90,66,66,66,66,66
S50,target,target_Polystichum_acrostichoides_405345748.jpg,Polystichum acrostichoides,safe,0.9969,True,163,Solanum carolinense,127,Ranunculus abortivus,127,Ranunculus abortivus,127,Ranunculus abortivus,127,Ranunculus abortivus,127,Ranunculus abortivus,0.9978,True,131,Solanum carolinense,131,Solanum carolinense,131,Solanum carolinense,131,Solanum carolinense,131,Solanum carolinense,131,Solanum carolinense,131,127,127,127,127,127
S50,target,target_Polystichum_acrostichoides_405345610.jpg,Polystichum acrostichoides,safe,0.9944,True,133,Solanum carolinense,133,Solanum carolinense,133,Solanum carolinense,133,Solanum carolinense,133,Solanum carolinense,133,Solanum carolinense,0.9962,True,174,Solanum carolinense,111,Euphorbia amygdaloides,111,Euphorbia amygdaloides,174,Solanum carolinense,174,Solanum carolinense,174,Solanum carolinense,133,111,111,133,133,133
S50,target,target_Fagus_grandifolia_405501294.jpg,Fagus grandifolia,safe,0.9552,True,437,Solanum carolinense,86,Moneses uniflora,86,Moneses uniflora,437,Solanum carolinense,437,Solanum carolinense,437,Solanum carolinense,0.9391,True,413,Toxicodendron diversilobum,33,Moneses uniflora,33,Moneses uniflora,413,Toxicodendron diversilobum,413,Toxicodendron diversilobum,413,Toxicodendron diversilobum,413,33,33,413,413,413
S50,target,target_Fagus_grandifolia_405345574.jpg,Fagus grandifolia,safe,0.9923,True,585,Phytolacca americana,171,Ficus pumila,171,Ficus pumila,585,Phytolacca americana,585,Phytolacca americana,585,Phytolacca americana,0.9890,True,274,Toxicodendron radicans,257,Ficus pumila,257,Ficus pumila,274,Toxicodendron radicans,274,Toxicodendron radicans,274,Toxicodendron radicans,274,171,171,274,274,274
S50,target,target_Erechtites_hieraciifolius_405067001.jpg,Erechtites hieraciifolius,safe,0.8645,True,430,Solanum carolinense,23,Euphorbia bicolor,23,Euphorbia bicolor,323,Verbascum thapsus,323,Verbascum thapsus,323,Verbascum thapsus,0.9226,True,348,Solanum carolinense,247,Apocynum cannabinum,247,Apocynum cannabinum,247,Apocynum cannabinum,247,Apocynum cannabinum,247,Apocynum cannabinum,348,23,23,247,247,247
S50,target,target_Ampelopsis_glandulosa_405082405.jpg,Ampelopsis glandulosa,safe,0.9162,True,26,Toxicodendron radicans,19,Cynanchum laeve,19,Cynanchum laeve,19,Cynanchum laeve,19,Cynanchum laeve,19,Cynanchum laeve,0.9573,True,27,Toxicodendron radicans,8,Vitis mustangensis,8,Vitis mustangensis,27,Toxicodendron radicans,27,Toxicodendron radicans,27,Toxicodendron radicans,26,8,8,19,19,19
S50,target,target_Diospyros_virginiana_403124444.jpg,Diospyros virginiana,safe,0.9903,True,34,Toxicodendron vernix,34,Toxicodendron vernix,34,Toxicodendron vernix,34,Toxicodendron vernix,34,Toxicodendron vernix,34,Toxicodendron vernix,0.9917,True,26,Toxicodendron vernix,26,Toxicodendron vernix,26,Toxicodendron vernix,26,Toxicodendron vernix,26,Toxicodendron vernix,26,Toxicodendron vernix,26,26,26,26,26,26
S50,target,target_Platanus_occidentalis_405314707.jpg,Platanus occidentalis,safe,0.9878,True,48,Toxicodendron radicans,48,Toxicodendron radicans,48,Toxicodendron radicans,48,Toxicodendron radicans,48,Toxicodendron radicans,48,Toxicodendron radicans,0.9899,True,35,Toxicodendron radicans,27,Vitis mustangensis,27,Vitis mustangensis,35,Toxicodendron radicans,35,Toxicodendron radicans,35,Toxicodendron radicans,35,27,27,35,35,35
S50,target,target_Vitis_rotundifolia_402327267.jpg,Vitis rotundifolia,safe,0.9534,True,34,Toxicodendron radicans,6,Vitis mustangensis,6,Vitis mustangensis,34,Toxicodendron radicans,34,Toxicodendron radicans,34,Toxicodendron radicans,0.9612,True,25,Toxicodendron radicans,7,Vitis mustangensis,7,Vitis mustangensis,25,Toxicodendron radicans,25,Toxicodendron radicans,25,Toxicodendron radicans,25,6,6,25,25,25
S50,target,target_Pueraria_montana_404096208.jpg,Pueraria montana,safe,0.9887,True,388,Toxicodendron radicans,23,Calotropis gigantea,23,Calotropis gigantea,388,Toxicodendron radicans,388,Toxicodendron radicans,388,Toxicodendron radicans,0.9879,True,277,Toxicodendron radicans,28,Ficus carica,28,Ficus carica,277,Toxicodendron radicans,277,Toxicodendron radicans,277,Toxicodendron radicans,277,23,23,277,277,277
S50,target,target_Cercis_canadensis_404198314.jpg,Cercis canadensis,safe,0.9882,True,284,Toxicodendron radicans,43,Cynanchum laeve,43,Cynanchum laeve,43,Cynanchum laeve,43,Cynanchum laeve,43,Cynanchum laeve,0.9861,True,170,Solanum carolinense,18,Cynanchum laeve,18,Cynanchum laeve,18,Cynanchum laeve,18,Cynanchum laeve,18,Cynanchum laeve,170,18,18,18,18,18
S50,target,target_Quercus_nigra_400010614.jpg,Quercus nigra,safe,0.8953,True,183,Toxicodendron pubescens,120,Ficus pumila,120,Ficus pumila,183,Toxicodendron pubescens,183,Toxicodendron pubescens,183,Toxicodendron pubescens,0.9507,True,57,Toxicodendron pubescens,35,Ficus pumila,35,Ficus pumila,57,Toxicodendron pubescens,57,Toxicodendron pubescens,57,Toxicodendron pubescens,57,35,35,57,57,57
S50,target,target_Albizia_julibrissin_401649566.jpg,Albizia julibrissin,safe,0.9861,True,399,Phytolacca americana,25,Araujia sericifera,25,Araujia sericifera,148,Euphorbia hypericifolia,148,Euphorbia hypericifolia,148,Euphorbia hypericifolia,0.9956,True,201,Phytolacca americana,53,Ricinus communis,53,Ricinus communis,53,Ricinus communis,53,Ricinus communis,53,Ricinus communis,201,25,25,53,53,53
S50,target,target_Chimaphila_maculata_405278636.jpg,Chimaphila maculata,safe,0.9826,True,1373,Phytolacca americana,7,Euphorbia lathyris,7,Euphorbia lathyris,112,Verbascum thapsus,112,Verbascum thapsus,112,Verbascum thapsus,0.9863,True,227,Solanum carolinense,49,Moneses uniflora,49,Moneses uniflora,112,Apocynum cannabinum,112,Apocynum cannabinum,112,Apocynum cannabinum,227,7,7,112,112,112
S50,target,target_Rhus_copallinum_405529666.jpg,Rhus copallinum,safe,0.9676,True,7,Toxicodendron vernix,4,Schinus terebinthifolia,4,Schinus terebinthifolia,7,Toxicodendron vernix,7,Toxicodendron vernix,7,Toxicodendron vernix,0.9826,True,6,Toxicodendron vernix,6,Toxicodendron vernix,6,Toxicodendron vernix,6,Toxicodendron vernix,6,Toxicodendron vernix,6,Toxicodendron vernix,6,4,4,6,6,6
S50,target,target_Ilex_cornuta_355455003.jpg,Ilex cornuta,safe,0.9821,True,222,Solanum carolinense,44,Codiaeum variegatum,44,Codiaeum variegatum,83,Arum italicum,83,Arum italicum,83,Arum italicum,0.9806,True,198,Solanum carolinense,106,Arum italicum,106,Arum italicum,106,Arum italicum,106,Arum italicum,106,Arum italicum,198,44,44,83,83,83
S50,target,target_Solidago_altissima_403428628.jpg,Solidago altissima,safe,0.9474,True,842,Solanum carolinense,51,Pastinaca sativa,51,Pastinaca sativa,81,Hypericum punctatum,81,Hypericum punctatum,81,Hypericum punctatum,0.9412,True,468,Solanum carolinense,114,Hypericum punctatum,114,Hypericum punctatum,114,Hypericum punctatum,114,Hypericum punctatum,114,Hypericum punctatum,468,51,51,81,81,81
S50,target,target_Sassafras_albidum_405971253.jpg,Sassafras albidum,safe,0.9930,True,70,Toxicodendron vernix,47,Ficus carica,47,Ficus carica,59,Apocynum cannabinum,59,Apocynum cannabinum,59,Apocynum cannabinum,0.9920,True,93,Toxicodendron vernix,48,Apocynum cannabinum,48,Apocynum cannabinum,48,Apocynum cannabinum,48,Apocynum cannabinum,48,Apocynum cannabinum,70,47,47,48,48,48
S50,target,target_Tipularia_discolor_398521399.jpg,Tipularia discolor,safe,0.9535,True,1338,Toxicodendron radicans,175,Persicaria hydropiper,175,Persicaria hydropiper,735,Apocynum cannabinum,735,Apocynum cannabinum,735,Apocynum cannabinum,0.9728,True,806,Toxicodendron radicans,143,Tradescantia virginiana,143,Tradescantia virginiana,143,Tradescantia virginiana,143,Tradescantia virginiana,143,Tradescantia virginiana,806,143,143,143,143,143
S50,target,target_Phyllanthus_urinaria_396003845.jpg,Phyllanthus urinaria,safe,0.9732,True,1231,Solanum carolinense,45,Euphorbia hypericifolia,45,Euphorbia hypericifolia,45,Euphorbia hypericifolia,45,Euphorbia hypericifolia,45,Euphorbia hypericifolia,0.9727,True,581,Solanum carolinense,7,Euphorbia hypericifolia,7,Euphorbia hypericifolia,7,Euphorbia hypericifolia,7,Euphorbia hypericifolia,7,Euphorbia hypericifolia,581,7,7,7,7,7
S50,grass,grass_Arundo_donax_406751438.jpg,Arundo donax,safe,0.9711,True,599,Phytolacca americana,33,Nerium oleander,33,Nerium oleander,171,Ricinus communis,171,Ricinus communis,171,Ricinus communis,0.9701,True,841,Phytolacca americana,43,Nerium oleander,43,Nerium oleander,135,Ricinus communis,135,Ricinus communis,135,Ricinus communis,599,33,33,135,135,135
S50,grass,grass_Hordeum_jubatum_406696238.jpg,Hordeum jubatum,safe,0.9742,True,410,Toxicodendron rydbergii,50,Phacelia sericea,50,Phacelia sericea,410,Toxicodendron rydbergii,410,Toxicodendron rydbergii,410,Toxicodendron rydbergii,0.9842,True,404,Toxicodendron rydbergii,62,Phacelia sericea,62,Phacelia sericea,404,Toxicodendron rydbergii,404,Toxicodendron rydbergii,404,Toxicodendron rydbergii,404,50,50,404,404,404
S50,grass,grass_Arrhenatherum_elatius_406671945.jpg,Arrhenatherum elatius,safe,0.9907,True,1143,Toxicodendron diversilobum,79,Heracleum sphondylium,79,Heracleum sphondylium,544,Daucus carota,544,Daucus carota,544,Daucus carota,0.9922,True,647,Toxicodendron diversilobum,124,Heracleum sphondylium,124,Heracleum sphondylium,493,Daucus carota,493,Daucus carota,493,Daucus carota,647,79,79,493,493,493
S50,grass,grass_Diplachne_fusca_406653544.jpg,Diplachne fusca,safe,0.9497,True,290,Toxicodendron diversilobum,167,Turricula parryi,167,Turricula parryi,290,Toxicodendron diversilobum,290,Toxicodendron diversilobum,290,Toxicodendron diversilobum,0.9197,True,271,Toxicodendron diversilobum,207,Turricula parryi,207,Turricula parryi,271,Toxicodendron diversilobum,271,Toxicodendron diversilobum,271,Toxicodendron diversilobum,271,167,167,271,271,271
S50,grass,grass_Steinchisma_hians_406606905.jpg,Steinchisma hians,safe,0.8761,True,563,Solanum carolinense,171,Schinus terebinthifolia,171,Schinus terebinthifolia,298,Euphorbia hypericifolia,298,Euphorbia hypericifolia,298,Euphorbia hypericifolia,0.9091,True,497,Solanum carolinense,181,Nolina texana,181,Nolina texana,407,Hypericum punctatum,407,Hypericum punctatum,407,Hypericum punctatum,497,171,171,298,298,298
S50,grass,grass_Andropogon_gerardi_406597519.jpg,Andropogon gerardi,safe,0.6068,True,445,Solanum carolinense,102,Nolina texana,102,Nolina texana,121,Apocynum cannabinum,121,Apocynum cannabinum,121,Apocynum cannabinum,0.7366,True,285,Solanum carolinense,103,Nolina texana,103,Nolina texana,127,Apocynum cannabinum,127,Apocynum cannabinum,127,Apocynum cannabinum,285,102,102,121,121,121
S50,grass,grass_Paspalum_distichum_406584892.jpg,Paspalum distichum,safe,0.9500,True,440,Solanum carolinense,43,Persicaria hydropiper,43,Persicaria hydropiper,300,Apocynum cannabinum,300,Apocynum cannabinum,300,Apocynum cannabinum,0.9671,True,352,Solanum carolinense,66,Persicaria hydropiper,66,Persicaria hydropiper,188,Euphorbia hypericifolia,188,Euphorbia hypericifolia,188,Euphorbia hypericifolia,352,43,43,188,188,188
S50,grass,grass_Sorghastrum_nutans_406580824.jpg,Sorghastrum nutans,safe,0.8836,True,820,Toxicodendron rydbergii,74,Nolina texana,74,Nolina texana,801,Daucus carota,801,Daucus carota,801,Daucus carota,0.9001,True,440,Toxicodendron rydbergii,65,Nolina texana,65,Nolina texana,304,Apocynum cannabinum,304,Apocynum cannabinum,304,Apocynum cannabinum,440,65,65,304,304,304
S50,grass,grass_Panicum_racemosum_406576237.jpg,Panicum racemosum,safe,0.9283,True,1813,Phytolacca americana,141,Verbascum thapsus,141,Verbascum thapsus,141,Verbascum thapsus,141,Verbascum thapsus,141,Verbascum thapsus,0.9539,True,1467,Toxicodendron rydbergii,183,Heracleum maximum,183,Heracleum maximum,192,Verbascum thapsus,192,Verbascum thapsus,192,Verbascum thapsus,1467,141,141,141,141,141
S50,grass,grass_Pseudoroegneria_spicata_406559012.jpg,Pseudoroegneria spicata,safe,0.9610,True,768,Toxicodendron diversilobum,202,Cneoridium dumosum,202,Cneoridium dumosum,486,Euphorbia hypericifolia,486,Euphorbia hypericifolia,486,Euphorbia hypericifolia,0.9528,True,708,Toxicodendron diversilobum,102,Clematis ligusticifolia,102,Clematis ligusticifolia,520,Apocynum cannabinum,520,Apocynum cannabinum,520,Apocynum cannabinum,708,102,102,486,486,486
S50,non_grass,non_grass_Trifolium_repens_406359770.jpg,Trifolium repens,safe,0.9675,True,334,Toxicodendron diversilobum,69,Marah fabacea,69,Marah fabacea,334,Toxicodendron diversilobum,334,Toxicodendron diversilobum,334,Toxicodendron diversilobum,0.9805,True,816,Toxicodendron diversilobum,92,Ficaria verna,92,Ficaria verna,816,Toxicodendron diversilobum,816,Toxicodendron diversilobum,816,Toxicodendron diversilobum,334,69,69,334,334,334
S50,non_grass,non_grass_Taraxacum_officinale_406035391.jpg,Taraxacum officinale,safe,0.9755,True,640,Solanum carolinense,369,Verbascum thapsus,369,Verbascum thapsus,369,Verbascum thapsus,369,Verbascum thapsus,369,Verbascum thapsus,0.9745,True,839,Phytolacca americana,120,Verbascum thapsus,120,Verbascum thapsus,120,Verbascum thapsus,120,Verbascum thapsus,120,Verbascum thapsus,640,120,120,120,120,120
S50,non_grass,non_grass_Plantago_lanceolata_406558218.jpg,Plantago lanceolata,safe,0.9636,True,1179,Phytolacca americana,21,Tradescantia virginiana,21,Tradescantia virginiana,21,Tradescantia virginiana,21,Tradescantia virginiana,21,Tradescantia virginiana,0.9849,True,1399,Solanum carolinense,19,Tradescantia virginiana,19,Tradescantia virginiana,19,Tradescantia virginiana,19,Tradescantia virginiana,19,Tradescantia virginiana,1179,19,19,19,19,19
S50,non_grass,non_grass_Oxalis_stricta_rufa_406756800.jpg,Oxalis stricta rufa,safe,0.9553,True,591,Toxicodendron radicans,47,Ranunculus repens,47,Ranunculus repens,319,Ranunculus abortivus,319,Ranunculus abortivus,319,Ranunculus abortivus,0.9727,True,775,Toxicodendron radicans,5,Ranunculus abortivus,5,Ranunculus abortivus,5,Ranunculus abortivus,5,Ranunculus abortivus,5,Ranunculus abortivus,591,5,5,5,5,5
S50,non_grass,non_grass_Quercus_alba_405748845.jpg,Quercus alba,safe,0.9937,True,107,Toxicodendron pubescens,107,Toxicodendron pubescens,107,Toxicodendron pubescens,107,Toxicodendron pubescens,107,Toxicodendron pubescens,107,Toxicodendron pubescens,0.9900,True,72,Toxicodendron pubescens,72,Toxicodendron pubescens,72,Toxicodendron pubescens,72,Toxicodendron pubescens,72,Toxicodendron pubescens,72,Toxicodendron pubescens,72,72,72,72,72,72
S50,non_grass,non_grass_Acer_rubrum_405066941.jpg,Acer rubrum,safe,0.9698,True,104,Toxicodendron vernix,104,Toxicodendron vernix,104,Toxicodendron vernix,104,Toxicodendron vernix,104,Toxicodendron vernix,104,Toxicodendron vernix,0.9829,True,75,Toxicodendron radicans,75,Toxicodendron radicans,75,Toxicodendron radicans,75,Toxicodendron radicans,75,Toxicodendron radicans,75,Toxicodendron radicans,75,75,75,75,75,75
S50,non_grass,non_grass_Lonicera_japonica_406655855.jpg,Lonicera japonica,safe,0.9815,True,203,Solanum carolinense,3,Solanum mauritianum,3,Solanum mauritianum,98,Euphorbia hypericifolia,98,Euphorbia hypericifolia,98,Euphorbia hypericifolia,0.9649,True,493,Solanum carolinense,3,Solanum mauritianum,3,Solanum mauritianum,197,Euphorbia hypericifolia,197,Euphorbia hypericifolia,197,Euphorbia hypericifolia,203,3,3,98,98,98
S50,non_grass,non_grass_Rubus_ulmifolius_406649712.jpg,Rubus ulmifolius,safe,0.9873,True,382,Toxicodendron radicans,45,Ficus pumila,45,Ficus pumila,170,Euphorbia hypericifolia,170,Euphorbia hypericifolia,170,Euphorbia hypericifolia,0.9935,True,88,Toxicodendron radicans,88,Toxicodendron radicans,88,Toxicodendron radicans,88,Toxicodendron radicans,88,Toxicodendron radicans,88,Toxicodendron radicans,88,45,45,88,88,88
S50,non_grass,non_grass_Polystichum_acrostichoides_405278830.jpg,Polystichum acrostichoides,safe,0.9852,True,278,Solanum carolinense,141,Euphorbia amygdaloides,141,Euphorbia amygdaloides,278,Solanum carolinense,278,Solanum carolinense,278,Solanum carolinense,0.9952,True,443,Solanum carolinense,145,Ficus pumila,145,Ficus pumila,443,Solanum carolinense,443,Solanum carolinense,443,Solanum carolinense,278,141,141,278,278,278
S50,non_grass,non_grass_Carex_enneastachya_406638844.jpg,Carex enneastachya,safe,0.9611,True,166,Toxicodendron diversilobum,166,Toxicodendron diversilobum,166,Toxicodendron diversilobum,166,Toxicodendron diversilobum,166,Toxicodendron diversilobum,166,Toxicodendron diversilobum,0.9747,True,96,Toxicodendron diversilobum,96,Toxicodendron diversilobum,96,Toxicodendron diversilobum,96,Toxicodendron diversilobum,96,Toxicodendron diversilobum,96,Toxicodendron diversilobum,96,96,96,96,96,96
S51,target,target_Conoclinium_coelestinum_402497442.jpg,Conoclinium coelestinum,safe,0.9625,True,748,Solanum carolinense,50,Calotropis gigantea,50,Calotropis gigantea,152,Euphorbia hypericifolia,152,Euphorbia hypericifolia,152,Euphorbia hypericifolia,0.9643,True,220,Solanum carolinense,92,Calotropis gigantea,92,Calotropis gigantea,220,Solanum carolinense,220,Solanum carolinense,220,Solanum carolinense,220,50,50,152,152,152
S51,target,target_Callicarpa_americana_398710393.jpg,Callicarpa americana,safe,0.9745,True,55,Phytolacca americana,55,Phytolacca americana,55,Phytolacca americana,55,Phytolacca americana,55,Phytolacca americana,55,Phytolacca americana,0.9793,True,48,Phytolacca americana,48,Phytolacca americana,48,Phytolacca americana,48,Phytolacca americana,48,Phytolacca americana,48,Phytolacca americana,48,48,48,48,48,48
S51,target,target_Liquidambar_styraciflua_403739349.jpg,Liquidambar styraciflua,safe,0.9866,True,164,Phytolacca americana,2,Ricinus communis,2,Ricinus communis,2,Ricinus communis,2,Ricinus communis,2,Ricinus communis,0.9910,True,347,Toxicodendron radicans,2,Ricinus communis,2,Ricinus communis,2,Ricinus communis,2,Ricinus communis,2,Ricinus communis,164,2,2,2,2,2
S51,target,target_Magnolia_grandiflora_389072742.jpg,Magnolia grandiflora,safe,0.9862,True,93,Phytolacca americana,19,Plumeria rubra,19,Plumeria rubra,93,Phytolacca americana,93,Phytolacca americana,93,Phytolacca americana,0.9889,True,95,Phytolacca americana,28,Plumeria rubra,28,Plumeria rubra,95,Phytolacca americana,95,Phytolacca americana,95,Phytolacca americana,93,19,19,93,93,93
S51,target,target_Liriodendron_tulipifera_405264462.jpg,Liriodendron tulipifera,safe,0.6919,True,1275,Solanum carolinense,5,Syngonium podophyllum,5,Syngonium podophyllum,179,Cynanchum laeve,179,Cynanchum laeve,179,Cynanchum laeve,0.8129,True,302,Toxicodendron vernix,17,Ficus pumila,17,Ficus pumila,50,Cynanchum laeve,50,Cynanchum laeve,50,Cynanchum laeve,302,5,5,50,50,50
S51,target,target_Polystichum_acrostichoides_405276217.jpg,Polystichum acrostichoides,safe,0.9729,True,548,Solanum carolinense,243,Araujia sericifera,243,Araujia sericifera,321,Euphorbia hypericifolia,321,Euphorbia hypericifolia,321,Euphorbia hypericifolia,0.9851,True,205,Solanum carolinense,174,Euphorbia amygdaloides,174,Euphorbia amygdaloides,205,Solanum carolinense,205,Solanum carolinense,205,Solanum carolinense,205,174,174,205,205,205
S51,target,target_Fagus_grandifolia_404794246.jpg,Fagus grandifolia,safe,0.9731,True,114,Toxicodendron radicans,65,Ficus pumila,65,Ficus pumila,114,Toxicodendron radicans,114,Toxicodendron radicans,114,Toxicodendron radicans,0.9661,True,13,Toxicodendron radicans,13,Toxicodendron radicans,13,Toxicodendron radicans,13,Toxicodendron radicans,13,Toxicodendron radicans,13,Toxicodendron radicans,13,13,13,13,13,13
S51,target,target_Erechtites_hieraciifolius_405066909.jpg,Erechtites hieraciifolius,safe,0.9727,True,1778,Solanum carolinense,26,Arnica montana,26,Arnica montana,721,Apocynum cannabinum,721,Apocynum cannabinum,721,Apocynum cannabinum,0.9659,True,2071,Solanum carolinense,44,Arnica montana,44,Arnica montana,778,Hypericum punctatum,778,Hypericum punctatum,778,Hypericum punctatum,1778,26,26,721,721,721
S51,target,target_Erechtites_hieraciifolius_404919483.jpg,Erechtites hieraciifolius,safe,0.9280,True,145,Toxicodendron diversilobum,145,Toxicodendron diversilobum,145,Toxicodendron diversilobum,145,Toxicodendron diversilobum,145,Toxicodendron diversilobum,145,Toxicodendron diversilobum,0.9774,True,232,Solanum carolinense,61,Ranunculus abortivus,61,Ranunculus abortivus,61,Ranunculus abortivus,61,Ranunculus abortivus,61,Ranunculus abortivus,145,61,61,61,61,61
S51,target,target_Ampelopsis_glandulosa_404850238.jpg,Ampelopsis glandulosa,safe,0.9466,True,57,Phytolacca americana,3,Vitis mustangensis,3,Vitis mustangensis,18,Cynanchum laeve,18,Cynanchum laeve,18,Cynanchum laeve,0.9501,True,21,Toxicodendron radicans,6,Vitis mustangensis,6,Vitis mustangensis,18,Cynanchum laeve,18,Cynanchum laeve,18,Cynanchum laeve,21,3,3,18,18,18
S51,target,target_Ampelopsis_glandulosa_404581096.jpg,Ampelopsis glandulosa,safe,0.9089,True,61,Toxicodendron radicans,17,Araujia sericifera,17,Araujia sericifera,53,Cynanchum laeve,53,Cynanchum laeve,53,Cynanchum laeve,0.9555,True,201,Toxicodendron radicans,6,Ficus pumila,6,Ficus pumila,201,Toxicodendron radicans,201,Toxicodendron radicans,201,Toxicodendron radicans,61,6,6,53,53,53
S51,target,target_Diospyros_virginiana_402279427.jpg,Diospyros virginiana,safe,0.4443,False,1064,Toxicodendron pubescens,26,Ficus pumila,26,Ficus pumila,387,Ricinus communis,387,Ricinus communis,387,Ricinus communis,0.7972,True,1115,Toxicodendron pubescens,29,Ficus pumila,29,Ficus pumila,295,Ricinus communis,295,Ricinus communis,295,Ricinus communis,1115,29,29,295,295,295
S51,target,target_Diospyros_virginiana_400803551.jpg,Diospyros virginiana,safe,0.9640,True,297,Phytolacca americana,28,Ficus carica,28,Ficus carica,297,Phytolacca americana,297,Phytolacca americana,297,Phytolacca americana,0.9836,True,185,Phytolacca americana,31,Ficus pumila,31,Ficus pumila,185,Phytolacca americana,185,Phytolacca americana,185,Phytolacca americana,185,28,28,185,185,185
S51,target,target_Platanus_occidentalis_404972710.jpg,Platanus occidentalis,safe,0.9819,True,28,Toxicodendron radicans,28,Toxicodendron radicans,28,Toxicodendron radicans,28,Toxicodendron radicans,28,Toxicodendron radicans,28,Toxicodendron radicans,0.9949,True,35,Toxicodendron radicans,35,Toxicodendron radicans,35,Toxicodendron radicans,35,Toxicodendron radicans,35,Toxicodendron radicans,35,Toxicodendron radicans,28,28,28,28,28,28
S51,target,target_Platanus_occidentalis_404834946.jpg,Platanus occidentalis,safe,0.9675,True,25,Toxicodendron radicans,25,Toxicodendron radicans,25,Toxicodendron radicans,25,Toxicodendron radicans,25,Toxicodendron radicans,25,Toxicodendron radicans,0.9729,True,62,Toxicodendron radicans,16,Vitis mustangensis,16,Vitis mustangensis,62,Toxicodendron radicans,62,Toxicodendron radicans,62,Toxicodendron radicans,25,16,16,25,25,25
S51,target,target_Vitis_rotundifolia_402234219.jpg,Vitis rotundifolia,safe,0.6818,True,1030,Phytolacca americana,12,Plumeria rubra,12,Plumeria rubra,69,Ricinus communis,69,Ricinus communis,69,Ricinus communis,0.6591,True,912,Toxicodendron vernix,18,Ficus pumila,18,Ficus pumila,251,Ricinus communis,251,Ricinus communis,251,Ricinus communis,912,12,12,69,69,69
S51,target,target_Vitis_rotundifolia_401273832.jpg,Vitis rotundifolia,safe,0.9791,True,41,Toxicodendron radicans,9,Vitis mustangensis,9,Vitis mustangensis,41,Toxicodendron radicans,41,Toxicodendron radicans,41,Toxicodendron radicans,0.8734,True,27,Toxicodendron radicans,6,Vitis mustangensis,6,Vitis mustangensis,27,Toxicodendron radicans,27,Toxicodendron radicans,27,Toxicodendron radicans,27,6,6,27,27,27
S51,target,target_Pueraria_montana_403875690.jpg,Pueraria montana,safe,0.9654,True,297,Toxicodendron radicans,7,Calotropis gigantea,7,Calotropis gigantea,247,Ricinus communis,247,Ricinus communis,247,Ricinus communis,0.9734,True,483,Toxicodendron diversilobum,5,Calotropis gigantea,5,Calotropis gigantea,176,Ricinus communis,176,Ricinus communis,176,Ricinus communis,297,5,5,176,176,176
S51,target,target_Pueraria_montana_400615536.jpg,Pueraria montana,safe,0.9361,True,735,Toxicodendron rydbergii,9,Heracleum sosnowskyi,9,Heracleum sosnowskyi,700,Verbascum thapsus,700,Verbascum thapsus,700,Verbascum thapsus,0.9215,True,1318,Toxicodendron diversilobum,10,Heracleum sosnowskyi,10,Heracleum sosnowskyi,37,Ricinus communis,37,Ricinus communis,37,Ricinus communis,735,9,9,37,37,37
S51,target,target_Cercis_canadensis_402371869.jpg,Cercis canadensis,safe,0.9805,True,255,Toxicodendron radicans,9,Cynanchum laeve,9,Cynanchum laeve,9,Cynanchum laeve,9,Cynanchum laeve,9,Cynanchum laeve,0.9865,True,434,Toxicodendron radicans,2,Cynanchum laeve,2,Cynanchum laeve,2,Cynanchum laeve,2,Cynanchum laeve,2,Cynanchum laeve,255,2,2,2,2,2
S51,target,target_Cercis_canadensis_402097331.jpg,Cercis canadensis,safe,0.9879,True,247,Toxicodendron radicans,44,Vitis mustangensis,44,Vitis mustangensis,91,Cynanchum laeve,91,Cynanchum laeve,91,Cynanchum laeve,0.9834,True,117,Toxicodendron diversilobum,10,Marah fabacea,10,Marah fabacea,117,Toxicodendron diversilobum,117,Toxicodendron diversilobum,117,Toxicodendron diversilobum,117,10,10,91,91,91
S51,target,target_Quercus_nigra_396037990.jpg,Quercus nigra,safe,0.9893,True,120,Toxicodendron pubescens,120,Toxicodendron pubescens,120,Toxicodendron pubescens,120,Toxicodendron pubescens,120,Toxicodendron pubescens,120,Toxicodendron pubescens,0.9819,True,110,Toxicodendron pubescens,110,Toxicodendron pubescens,110,Toxicodendron pubescens,110,Toxicodendron pubescens,110,Toxicodendron pubescens,110,Toxicodendron pubescens,110,110,110,110,110,110
S51,target,target_Albizia_julibrissin_399602191.jpg,Albizia julibrissin,safe,0.9530,True,150,Toxicodendron vernix,33,Apocynum cannabinum,33,Apocynum cannabinum,33,Apocynum cannabinum,33,Apocynum cannabinum,33,Apocynum cannabinum,0.9673,True,127,Toxicodendron vernix,46,Apocynum cannabinum,46,Apocynum cannabinum,46,Apocynum cannabinum,46,Apocynum cannabinum,46,Apocynum cannabinum,127,33,33,33,33,33
S51,target,target_Chimaphila_maculata_405056544.jpg,Chimaphila maculata,safe,0.9868,True,129,Toxicodendron pubescens,23,Moneses uniflora,23,Moneses uniflora,24,Apocynum cannabinum,24,Apocynum cannabinum,24,Apocynum cannabinum,0.9920,True,378,Toxicodendron radicans,11,Moneses uniflora,11,Moneses uniflora,106,Apocynum cannabinum,106,Apocynum cannabinum,106,Apocynum cannabinum,129,11,11,24,24,24
S51,target,target_Rhus_copallinum_405335103.jpg,Rhus copallinum,safe,0.9807,True,4,Toxicodendron pubescens,3,Schinus terebinthifolia,3,Schinus terebinthifolia,4,Toxicodendron pubescens,4,Toxicodendron pubescens,4,Toxicodendron pubescens,0.9562,True,1,Toxicodendron vernix,1,Toxicodendron vernix,1,Toxicodendron vernix,1,Toxicodendron vernix,1,Toxicodendron vernix,1,Toxicodendron vernix,1,1,1,1,1,1
S51,target,target_Ilex_cornuta_354883834.jpg,Ilex cornuta,safe,0.9858,True,123,Toxicodendron pubescens,51,Arum italicum,51,Arum italicum,51,Arum italicum,51,Arum italicum,51,Arum italicum,0.9902,True,89,Solanum carolinense,89,Solanum carolinense,89,Solanum carolinense,89,Solanum carolinense,89,Solanum carolinense,89,Solanum carolinense,89,51,51,51,51,51
S51,target,target_Solidago_altissima_403424772.jpg,Solidago altissima,safe,0.9664,True,470,Toxicodendron rydbergii,77,Hypericum punctatum,77,Hypericum punctatum,77,Hypericum punctatum,77,Hypericum punctatum,77,Hypericum punctatum,0.9663,True,379,Toxicodendron rydbergii,104,Hypericum punctatum,104,Hypericum punctatum,104,Hypericum punctatum,104,Hypericum punctatum,104,Hypericum punctatum,379,77,77,77,77,77
S51,target,target_Sassafras_albidum_405954859.jpg,Sassafras albidum,safe,0.9471,True,552,Phytolacca americana,10,Calotropis gigantea,10,Calotropis gigantea,148,Arum italicum,148,Arum italicum,148,Arum italicum,0.9875,True,12,Solanum carolinense,12,Solanum carolinense,12,Solanum carolinense,12,Solanum carolinense,12,Solanum carolinense,12,Solanum carolinense,12,10,10,12,12,12
S51,target,target_Tipularia_discolor_394266269.jpg,Tipularia discolor,safe,0.9604,True,159,Toxicodendron radicans,78,Symplocarpus foetidus,78,Symplocarpus foetidus,159,Toxicodendron radicans,159,Toxicodendron radicans,159,Toxicodendron radicans,0.9368,True,132,Phytolacca americana,92,Symplocarpus foetidus,92,Symplocarpus foetidus,132,Phytolacca americana,132,Phytolacca americana,132,Phytolacca americana,132,78,78,132,132,132
S51,target,target_Phyllanthus_urinaria_389375799.jpg,Phyllanthus urinaria,safe,0.9844,True,205,Solanum carolinense,34,Euphorbia hypericifolia,34,Euphorbia hypericifolia,34,Euphorbia hypericifolia,34,Euphorbia hypericifolia,34,Euphorbia hypericifolia,0.9925,True,102,Solanum carolinense,18,Euphorbia hypericifolia,18,Euphorbia hypericifolia,18,Euphorbia hypericifolia,18,Euphorbia hypericifolia,18,Euphorbia hypericifolia,102,18,18,18,18,18
S51,toxic,toxic_Phytolacca_americana_406342093.jpg,Phytolacca americana,hazard,0.8954,True,1,Phytolacca americana,1,Phytolacca americana,1,Phytolacca americana,1,Phytolacca americana,1,Phytolacca americana,1,Phytolacca americana,0.9452,True,1,Phytolacca americana,1,Phytolacca americana,1,Phytolacca americana,1,Phytolacca americana,1,Phytolacca americana,1,Phytolacca americana,1,1,1,1,1,1
S51,toxic,toxic_Toxicodendron_radicans_406081708.jpg,Toxicodendron radicans,hazard,0.9905,True,1,Toxicodendron radicans,1,Toxicodendron radicans,1,Toxicodendron radicans,1,Toxicodendron radicans,1,Toxicodendron radicans,1,Toxicodendron radicans,0.9863,True,7,Toxicodendron pubescens,7,Toxicodendron pubescens,7,Toxicodendron pubescens,7,Toxicodendron pubescens,7,Toxicodendron pubescens,7,Toxicodendron pubescens,1,1,1,1,1,1
S51,toxic,toxic_Solanum_carolinense_405261312.jpg,Solanum carolinense,hazard,0.9434,True,1,Solanum carolinense,1,Solanum carolinense,1,Solanum carolinense,1,Solanum carolinense,1,Solanum carolinense,1,Solanum carolinense,0.9560,True,1,Solanum carolinense,1,Solanum carolinense,1,Solanum carolinense,1,Solanum carolinense,1,Solanum carolinense,1,Solanum carolinense,1,1,1,1,1,1
S51,toxic,toxic_Persicaria_longiseta_406218602.jpg,Persicaria longiseta,toxic,0.9388,True,19,Phytolacca americana,5,Persicaria hydropiper,5,Persicaria hydropiper,19,Phytolacca americana,19,Phytolacca americana,19,Phytolacca americana,0.9356,True,301,Solanum carolinense,24,Fumaria officinalis,24,Fumaria officinalis,301,Solanum carolinense,301,Solanum carolinense,301,Solanum carolinense,19,5,5,19,19,19
S51,toxic,toxic_Eupatorium_capillifolium_402327244.jpg,Eupatorium capillifolium,toxic,0.9825,True,279,Toxicodendron pubescens,50,Euphorbia bicolor,50,Euphorbia bicolor,279,Toxicodendron pubescens,279,Toxicodendron pubescens,279,Toxicodendron pubescens,0.9866,True,1147,Toxicodendron pubescens,135,Euphorbia terracina,135,Euphorbia terracina,424,Apocynum cannabinum,424,Apocynum cannabinum,424,Apocynum cannabinum,279,50,50,279,279,279
S51,toxic,toxic_Euonymus_americanus_405073628.jpg,Euonymus americanus,toxic,0.9750,True,276,Toxicodendron radicans,189,Cnidoscolus stimulosus,189,Cnidoscolus stimulosus,276,Toxicodendron radicans,276,Toxicodendron radicans,276,Toxicodendron radicans,0.9710,True,335,Toxicodendron radicans,182,Cnidoscolus stimulosus,182,Cnidoscolus stimulosus,320,Apocynum cannabinum,320,Apocynum cannabinum,320,Apocynum cannabinum,276,182,182,276,276,276
S51,toxic,toxic_Lonicera_maackii_406226268.jpg,Lonicera maackii,toxic,0.9363,True,109,Toxicodendron radicans,84,Cynanchum laeve,84,Cynanchum laeve,84,Cynanchum laeve,84,Cynanchum laeve,84,Cynanchum laeve,0.9279,True,147,Toxicodendron radicans,78,Apocynum cannabinum,78,Apocynum cannabinum,78,Apocynum cannabinum,78,Apocynum cannabinum,78,Apocynum cannabinum,109,78,78,78,78,78
S51,toxic,toxic_Eupatorium_serotinum_404623579.jpg,Eupatorium serotinum,toxic,0.9780,True,121,Phytolacca americana,27,Clematis drummondii,27,Clematis drummondii,84,Apocynum cannabinum,84,Apocynum cannabinum,84,Apocynum cannabinum,0.9740,True,72,Phytolacca americana,72,Phytolacca americana,72,Phytolacca americana,72,Phytolacca americana,72,Phytolacca americana,72,Phytolacca americana,72,27,27,72,72,72
S51,toxic,toxic_Ligustrum_sinense_395276789.jpg,Ligustrum sinense,toxic,0.8854,True,644,Toxicodendron radicans,26,Clematis drummondii,26,Clematis drummondii,310,Euphorbia hypericifolia,310,Euphorbia hypericifolia,310,Euphorbia hypericifolia,0.9341,True,532,Phytolacca americana,34,Vitis mustangensis,34,Vitis mustangensis,495,Euphorbia hypericifolia,495,Euphorbia hypericifolia,495,Euphorbia hypericifolia,532,26,26,310,310,310
S51,toxic,toxic_Hexastylis_arifolia_396808078.jpg,Hexastylis arifolia,toxic,0.9748,True,575,Toxicodendron pubescens,36,Syngonium podophyllum,36,Syngonium podophyllum,233,Ranunculus abortivus,233,Ranunculus abortivus,233,Ranunculus abortivus,0.9733,True,235,Toxicodendron pubescens,86,Cnidoscolus stimulosus,86,Cnidoscolus stimulosus,235,Toxicodendron pubescens,235,Toxicodendron pubescens,235,Toxicodendron pubescens,235,36,36,233,233,233
S51,toxic,toxic_Hedera_helix_406160784.jpg,Hedera helix,toxic,0.9846,True,49,Toxicodendron radicans,24,Arum italicum,24,Arum italicum,24,Arum italicum,24,Arum italicum,24,Arum italicum,0.9767,True,57,Toxicodendron radicans,14,Dioscorea communis,14,Dioscorea communis,19,Arum italicum,19,Arum italicum,19,Arum italicum,49,14,14,19,19,19
S51,toxic,toxic_Parthenocissus_quinquefolia_406476317.jpg,Parthenocissus quinquefolia,toxic,0.9786,True,3,Toxicodendron radicans,2,Parthenocissus inserta,2,Parthenocissus inserta,3,Toxicodendron radicans,3,Toxicodendron radicans,3,Toxicodendron radicans,0.9766,True,3,Toxicodendron radicans,2,Parthenocissus inserta,2,Parthenocissus inserta,3,Toxicodendron radicans,3,Toxicodendron radicans,3,Toxicodendron radicans,3,2,2,3,3,3
S51,toxic,toxic_Acer_negundo_404938271.jpg,Acer negundo,toxic,0.5205,True,486,Phytolacca americana,14,Ficus pumila,14,Ficus pumila,261,Euphorbia hypericifolia,261,Euphorbia hypericifolia,261,Euphorbia hypericifolia,0.4129,False,482,Phytolacca americana,13,Ficus pumila,13,Ficus pumila,208,Euphorbia hypericifolia,208,Euphorbia hypericifolia,208,Euphorbia hypericifolia,486,14,14,261,261,261
S51,toxic,toxic_Cornus_florida_399165586.jpg,Cornus florida,toxic,0.9648,True,24,Phytolacca americana,24,Phytolacca americana,24,Phytolacca americana,24,Phytolacca americana,24,Phytolacca americana,24,Phytolacca americana,0.9726,True,140,Phytolacca americana,140,Phytolacca americana,140,Phytolacca americana,140,Phytolacca americana,140,Phytolacca americana,140,Phytolacca americana,24,24,24,24,24,24
S51,toxic,toxic_Nandina_domestica_399938263.jpg,Nandina domestica,toxic,0.9624,True,127,Toxicodendron radicans,2,Schinus terebinthifolia,2,Schinus terebinthifolia,127,Toxicodendron radicans,127,Toxicodendron radicans,127,Toxicodendron radicans,0.9673,True,172,Toxicodendron vernix,48,Schinus terebinthifolia,48,Schinus terebinthifolia,172,Toxicodendron vernix,172,Toxicodendron vernix,172,Toxicodendron vernix,127,2,2,127,127,127
S51,non_plant,non_plant_Laptop_computer_monitor__Unsplash_.jpg,computer monitor,safe,0.0228,False,1551,Toxicodendron rydbergii,206,Euphorbia bicolor,206,Euphorbia bicolor,465,Euphorbia hypericifolia,465,Euphorbia hypericifolia,465,Euphorbia hypericifolia,0.0270,False,1632,Solanum carolinense,210,Euphorbia hypericifolia,210,Euphorbia hypericifolia,210,Euphorbia hypericifolia,210,Euphorbia hypericifolia,210,Euphorbia hypericifolia,1000000000,1000000000,1000000000,1000000000,1000000000,1000000000
S51,non_plant,non_plant_Old_dirty_working_computer__Unsplash_.jpg,computer monitor,safe,0.0189,False,1235,Toxicodendron pubescens,17,Euphorbia myrsinites,17,Euphorbia myrsinites,260,Euphorbia hypericifolia,260,Euphorbia hypericifolia,260,Euphorbia hypericifolia,0.0162,False,466,Toxicodendron pubescens,72,Euphorbia myrsinites,72,Euphorbia myrsinites,144,Euphorbia hypericifolia,144,Euphorbia hypericifolia,144,Euphorbia hypericifolia,1000000000,1000000000,1000000000,1000000000,1000000000,1000000000
S51,non_plant,non_plant_Statistics_on_a_laptop__Unsplash_.jpg,laptop screen,safe,0.0233,False,1736,Phytolacca americana,80,Solanum mauritianum,80,Solanum mauritianum,159,Euphorbia hypericifolia,159,Euphorbia hypericifolia,159,Euphorbia hypericifolia,0.0259,False,2003,Solanum carolinense,12,Euphorbia hypericifolia,12,Euphorbia hypericifolia,12,Euphorbia hypericifolia,12,Euphorbia hypericifolia,12,Euphorbia hypericifolia,1000000000,1000000000,1000000000,1000000000,1000000000,1000000000
S51,non_plant,non_plant_Online_store_on_a_screen__Unsplash_.jpg,laptop screen,safe,0.0364,False,365,Phytolacca americana,26,Ficus pumila,26,Ficus pumila,129,Euphorbia ophthalmica,129,Euphorbia ophthalmica,129,Euphorbia ophthalmica,0.0401,False,1651,Solanum carolinense,521,Nolina texana,521,Nolina texana,876,Euphorbia hypericifolia,876,Euphorbia hypericifolia,876,Euphorbia hypericifolia,1000000000,1000000000,1000000000,1000000000,1000000000,1000000000
S51,non_plant,non_plant_Man_with_smartphone_and_laptop__Unsplash_.jpg,smartphone,safe,0.0023,False,284,Toxicodendron vernix,128,Apocynum cannabinum,128,Apocynum cannabinum,128,Apocynum cannabinum,128,Apocynum cannabinum,128,Apocynum cannabinum,0.0093,False,692,Toxicodendron radicans,138,Symplocarpus foetidus,138,Symplocarpus foetidus,290,Hypericum punctatum,290,Hypericum punctatum,290,Hypericum punctatum,1000000000,1000000000,1000000000,1000000000,1000000000,1000000000
S51,non_plant,non_plant_Nordic_walker_with_smartphone__Unsplash_.jpg,smartphone,safe,0.0269,False,1500,Toxicodendron pubescens,128,Schinus terebinthifolia,128,Schinus terebinthifolia,558,Euphorbia hypericifolia,558,Euphorbia hypericifolia,558,Euphorbia hypericifolia,0.0785,False,1448,Toxicodendron pubescens,131,Schinus terebinthifolia,131,Schinus terebinthifolia,451,Euphorbia hypericifolia,451,Euphorbia hypericifolia,451,Euphorbia hypericifolia,1000000000,1000000000,1000000000,1000000000,1000000000,1000000000
S51,non_plant,non_plant_Vintage_television__Unsplash_.jpg,television,safe,0.0236,False,1954,Phytolacca americana,69,Ranunculus sceleratus,69,Ranunculus sceleratus,180,Euphorbia hypericifolia,180,Euphorbia hypericifolia,180,Euphorbia hypericifolia,0.0411,False,1586,Phytolacca americana,44,Ranunculus sceleratus,44,Ranunculus sceleratus,195,Euphorbia hypericifolia,195,Euphorbia hypericifolia,195,Euphorbia hypericifolia,1000000000,1000000000,1000000000,1000000000,1000000000,1000000000
S51,non_plant,non_plant_Woman_Sketch_Man_Portrait__Unsplash_.jpg,woman portrait,safe,0.0316,False,91,Toxicodendron radicans,91,Toxicodendron radicans,91,Toxicodendron radicans,91,Toxicodendron radicans,91,Toxicodendron radicans,91,Toxicodendron radicans,0.0355,False,871,Toxicodendron pubescens,31,Euphorbia bicolor,31,Euphorbia bicolor,326,Verbascum thapsus,326,Verbascum thapsus,326,Verbascum thapsus,1000000000,1000000000,1000000000,1000000000,1000000000,1000000000
S51,non_plant,non_plant_Portrait_of_elderly_woman__Unsplash_.jpg,woman portrait,safe,0.0164,False,260,Toxicodendron radicans,20,Ficus pumila,20,Ficus pumila,260,Toxicodendron radicans,260,Toxicodendron radicans,260,Toxicodendron radicans,0.0325,False,590,Toxicodendron radicans,5,Ficus pumila,5,Ficus pumila,77,Euphorbia hypericifolia,77,Euphorbia hypericifolia,77,Euphorbia hypericifolia,1000000000,1000000000,1000000000,1000000000,1000000000,1000000000
S51,non_plant,non_plant_Gray-haired_man_portrait__Unsplash_.jpg,man portrait,safe,0.0657,False,1353,Phytolacca americana,31,Plumeria rubra,31,Plumeria rubra,196,Ricinus communis,196,Ricinus communis,196,Ricinus communis,0.0767,False,1317,Phytolacca americana,34,Plumeria rubra,34,Plumeria rubra,236,Ricinus communis,236,Ricinus communis,236,Ricinus communis,1000000000,1000000000,1000000000,1000000000,1000000000,1000000000
S51,non_plant,non_plant_Portrait_of_a_man__Unsplash_.jpg,man portrait,safe,0.0620,False,1470,Toxicodendron diversilobum,39,Plumeria rubra,39,Plumeria rubra,236,Ricinus communis,236,Ricinus communis,236,Ricinus communis,0.1306,False,1208,Toxicodendron diversilobum,90,Plumeria rubra,90,Plumeria rubra,201,Ricinus communis,201,Ricinus communis,201,Ricinus communis,1000000000,1000000000,1000000000,1000000000,1000000000,1000000000
S51,non_plant,non_plant_Happy_Child__Unsplash_.jpg,child,safe,0.0753,False,1703,Toxicodendron diversilobum,89,Plumeria rubra,89,Plumeria rubra,135,Ricinus communis,135,Ricinus communis,135,Ricinus communis,0.0667,False,1135,Toxicodendron vernix,98,Plumeria rubra,98,Plumeria rubra,227,Ricinus communis,227,Ricinus communis,227,Ricinus communis,1000000000,1000000000,1000000000,1000000000,1000000000,1000000000
S51,non_plant,non_plant_People_crossing_street__Unsplash_.jpg,people street,safe,0.0143,False,176,Toxicodendron rydbergii,28,Euphorbia myrsinites,28,Euphorbia myrsinites,98,Verbascum thapsus,98,Verbascum thapsus,98,Verbascum thapsus,0.0171,False,93,Toxicodendron rydbergii,93,Toxicodendron rydbergii,93,Toxicodendron rydbergii,93,Toxicodendron rydbergii,93,Toxicodendron rydbergii,93,Toxicodendron rydbergii,1000000000,1000000000,1000000000,1000000000,1000000000,1000000000
S51,non_plant,non_plant_People_walking_across_urban_street__Unsplash_.jpg,people street,safe,0.0462,False,1210,Toxicodendron radicans,16,Crassula ovata,16,Crassula ovata,268,Ricinus communis,268,Ricinus communis,268,Ricinus communis,0.0617,False,1562,Phytolacca americana,32,Plumeria rubra,32,Plumeria rubra,293,Ricinus communis,293,Ricinus communis,293,Ricinus communis,1000000000,1000000000,1000000000,1000000000,1000000000,1000000000
S51,non_plant,non_plant_Confetti_on_asphalt__Unsplash_.jpg,asphalt,safe,0.0554,False,752,Phytolacca americana,1,Ficus pumila,1,Ficus pumila,37,Euphorbia ophthalmica,37,Euphorbia ophthalmica,37,Euphorbia ophthalmica,0.0485,False,459,Phytolacca americana,2,Ficus pumila,2,Ficus pumila,98,Euphorbia ophthalmica,98,Euphorbia ophthalmica,98,Euphorbia ophthalmica,1000000000,1000000000,1000000000,1000000000,1000000000,1000000000
S51,non_plant,non_plant_Glasses_on_asphalt__Unsplash_.jpg,asphalt,safe,0.0217,False,2521,Phytolacca americana,105,Ranunculus sceleratus,105,Ranunculus sceleratus,286,Euphorbia hypericifolia,286,Euphorbia hypericifolia,286,Euphorbia hypericifolia,0.0186,False,1904,Phytolacca americana,17,Ficus pumila,17,Ficus pumila,220,Euphorbia hypericifolia,220,Euphorbia hypericifolia,220,Euphorbia hypericifolia,1000000000,1000000000,1000000000,1000000000,1000000000,1000000000
S51,non_plant,non_plant_Crosswalk__Unsplash_cjgDWi-yIxE_.jpg,crosswalk,safe,0.0106,False,27,Toxicodendron radicans,27,Toxicodendron radicans,27,Toxicodendron radicans,27,Toxicodendron radicans,27,Toxicodendron radicans,27,Toxicodendron radicans,0.0110,False,406,Toxicodendron pubescens,20,Euphorbia bicolor,20,Euphorbia bicolor,134,Euphorbia hypericifolia,134,Euphorbia hypericifolia,134,Euphorbia hypericifolia,1000000000,1000000000,1000000000,1000000000,1000000000,1000000000
S51,non_plant,non_plant_Industrial_Parking_Lot__Unsplash_.jpg,parking lot,safe,0.0179,False,1493,Phytolacca americana,3,Plumeria rubra,3,Plumeria rubra,55,Euphorbia hypericifolia,55,Euphorbia hypericifolia,55,Euphorbia hypericifolia,0.0589,False,1128,Solanum carolinense,18,Codiaeum variegatum,18,Codiaeum variegatum,177,Ricinus communis,177,Ricinus communis,177,Ricinus communis,1000000000,1000000000,1000000000,1000000000,1000000000,1000000000
S51,non_plant,non_plant_Labrador_urban_sidewalk__Unsplash_.jpg,sidewalk,safe,0.0086,False,1073,Toxicodendron radicans,11,Plumeria rubra,11,Plumeria rubra,162,Ricinus communis,162,Ricinus communis,162,Ricinus communis,0.0070,False,295,Phytolacca americana,33,Plumeria rubra,33,Plumeria rubra,63,Cynanchum laeve,63,Cynanchum laeve,63,Cynanchum laeve,1000000000,1000000000,1000000000,1000000000,1000000000,1000000000
S51,non_plant,non_plant_Mong_Kok_city_sidewalk__Unsplash_.jpg,sidewalk,safe,0.0060,False,372,Toxicodendron vernix,40,Plumeria rubra,40,Plumeria rubra,184,Ricinus communis,184,Ricinus communis,184,Ricinus communis,0.0096,False,63,Toxicodendron rydbergii,16,Verbascum thapsus,16,Verbascum thapsus,16,Verbascum thapsus,16,Verbascum thapsus,16,Verbascum thapsus,1000000000,1000000000,1000000000,1000000000,1000000000,1000000000
S51,non_plant,non_plant_Houston_sneakers__Unsplash_.jpg,sneakers,safe,0.0265,False,553,Phytolacca americana,29,Ficus pumila,29,Ficus pumila,176,Euphorbia ophthalmica,176,Euphorbia ophthalmica,176,Euphorbia ophthalmica,0.0329,False,275,Toxicodendron radicans,58,Ficus pumila,58,Ficus pumila,275,Toxicodendron radicans,275,Toxicodendron radicans,275,Toxicodendron radicans,1000000000,1000000000,1000000000,1000000000,1000000000,1000000000
S51,non_plant,non_plant_Sheep_dog_and_fence_Lipoglav__Unsplash_.jpg,dog,safe,0.0038,False,2199,Toxicodendron rydbergii,69,Crassula ovata,69,Crassula ovata,696,Verbascum thapsus,696,Verbascum thapsus,696,Verbascum thapsus,0.0692,False,414,Toxicodendron rydbergii,94,Schinus terebinthifolia,94,Schinus terebinthifolia,414,Toxicodendron rydbergii,414,Toxicodendron rydbergii,414,Toxicodendron rydbergii,1000000000,1000000000,1000000000,1000000000,1000000000,1000000000
S51,non_plant,non_plant_Wedding_car__Unsplash_.jpg,car,safe,0.0073,False,1785,Toxicodendron radicans,8,Plumeria rubra,8,Plumeria rubra,220,Ricinus communis,220,Ricinus communis,220,Ricinus communis,0.0303,False,993,Phytolacca americana,49,Calotropis gigantea,49,Calotropis gigantea,195,Cynanchum laeve,195,Cynanchum laeve,195,Cynanchum laeve,1000000000,1000000000,1000000000,1000000000,1000000000,1000000000
S51,non_plant,non_plant_Hell_s_Kitchen__Unsplash_.jpg,kitchen,safe,0.0261,False,654,Toxicodendron rydbergii,8,Euphorbia cyparissias,8,Euphorbia cyparissias,357,Euphorbia hypericifolia,357,Euphorbia hypericifolia,357,Euphorbia hypericifolia,0.1787,False,1490,Toxicodendron radicans,45,Monstera deliciosa,45,Monstera deliciosa,369,Euphorbia ophthalmica,369,Euphorbia ophthalmica,369,Euphorbia ophthalmica,1000000000,1000000000,1000000000,1000000000,1000000000,1000000000
S51,non_plant,non_plant_Abstract_spiral_pattern__Unsplash_.jpg,building,safe,0.2601,False,1346,Toxicodendron rydbergii,68,Nolina texana,68,Nolina texana,518,Euphorbia hypericifolia,518,Euphorbia hypericifolia,518,Euphorbia hypericifolia,0.1169,False,1690,Toxicodendron vernix,189,Eucnide urens,189,Eucnide urens,916,Apocynum cannabinum,916,Apocynum cannabinum,916,Apocynum cannabinum,1000000000,1000000000,1000000000,1000000000,1000000000,1000000000
S51,non_plant,non_plant_White_bicycle__Unsplash_.jpg,bicycle,safe,0.0904,False,437,Toxicodendron rydbergii,437,Toxicodendron rydbergii,437,Toxicodendron rydbergii,437,Toxicodendron rydbergii,437,Toxicodendron rydbergii,437,Toxicodendron rydbergii,0.1507,False,38,Solanum carolinense,12,Cynanchum laeve,12,Cynanchum laeve,12,Cynanchum laeve,12,Cynanchum laeve,12,Cynanchum laeve,1000000000,1000000000,1000000000,1000000000,1000000000,1000000000
S51,non_plant,non_plant_Living_room__Unsplash_.jpg,living room,safe,0.0784,False,658,Phytolacca americana,1,Araujia sericifera,1,Araujia sericifera,115,Euphorbia hypericifolia,115,Euphorbia hypericifolia,115,Euphorbia hypericifolia,0.0467,False,459,Phytolacca americana,1,Araujia sericifera,1,Araujia sericifera,3,Cynanchum laeve,3,Cynanchum laeve,3,Cynanchum laeve,1000000000,1000000000,1000000000,1000000000,1000000000,1000000000
