species,common,sightings,reason_class,sense,usda,stub,article_chars,proposed_rule_flag,recommendation,note,evidence
Persicaria longiseta,low smartweed,184,stub,,,True,1410,True,keep,,stub: 1410 chars
Phytolacca americana,American pokeweed,156,human,,,False,13240,True,keep,,"Phytolacca americana, also known as American pokeweed, pokeweed, polk salad, poke sallet, pokeberry, dragonberries, pigeonberry weed, and inkberry, is a poisonous, herbaceous, perennial plant in the pokeweed family Phytolaccaceae. | , for species that are unaffected by its mammalian toxins). | Pokew"
Eupatorium capillifolium,dogfennel,151,human,,,False,2288,True,keep,,"These moths feed on the plant while mature, to store its toxins and ward off predators. | Toxicity"
Euonymus americanus,strawberry bush,139,human,,,False,4661,True,keep,,"In fact, this genus of plants in general is considered poisonous to humans."
Lonicera maackii,Amur honeysuckle,124,human,,,False,7578,True,keep,,"The berries, on the other hand, are mildly poisonous to humans and therefore should not be consumed."
Eupatorium serotinum,late boneset,92,stub,,,True,1296,True,keep,,stub: 1296 chars
Ligustrum sinense,Chinese privet,90,human,,,False,2115,True,keep,,"3 in) diameter, and considered poisonous."
Hedera helix,common ivy,83,human,,,False,14093,True,keep,,"Toxicity and medical uses | Ivy berries are somewhat poisonous to humans, but extracts from ivy leaves are part of current cough medicines. | helix, it is mildly poisonous to animals like rabbits and can lead to anemia. | In a hunting session for resources, birds would restrict the number of ivy ber"
Parthenocissus quinquefolia,Virginia creeper,69,human,,,False,6110,True,keep,,These berries contain toxic amounts of oxalic acid and have been known to cause kidney damage and death to humans.
Acer negundo,box elder,64,animals-only,,,False,12297,True,user-decides,Toxicity section: seeds' hypoglycin A causes seasonal pasture myopathy in horses,Toxicity
Cornus florida,flowering dogwood,63,human,,,False,11782,True,keep,,"For humans, the fruit is poisonous."
Nandina domestica,Heavenly bamboo,63,human,,,False,6989,True,keep,,"Although a popular ornamental shrub, the berries are toxic to birds, especially towards the end of the winter when other food sources become scarce. | Nandina is extremely toxic to birds and mammals. | Toxicity | All parts of the plant are poisonous, containing compounds that decompose to produce hy"
Toxicodendron radicans,eastern poison ivy,62,human,,,False,15271,True,keep,,Toxicity | The oozing fluids released by scratching blisters do not spread the poison. | The appearance of a spreading rash indicates that some areas received more of the poison and reacted sooner than other areas or that contamination is still occurring from contact with objects to which the origin
Solanum carolinense,Carolina horsenettle,57,human,,,False,5258,True,keep,,"Toxicity | However all parts of the plant, including its tomato-like fruit, contain toxins in varying degrees due to the presence of solanine glycoalkaloids which is a toxic alkaloid and one of the plant's natural defenses. | Most mammals avoid eating the stems and leaves due to both the spines and "
Juglans nigra,eastern black walnut,57,irrelevant,allelopathy,,False,22275,False,unflag,walnut toxicity to other plants; juglone poisoning of plants,"Anecdotally, records of walnut toxicity to other plants have been observed as far back as the first century when Pliny the Elder wrote: ""The shadow of walnut trees is poison to all plants within its compass. | Symptoms of juglone poisoning include foliar yellowing and wilting."
Acer rubrum,red maple,56,animals-only,,,False,23067,True,user-decides,leaves extremely toxic to horses,"Toxicity | The leaves of red maple, especially when dead or wilted, are extremely toxic to horses. | The toxin is unknown, but believed to be an oxidant because it damages red blood cells, causing acute oxidative hemolysis that inhibits the transport of oxygen. | 5 pounds) of leaves is considered to"
Asimina triloba,common pawpaw,56,human,,,False,40461,True,keep,,"Pawpaw defends against herbivory by producing strong-smelling natural toxins known as acetogenins. | As well, because toxins in the bark, twigs, and leaves of pawpaw repel herbivory, forests browsed by overpopulated deer offer pawpaw even more competitive advantages. | In the eastern United States, "
Ilex opaca,American holly,54,human,,,False,6725,True,keep,,"They are poisonous to dogs, cats, and humans, often causing diarrhea, vomiting, dehydration, and drowsiness if ingested."
Perilla frutescens,beefsteak plant,54,animals-only,,,False,7651,True,user-decides,"toxic to cattle, ruminants, horses","In the United States, Perilla frutescens is a pest weed, toxic to cattle after ingestion. | Toxicity | Although perilla is widely cultivated as an edible plant for humans, it is toxic to cattle and other ruminants, as well as horses."
Quercus alba,white oak,52,usda,,moderate,False,11951,True,keep,,usda: moderate
Berberis bealei,leatherleaf mahonia,50,irrelevant,etiology,,False,5832,False,unflag,treats food poisoning,This plant can also be used to treat bacterial infections such as dysentery and food poisoning.
Lonicera japonica,Japanese honeysuckle,45,human,,,False,5958,True,keep,,Toxicity | All parts of the plant other than the flower nectar have the potential to be toxic if consumed in a very large quantity for its saponin.
Lobelia cardinalis,cardinal flower,42,human,,,False,3873,True,keep,,"Toxicity | cardinalis contains a number of naturally occurring, toxic alkaloids, including lobelanine and lobeline, thus rendering the species potentially harmful if ingested."
Physalis angulata,cutleaf groundcherry,41,human,,,False,1473,True,keep,,"However, all other parts of the plant are poisonous. | Unripe raw fruits, flowers, leaves, and stems of the plant contain solanine and solanidine alkaloids that may cause poisoning if ingested by humans, cattle, or horses."
Verbesina alternifolia,Wingstem,39,stub,,,True,1461,True,keep,,stub: 1461 chars
Lycoris radiata,red spider lily,38,human,,,False,9671,True,keep,,"Toxicity and medicinal applications | Like all members of the genus Lycoris, the bulbs of Lycoris radiata are poisonous, mostly due to the presence of the toxic alkaloid lycorine. | The lilies are purposefully planted near rice fields in order to deter mice and other animals from invading the rice p"
Campsis radicans,American trumpet vine,36,human,,,False,5183,True,keep,,"However, the plant is slightly toxic if ingested, and contact with flowers and leaves can result in swelling and skin redness. | Toxicity"
Glechoma hederacea,ground-ivy,30,animals-only,,,False,9976,True,user-decides,"toxic to livestock/horses, rodents; borax toxic to ants","However, borax is toxic to ants and to animals at only slightly higher concentrations, and does not break down in the environment. | Although it has been used by humans as a salad green and in herbal medicines for thousands of years, the species is also believed to be toxic to livestock, particularl"
Persicaria sagittata,arrow-leaved tearthumb,30,stub,,,True,765,True,keep,,stub: 765 chars
Solidago caesia,bluestem goldenrod,29,stub,,,True,748,True,keep,,stub: 748 chars
Melothria pendula,creeping cucumber,29,other,,,False,1025,True,keep,'unknown toxicity' (also stub),"Toxicity | The root, vines, leaves, and flowers have unknown toxicity."
Jacquemontia tamnifolia,Hairy cluster-vine,29,stub,,,True,1262,True,keep,,stub: 1262 chars
Rudbeckia laciniata,cutleaf coneflower,28,animals-only,,,False,5068,True,user-decides,"toxic to animals/livestock (horses, sheep, pigs)","Although toxic to animals, the leaves have culinary uses. | Toxicity | The plant is somewhat toxic to livestock. | One report cites circumstantial evidence of poisoning to horses, sheep and pigs. | This is assumed to be done to remove toxins, although there is little evidence of their presence."
Verbesina virginica,frostweed,27,stub,,,True,1304,True,keep,,stub: 1304 chars
Vaccinium arboreum,sparkleberry,26,stub,,,True,1391,True,keep,,stub: 1391 chars
Juniperus virginiana,eastern redcedar,25,human,,,False,11056,True,keep,,"One minor compound is the podophyllotoxin, a non-alkaloid toxin lignan."
Verbascum thapsus,great mullein,25,irrelevant,fish,,False,20003,False,unflag,seed compounds toxic to fish (piscicide),"The seeds contain several compounds (saponins, glycosides, coumarin, rotenone) that are toxic to fish, and have been widely used as piscicide for fishing."
Onoclea sensibilis,sensitive fern,25,animals-only,,,False,12399,True,user-decides,equine poisoning; human toxicity not defined,"Toxicity | MammalOnoclea sensibilis has been implicated in equine poisoning and death, especially if eaten in quantity. | The exact cause is unproven, but thiaminase poisoning, causing an extreme Vitamin B1 deficiency is suspected. | Its human toxicity is not well defined; no specific warnings for O"
Helianthus angustifolius,narrowleaf sunflower,25,stub,,,True,1468,True,keep,,stub: 1468 chars
Monotropa uniflora,Ghost Pipe,24,human,,,False,4789,True,keep,,Toxicity | The plant contains glycosides and may be toxic to humans.
Prunus caroliniana,Carolina laurelcherry,23,human,,,False,2549,True,keep,,"Toxicity | The leaves and branches contain high amounts of cyanogenic glycosides that break down into hydrogen cyanide when damaged, making it a potential toxic hazard to grazing livestock and children."
Senna obtusifolia,American Sicklepod,22,animals-only,,,False,6899,True,user-decides,"toxic to cattle, sheep, goats","Mammalian herbivory is rare due to the foliage's foul taste and toxicity, which is known to poison livestock. | Toxicity in cattle, sheep and goats | Ingested in larger quantities, Senna obtusifolia is toxic to cattle, sheep and goats. | Seasonal variation in toxicity of the plant has been reported."
Baccharis halimifolia,groundsel tree,22,human,,,False,4172,True,keep,,Toxicity | The seeds of Baccharis halimifolia are toxic to humans.
Lobelia puberula,downy lobelia,22,stub,,,True,974,True,keep,,stub: 974 chars
Diodia virginiana,buttonweed,22,stub,,,True,1080,True,keep,,stub: 1080 chars
Ageratina altissima,white snakeroot,21,human,,,False,4726,True,keep,,"Ageratina altissima, also known as white snakeroot, richweed, or white sanicle, is a poisonous perennial herb in the family Asteraceae, native to eastern and central North America. | Toxicity | White snakeroot contains the toxin tremetol; when the plants are consumed by cattle, the meat and milk bec"
Pleopeltis michauxiana,resurrection fern,21,stub,,,True,542,True,keep,,stub: 542 chars
Cephalanthus occidentalis,buttonbush,20,human,,,False,3254,True,keep,,"Deer browse the foliage, which is poisonous to livestock. | Cephalanthus occidentalis has a number of historical medicinal uses, but it is also toxic due to the presence of cephalanthin."
Ipomoea lacunosa,White Morning-glory,20,human,,,False,4189,True,keep,,In some cases the amount of alkaloid in the plant can make it toxic.
Gonolobus suberosus,Anglepod,19,stub,,,True,446,True,keep,,stub: 446 chars
Smallanthus uvedalia,bear's foot,19,stub,,,True,683,True,keep,,stub: 683 chars
Fallopia scandens,climbing false buckwheat,19,stub,,,True,447,True,keep,,stub: 447 chars
Prunus serotina,black cherry,18,animals-only,,severe,False,5941,True,keep (usda/stub),wilted leaves poison livestock (also USDA severe),"Farmers are recommended to remove any trees that fall in a field containing livestock, because the wilted leaves could poison the animals. | Entire fencerows can be lined with this poisonous tree, making it difficult to monitor all the branches falling into the grazing area."
Helenium amarum,Bitterweed,18,human,,,False,1156,True,keep,,The plant is somewhat toxic to mammals and insects due to the presence of the lactone tenulin.
Trichostema dichotomum,Blue Curls,18,stub,,,True,1109,True,keep,,stub: 1109 chars
Solanum emulans,eastern black nightshade,18,stub,,,True,545,True,keep,,stub: 545 chars
Conocephalum salebrosum,Snakewort,17,stub,,,True,760,True,keep,,stub: 760 chars
Woodwardia areolata,netted chain fern,17,stub,,,True,1376,True,keep,,stub: 1376 chars
Collinsonia canadensis,citronella horse balm,17,irrelevant,no claim,,False,1188,True,keep (rule can't separate),'toxic or otherwise' (also stub),"However, European-American settlers in North America did not often use this species after they initially discovered it, due to it lacking any conspicuous qualities, toxic or otherwise."
Mazus pumilus,Asian mazus,16,stub,,,True,741,True,keep,,stub: 741 chars
Ailanthus altissima,tree-of-heaven,15,human,,moderate,False,37622,True,keep,,"Along highways, it often forms dense thickets in which few other tree species are present, largely due to the toxins it produces to prevent competition. | The roots are poisonous to humans according to Elbert Luther Little. | Other parts are also suspected of being poisonous with illness being repor"
Melia azedarach,Chinaberry,14,human,,,False,7648,True,keep,,"azedarach leaves and fruits have been used as a natural insecticide to keep with stored food, but must not be eaten as they are highly poisonous. | Toxicity | If the endocarp is crushed or damaged during ingestion or digestion, the animal will be exposed to the toxins within the seed. | The processe"
Euphorbia maculata,Spotted spurge,14,human,,,False,4830,True,keep,,"The milky sap of plants in genus Euphorbia is poisonous and considered carcinogenic. | Toxicity | Euphorbia maculata, like much of the Euphorbiaceae is considered toxic. | The toxins come from a thin, white, milky sap that is produced when either the leaf or the stem gets broken. | Due to toxicity, "
Myriophyllum aquaticum,Parrot's feather,14,irrelevant,herbicide,,False,5658,False,unflag,absorption of the poison (herbicide),"The effectiveness of herbicides in controlling the growth of this species has been found to be limited, partly due to the plant's waxy cuticle, which acts as an effective barrier to the absorption of the poison."
Osmundastrum cinnamomeum,cinnamon fern,14,animals-only,,,False,14236,True,user-decides,toxic to most herbivores; accumulated lanthanum toxic to most mammals,"Like most ferns, the cinnamon fern is toxic to most herbivores in its adult stage and is generally avoided. | Ferns of the Osmundaceae family tend to carry a high amount of lanthanum which is toxic to most mammals."
Arum italicum,Italian arum,13,human,,,False,3880,True,keep,,"Toxicity | Leaves, fruits and rhizomes contain compounds that make them poisonous."
Vernonia gigantea,Tall Ironweed,13,stub,,,True,1348,True,keep,,stub: 1348 chars
Sonchus asper,prickly sowthistle,12,stub,,,True,1201,True,keep,,stub: 1201 chars
Apios americana,American groundnut,12,human,,,False,21417,True,keep,,Toxicity
Bidens bipinnata,Spanish needles,11,stub,,,True,763,True,keep,,stub: 763 chars
Quercus marilandica,blackjack oak,11,animals-only,,,False,3246,True,user-decides,tannic acid poisoning in cattle,"Blackjacks may, however, cause tannic acid poisoning in cattle."
Sambucus canadensis,American black elderberry,11,human,,,False,2310,True,keep,,"Most parts of the plant are toxic with cyanogenic glycosides, but the ripe berries can be cooked for food use with the seeds removed. | Toxicity | Inedible parts of the plant, such as the leaves, stems, roots, seeds and unripe fruits, can be toxic due to the presence of cyanogenic glycosides and alk"
Euonymus alatus,winged euonymus,11,human,,,False,3504,True,keep,,"All parts of the plant are toxic by ingestion, causing severe discomfort."
Quercus stellata,post oak,11,animals-only,,moderate,False,3410,True,keep (usda/stub),toxic to cattle (also USDA moderate),"It is used for food for deer, turkeys, squirrels, and other rodents, but because the nuts contain tannin, it is toxic to cattle."
Frangula caroliniana,Carolina buckthorn,11,stub,,,True,1157,True,keep,,stub: 1157 chars
Mirabilis jalapa,marvel of Peru,10,human,,,False,13790,True,keep,,The seeds are considered poisonous.
Helenium autumnale,common sneezeweed,10,animals-only,,severe,False,2375,True,keep (usda/stub),poisonous to ruminants (also USDA severe),The plant is poisonous to ruminants.
Scirpus cyperinus,woolgrass,10,stub,,,True,1352,True,keep,,stub: 1352 chars
Tephrosia virginiana,goat's rue,10,human,,,False,2423,True,keep,,"Toxicity | All tissues of this plant are toxic (containing rotenone), and should not be eaten by people or livestock. | Crushed stems were previously used as a fish poison."
Colocasia esculenta,Taro,10,human,,,False,59114,True,keep,,"In its raw form, the plant is toxic to pets and humans, due to the presence of calcium oxalate and the presence of needle-shaped raphides in the plant cells. | However, the toxin can be minimized and the tuber rendered palatable by cooking, or by steeping in cold water overnight. | Many varieties ar"
Kalmia latifolia,mountain laurel,9,human,,,False,6039,True,keep,,"All parts of the plant are poisonous. | All parts of this plant are toxic if ingested. | Toxicity | Mountain laurel is poisonous to several animals, including horses, goats, cattle, deer, monkeys, and humans, due to grayanotoxin and arbutin. | The green parts of the plant, flowers, twigs, and pollen"
Pteridium aquilinum,common bracken,9,human,,,False,8989,True,keep,,"Toxicity | Ptaquiloside also degenerates at room temperature, which explains why the rat studies were done with the toxin stored at . | Despite its established toxicity, P. | The toxicity and wide distribution has led to variation in cultural attitudes towards the consumption of the plant. | However"
Rubus trivialis,southern dewberry,9,stub,,,True,491,True,keep,,stub: 491 chars
Euphorbia cyathophora,wild poinsettia,9,stub,,,True,1223,True,keep,,stub: 1223 chars
Persicaria punctata,Dotted Smartweed,9,stub,,,True,849,True,keep,,stub: 849 chars
Commelina virginica,Virginia Dayflower,9,stub,,,True,1119,True,keep,,stub: 1119 chars
Solanum pseudocapsicum,Jerusalem cherry,9,human,,,False,6725,True,keep,,"Solanum pseudocapsicum is a nightshade species with mildly poisonous fruit. | The poisonous fruit is extremely similar to cherry tomatoes in taste and texture, and are therefore easily confused with them. | The Jerusalem cherry's poison is primarily solanocapsine, which is similar to other alkaloids"
Setaria pumila,yellow foxtail,8,stub,,,True,1009,True,keep,,stub: 1009 chars
Maianthemum racemosum,Solomon's plume,8,irrelevant,other plant,,False,4484,True,keep (rule can't separate),resembles highly toxic Veratrum,"racemosum closely resembles members of the genus Veratrum, a highly toxic group of plants to which it is distantly related, as well as baneberry. | Because it resembles plants of the highly toxic Veratrum genus, this species should not be consumed unless identification is positive."
Xanthium strumarium,rough cocklebur,8,human,,,False,2274,True,keep,,"Toxic or medicinal phytochemistry | However, while small quantities of parts of the mature plants may be consumed, the seeds and seedlings should not be eaten in large quantities because they contain significant concentrations of the extremely toxic chemical carboxyatractyloside. | The mature plant "
Sorghum halepense,Johnson grass,8,usda,,moderate,False,2956,True,keep,,usda: moderate
Symphyotrichum novae-angliae,New England aster,8,irrelevant,other plant,,False,17389,True,keep (rule can't separate),poisonous skin state caused by Rhus (sumac),"novanglia is employed in decoction internally, with a strong decoction externally, in many eruptive diseases of the skin: it removes also the poisonous state of the skin caused by Rhus or Shumac."
Panicum virgatum,switchgrass,8,animals-only,,,False,23963,True,user-decides,"toxicity in horses, sheep, goats; ethanol-fuel toxicity potential","Their models also suggested that the ""human toxicity potential"" and ""eco-toxicity potential"" were substantially greater for the high ethanol fuels (i. | Switchgrass is an excellent forage for cattle; however, it has shown toxicity in horses, sheep, and goats through chemical compounds known as sapon"
Polypremum procumbens,Rust Weed,8,stub,,,True,988,True,keep,,stub: 988 chars
Acmella repens,Oppositeleaf Spotflower,8,stub,,,True,354,True,keep,,stub: 354 chars
Vinca minor,lesser periwinkle,7,usda,,moderate,False,3688,True,keep,,usda: moderate
Datura stramonium,jimsonweed,7,human,,,False,18727,True,keep,,"Datura stramonium, known by the common names thornapple, jimsonweed (jimson weed) or stink blade, is a poisonous flowering plant in the Daturae tribe of the nightshade family Solanaceae. | It contains tropane alkaloids which are responsible for the psychoactive effects, and may be severely toxic. | "
Saururus cernuus,lizard's tail,7,animals-only,,,False,4080,True,user-decides,toxic to livestock if overeaten,It can be toxic to livestock if overeaten.
Ipomoea triloba,Littlebell,7,stub,,,True,638,True,keep,,stub: 638 chars
Celastrus orbiculatus,Asian bittersweet,7,human,,,False,13306,True,keep,,"All parts of the plant are poisonous. | Triclopyr is non-toxic to most animal and insect species and slightly toxic to some species of fish, but it has a half-life of less than a day in water, making it safe and effective for field use. | Despite the modest toxicity of its fruit, some livestock brow"
Modiola caroliniana,Bristly Mallow,7,stub,,,True,909,True,keep,,stub: 909 chars
Peltandra virginica,Green Arrow Arum,7,human,,,False,5989,True,keep,,Toxicity
Eupatorium perfoliatum,common boneset,7,human,,,False,3074,True,keep,,"perfoliatum and several of its related species are listed on the Poisonous Plants Database of the US Food and Drug Administration, with E."
Nothoscordum bivalve,crowpoison,7,irrelevant,name,,False,4107,True,keep (rule can't separate),common name 'crow poison',Nothoscordum bivalve is a species of flowering plant in the family Amaryllidaceae known by the common names crow poison and false garlic. | The common name crow poison allegedly stems from a Cherokee legend that the flowers were lethal to crows.
Vernonia noveboracensis,New York ironweed,7,irrelevant,negation,,False,1994,False,unflag,'nor is it toxic',"noveboracensis is not known to be an invasive species, nor is it toxic."
Phyllanthus tenellus,Mascarene Island leaf-flower,7,stub,,,True,1380,True,keep,,stub: 1380 chars
Smilax smallii,Lanceleaf Greenbrier,7,stub,,,True,767,True,keep,,stub: 767 chars
Robinia pseudoacacia,black locust,6,human,,,False,23130,True,keep,,"Toxicity | The bark, leaves, and wood are toxic to both humans and livestock. | Important constituents of the plant are the toxalbumin robin, which loses its toxicity when heated, and robinin, a nontoxic glucoside. | Although the bark and leaves are toxic, various reports suggest that the seeds and "
Morus alba,white mulberry,6,human,,,False,9472,True,keep,,Toxicity | Tests on laboratory rats have not found mulberry extract to present significant toxicity.
Cynodon dactylon,Bermuda grass,6,animals-only,,,False,5738,True,user-decides,"Toxicity section: Tifton 85 hybrid cyanide, livestock deaths",Toxicity
Daucus carota,wild carrot,6,human,,,False,9947,True,keep,,Toxicity | Laboratory tests show the compound is toxic to mice and to the water flea Daphnia magna. | Normal consumption of carrots has no toxic effect in humans.
Gelsemium sempervirens,yellow jessamine,6,human,,,False,2799,True,keep,,"Toxicity | All parts of this plant contain the toxic strychnine-related alkaloids gelsemine and gelseminine and should not be consumed. | The nectar is also toxic to honeybees, which may cause brood death when gathered by the bees. | Reduced parasite load increases foraging efficiency, and pollinato"
Heliotropium indicum,Indian Heliotrope,6,human,,,False,1230,True,keep,,It contains toxic pyrrolizidine alkaloids but has been used in traditional medicine. | Toxicity
Tridens flavus,purpletop tridens,6,stub,,,True,770,True,keep,,stub: 770 chars
Phegopteris hexagonoptera,broad beech fern,6,stub,,,True,1036,True,keep,,stub: 1036 chars
Lespedeza capitata,round-headed bush clover,6,irrelevant,etiology,,False,2097,False,unflag,antidote for poison,The Meskwaki used the roots to make an antidote for poison.
Nabalus altissimus,tall rattlesnake root,6,stub,,,True,603,True,keep,,stub: 603 chars
Euphorbia heterophylla,painted spurge,6,human,,,False,2258,True,keep,,The stalk exudes a toxic milky white latex. | Toxicity | Toxicity is documented in most members of the genus Euphorbia.
Thuidium delicatulum,delicate fern moss,6,stub,,,True,200,True,keep,,stub: 200 chars
Asclepias syriaca,common milkweed,5,human,,,False,9557,True,keep,,"The plant's latex contains large quantities of cardiac glycosides, making the leaves and stems of old tall plants toxic to humans and large animals. | Euell Gibbons, the author of Stalking the Wild Asparagus (1962), wrote that milkweed is bitter and toxic. | However, he may have inadvertently prepar"
Hypochaeris radicata,Common Cat's-ear,5,animals-only,,,False,10318,True,user-decides,Toxicity section: stringhalt in horses; otherwise non-poisonous,Toxicity
Gleditsia triacanthos,honey locust,5,irrelevant,other plant,,False,21342,True,keep (rule can't separate),"unlike the black locust, which is toxic","The pulp on the inside of the pods is edible (unlike the black locust, which is toxic) and consumed by wildlife and livestock."
Packera anonyma,Small's ragwort,5,stub,,,True,581,True,keep,,stub: 581 chars
Ipomoea pandurata,wild potato vine,5,human,,,False,2805,True,keep,,Mammalian herbivorous animals avoid this plant which tastes bitter and is toxic to some extent.
Wisteria sinensis,Chinese wisteria,5,human,,,False,3937,True,keep,,"All parts of the plant contain a glycoside called wisterine which is toxic if ingested and may cause nausea, vomiting, stomach pains, and diarrhea. | Wisterias have caused poisoning in children of many countries, producing mild to severe gastroenteritis."
Dichondra carolinensis,Carolina ponysfoot,5,stub,,,True,672,True,keep,,stub: 672 chars
Hypericum gentianoides,pineweed,5,stub,,,True,970,True,keep,,stub: 970 chars
Crotalaria spectabilis,Showy Rattlebox,5,animals-only,,moderate,False,649,True,keep (usda/stub),"toxic to livestock (also USDA moderate, stub)","It is toxic to livestock, causing liver damage."
Solanum lycopersicum,tomato,4,human,,,False,28428,True,keep,,"Elsewhere in Europe, its first use was ornamental, not least because it was understood to be related to the nightshades and assumed to be poisonous. | Additionally, both toxic and inedible varieties discouraged many people from attempting to consume or prepare any other varieties. | Nonetheless, he "
Chenopodium album,Common Lambsquarters,4,irrelevant,other plant,,False,6631,True,keep (rule can't separate),poisonous black nightshade looks similar,"Poisonous black nightshade looks similar to this species when young, but the leaves of C."
Solanum americanum,American black nightshade,4,human,,,False,4134,True,keep,,"Toxicity | Research indicates the presence of toxic glycoalkaloids, with authorities warning to be careful regarding the use of S. | The green fruit is particularly poisonous and eating unripe berries has caused the death of children. | Ripe berries and foliage may also cause poisoning, though the t"
Lathyrus latifolius,broad-leaved sweet pea,4,human,,,False,2725,True,keep,,"However, the seeds are poisonous."
Catharanthus roseus,Madagascar Periwinkle,4,human,,,False,7121,True,keep,,"In Ayurveda (Indian traditional medicine) the extracts of its roots and shoots, although poisonous, are used against several diseases. | Toxicity | roseus can be extremely toxic if consumed orally by humans, and is cited (under its synonym Vinca rosea) in the Louisiana State Act 159. | All parts of "
Eleusine indica,Goose Grass,4,stub,,,True,1249,True,keep,,stub: 1249 chars
Eriobotrya japonica,Loquat,4,human,,,False,11972,True,keep,,"Like most related plants, the seeds (pips) and young leaves of the plant are slightly poisonous, containing small amounts of cyanogenic glycosides (including amygdalin) which release cyanide when digested, though the low concentration and bitter flavour normally prevent enough being eaten to cause h"
Paspalum urvillei,Vasey Grass,4,stub,,,True,649,True,keep,,stub: 649 chars
Persicaria hydropiperoides,swamp smartweed,4,stub,,,True,1324,True,keep,,stub: 1324 chars
Triadica sebifera,Chinese Tallow,4,human,,,False,9259,True,keep,,"The plant sap and leaves are reputed to be toxic, and decaying leaves from the plant are toxic to other species of plants. | While the seed's inner oil (stillingia oil) is toxic but has industrial applications in the manufacturing of cloth dressing and drying oils. | It is also extremely hard to kil"
Carex lupulina,hop sedge,4,stub,,,True,157,True,keep,,stub: 157 chars
Rhododendron maximum,great rhododendron,4,human,,moderate,False,6034,True,keep,,The leaves can be poisonous.
Berchemia scandens,Supplejack,4,stub,,,True,710,True,keep,,stub: 710 chars
Hypericum hypericoides,St. Andrew's cross,4,stub,,,True,759,True,keep,,stub: 759 chars
Silphium terebinthinaceum,prairie dock,4,human,,,False,3736,True,keep,,"However, this plant is considered potentially toxic."
Ipomoea hederifolia,scarlet creeper,4,stub,,,True,285,True,keep,,stub: 285 chars
Salvia coccinea,Tropical sage,4,stub,,,True,1314,True,keep,,stub: 1314 chars
Dichanthelium clandestinum,deertongue,4,stub,,,True,1236,True,keep,,stub: 1236 chars
Photinia serratifolia,Chinese Photinia,4,human,,,False,2424,True,keep,,Its leaves are toxic due to the presence of cyanogenic glycosides.
Gomphocarpus physocarpus,balloonplant,4,human,,,False,2977,True,keep,,"They store the unpleasant tasting and toxic cardenolides from the plants to deter predators. | Toxicity | The sap produced by the plants is toxic, and if ingested all parts can potentially affect the heart, breathing, central nervous system and the stomach."
Hepatica americana,round-lobed hepatica,4,stub,,,True,275,True,keep,,stub: 275 chars
Asclepias tuberosa,butterfly milkweed,3,human,,,False,4851,True,keep,,"Toxicity | The plant contains toxic progesterone-like steroids that can cause weakness, seizures and corneal injuries."
Cichorium intybus,chicory,3,irrelevant,parasites,,False,13708,False,unflag,toxic to internal parasites,"Dietary chicory may be toxic to internal parasites, with studies of ingesting chicory by farm animals having lower worm burdens, leading to its use as a forage supplement."
Galium aparine,catchweed bedstraw,3,human,,,False,5539,True,keep,,Toxicity
Rumex crispus,curled dock,3,human,,,False,5150,True,keep,,Uses and toxicity
Packera glabella,Butterweed,3,human,,,False,6884,True,keep,,"Toxicity and ecological impact | glabella contain toxic compounds called pyrrolizidine alkaloids, which are known to cause liver damage, such as seneciosis, in livestock. | Beyond toxicity to livestock, pyrrolizidine alkaloids can leach into surrounding soil and water during heavy infestations, whic"
Carica papaya,Papaya,3,human,,,False,15855,True,keep,,"The disease's most dangerous feature is the fruit's infection, which may be toxic to consumers. | Toxicity"
Cyperus esculentus,yellow nutsedge,3,irrelevant,fish,,False,14315,True,keep (rule can't separate),toxic to carp; fish death not tiger nut poisoning,"If the nuts are not properly prepared, they can be toxic to carp. | An examination of the fish by a taxidermist concluded tiger nut poisoning was not the cause of death, but rather the fish had died naturally."
Sesbania herbacea,bigpod sesbania,3,stub,,,True,554,True,keep,,stub: 554 chars
Dicranum scoparium,Broom Forkmoss,3,stub,,,True,1360,True,keep,,stub: 1360 chars
Staphylea trifolia,American bladdernut,3,stub,,,True,696,True,keep,,stub: 696 chars
Ranunculus abortivus,small-flowered buttercup,3,human,,,False,2204,True,keep,,"As in other buttercups, the leaves are mildly toxic, containing a blistering agent, but they are eaten by cottontail rabbits. | The Iroquois used it for snakebite and poisoning, smallpox, and toothache."
Pycnanthemum tenuifolium,narrowleaf mountainmint,3,stub,,,True,1201,True,keep,,stub: 1201 chars
Dicliptera brachiata,Branched Foldwing,3,stub,,,True,562,True,keep,,stub: 562 chars
Ipomoea alba,Moonflower,3,human,,,False,2949,True,keep,,"The leaves, flowers, and seeds are toxic to humans, cats, dogs, and livestock."
Wahlenbergia marginata,southern rockbell,3,no-article,,,True,0,True,keep,,no article
Arisaema triphyllum,Jack-in-the-Pulpit,2,human,,,False,14201,True,keep,,Toxicity | The oxalic acid in jack-in-the-pulpit is poisonous if ingested.
Achillea millefolium,common yarrow,2,animals-only,,,False,13876,True,user-decides,"ASPCA: toxic to dogs, cats, horses; hemlock look-alike","Yarrow and the highly poisonous hemlock appear superficially similar, especially their umbel-style inflorescences. | Toxicity | According to the American Society for the Prevention of Cruelty to Animals, yarrow is toxic to dogs, cats, and horses, causing increased urination, vomiting, diarrhea and d"
Artemisia vulgaris,common mugwort,2,usda,,moderate,False,5926,True,keep,,usda: moderate
Brickellia eupatorioides,False Boneset,2,stub,,,True,1211,True,keep,,stub: 1211 chars
Rhododendron canescens,Mountain Azalea,2,stub,,,True,440,True,keep,,stub: 440 chars
Ricinus communis,castor bean,2,human,,,False,16544,True,keep,,"The seed also contains ricin, a highly potent water-soluble toxin. | The fruit is a spiny, greenish (to reddish-purple) capsule containing large, oval, shiny, bean-like, highly poisonous seeds with variable brownish mottling. | Allergenicity and toxicity | The toxicity of raw castor beans is due to "
Trifolium campestre,hop trefoil,2,stub,,,True,1432,True,keep,,stub: 1432 chars
Apocynum cannabinum,hemp dogbane,2,human,,severe,False,9652,True,keep,,"It is poisonous to humans, dogs, cats, and horses. | All parts of the plant contain toxic cardiac glycosides that can cause potentially fatal cardiac arrhythmias if ingested. | Some Lepidoptera can withstand the toxins and feed on this plant. | Apocynum means ""poisonous to dogs"". | Toxicity | It is "
Cyperus strigosus,straw-colored flatsedge,2,stub,,,True,588,True,keep,,stub: 588 chars
Lobelia inflata,Indian tobacco,2,human,,,False,1973,True,keep,,The root is toxic and can be fatal if eaten.
Aesculus pavia,Red Buckeye,2,human,,severe,False,2155,True,keep,,"The fruits are rich in saponins, which are poisonous to humans, although not particularly dangerous because they are not ingested easily. | The seeds are poisonous."
Carex lurida,sallow sedge,2,stub,,,True,787,True,keep,,stub: 787 chars
Lysimachia quadrifolia,whorled loosestrife,2,stub,,,True,748,True,keep,,stub: 748 chars
Panax quinquefolius,American ginseng,2,human,,,False,12118,True,keep,,Toxicity
Asclepias incarnata,swamp milkweed,2,human,,moderate,False,4527,True,keep,,"Like most other milkweeds, it has latex containing toxic steroids, a characteristic that repels many species of insects and mammals."
Helianthus mollis,ashy sunflower,2,stub,,,True,1007,True,keep,,stub: 1007 chars
Symphoricarpos orbiculatus,coralberry,2,stub,,,True,827,True,keep,,stub: 827 chars
Smilax tamnoides,bristly greenbrier,2,stub,,,True,1005,True,keep,,stub: 1005 chars
Menispermum canadense,moonseed,2,human,,,False,1885,True,keep,,Both the leaves and fruit resemble those of grapes; confusion can be dangerous as moonseed fruit is poisonous. | Toxicity | All parts of these plants are known to be poisonous. | The principal toxin is the alkaloid dauricine. | The fruit of Canadian moonseed are poisonous and can be fatal.
Euphorbia hyssopifolia,hyssop spurge,2,stub,,,True,1023,True,keep,,stub: 1023 chars
Eutrochium fistulosum,Hollow Joe-Pye Weed,2,stub,,,True,1395,True,keep,,stub: 1395 chars
Penthorum sedoides,ditch stonecrop,2,stub,,,True,1402,True,keep,,stub: 1402 chars
Selaginella rupestris,rock spikemoss,2,stub,,,True,483,True,keep,,stub: 483 chars
Carex cherokeensis,Cherokee sedge,2,stub,,,True,508,True,keep,,stub: 508 chars
Ampelopsis cordata,heart leaf peppervine,2,stub,,,True,1315,True,keep,,stub: 1315 chars
Iris verna,Dwarf Iris,2,stub,,,True,1491,True,keep,,stub: 1491 chars
Leucothoe fontanesiana,mountain doghobble,2,stub,,,True,636,True,keep,,stub: 636 chars
Oxypolis rigidior,stiff cowbane,2,animals-only,,,False,1738,True,user-decides,poisonous to some mammals incl. cattle; disputed,"Oxypolis rigidior has been reported as being poisonous to some mammals, but it is also considered edible and safe by some authors. | Water hemlock, a related very poisonous species, which sometimes even shares the common name ""cowbane"", is similar, as is the closely related Savanna cowbane (Oxypolis"
Senna occidentalis,Coffee Senna,2,human,,,False,3918,True,keep,,"Toxicity | The cytotoxicity of these AQs correlates with their binding affinity to serum albumin, with Rhein showing the highest toxicity and binding affinity. | The plant is reported to be poisonous to cattle, because it contains a known toxic derivative of anthraquinone called emodin, and the seed"
Trillium catesbaei,bashful wakerobin,2,stub,,,True,1329,True,keep,,stub: 1329 chars
Hepatica acutiloba,sharp-lobed hepatica,2,stub,,,True,919,True,keep,,stub: 919 chars
Euphorbia prostrata,prostrate sandmat,2,stub,,,True,1453,True,keep,,stub: 1453 chars
Euphorbia hypericifolia,graceful spurge,2,stub,,,True,1198,True,keep,,stub: 1198 chars
Asclepias amplexicaulis,clasping milkweed,1,human,,,False,1233,True,keep,,"However, it contains a poison dangerous to humans and livestock, so caution must be used if ingesting this plant."
Spiraea tomentosa,Steeplebush,1,stub,,,True,1066,True,keep,,stub: 1066 chars
Phoradendron leucarpum,American Mistletoe,1,human,,,False,1400,True,keep,,"While the sticky substance covering the fruits is toxic to humans, it is a favorite of some birds."
Lantana camara,common lantana,1,human,,,False,13577,True,keep,,"It can also cause problems if it invades agricultural areas as a result of its toxicity to livestock, as well as its ability to form dense thickets which, if left unchecked, can greatly reduce the productivity of farmland by suppressing the pastures (grasses) essential for livestock production and a"
Sanguinaria canadensis,bloodroot,1,human,,,False,7829,True,keep,,"In bloodroot, the sap is red and poisonous. | Although there are laboratory studies indicating that sanguinaria may have potential in cancer therapy, clinical studies are lacking, and use is not recommended due to significant off-target toxicity. | The bitter and toxic leaves and rhizomes are not of"
Physalis peruviana,Cape gooseberry,1,human,,,False,7038,True,keep,,"Potential toxicity | Unripe raw fruits, flowers, leaves, and stems of the plant contain solanine and solanidine alkaloids that may cause poisoning if ingested by humans, cattle or horses."
Oxalis stricta,upright yellow woodsorrel,1,animals-only,,,False,8032,True,user-decides,common name 'sheep poison',"It was also known as upright yellow wood-sorrel, sheep sorrel, and sheep poison around the same time in the US."
Stellaria media,common chickweed,1,human,,,False,5348,True,keep,,"Potential toxicity | Chickweed contains plant chemicals known as saponins, which can be toxic to some species (notably fish)."
Ilex aquifolium,European holly,1,human,,,False,15997,True,keep,,Chemistry and toxicity | The berries are generally regarded as toxic to humans.
Torilis arvensis,common hedge parsley,1,stub,,,True,955,True,keep,,stub: 955 chars
Erigeron pulchellus,robin's-plantain,1,stub,,,True,1051,True,keep,,stub: 1051 chars
Asparagus officinalis,wild asparagus,1,human,,,False,13067,True,keep,,"The fruit is a small red berry in diameter, which is toxic to humans."
Paspalum dilatatum,Dallis grass,1,stub,,,True,1086,True,keep,,stub: 1086 chars
Ceratophyllum demersum,coontail,1,irrelevant,lab,,False,4613,True,keep (rule can't separate),toxicity experiments in plants,"One of the reasons for this is that it allows studies on shoot effects without influence of a root, which often makes interpretation of nutrition and toxicity experiments difficult in terrestrial plants."
Medicago arabica,Spotted medick,1,stub,,,True,1053,True,keep,,stub: 1053 chars
Prunus laurocerasus,Cherry laurel,1,human,,,False,4454,True,keep,,"The toxicity of the seed inside the fruit is similar to the cyanide toxicity of the seeds inside the common fruits apricot and peach. | Toxicity | The seeds contained within the cherries are poisonous like the rest of the plant, containing cyanogenic glycosides and amygdalin. | Laurel water, a disti"
Actaea pachypoda,white baneberry,1,human,,,False,2080,True,keep,,"Toxins | Both the berries and the entire plant are considered poisonous to humans. | The berries contain cardiac toxins which can have an immediate sedative effect on human cardiac muscle tissue, and are the most poisonous part of the plant. | A variety of birds, which are not affected by the toxins"
Rumex obtusifolius,broad-leaved dock,1,animals-only,,,False,4821,True,user-decides,seeds toxic to chickens; cattle and horses; 'not generally considered poisonous',"They are not generally considered poisonous, however the leaves can trigger mild dermatitis in some. | The seeds can be toxic to chickens, and large quantities of leaves can make cattle and horses ill."
Leersia oryzoides,rice cutgrass,1,stub,,,True,814,True,keep,,stub: 814 chars
Crataegus marshallii,parsley hawthorn,1,stub,,,True,471,True,keep,,stub: 471 chars
Phlox subulata,moss phlox,1,stub,,,True,1389,True,keep,,stub: 1389 chars
Houstonia caerulea,azure bluet,1,stub,,,True,1011,True,keep,,stub: 1011 chars
Houstonia longifolia,long-leaved bluets,1,stub,,,True,1158,True,keep,,stub: 1158 chars
Juncus tenuis,Slender Path Rush,1,stub,,,True,1293,True,keep,,stub: 1293 chars
Dulichium arundinaceum,Three-way Sedge,1,stub,,,True,1332,True,keep,,stub: 1332 chars
Euphorbia dentata,green poinsettia,1,stub,,,True,761,True,keep,,stub: 761 chars
Lantana montevidensis,creeping lantana,1,human,,,False,4306,True,keep,,"Featuring a black seed, the fruit is spherical in shape, with poisonous drupes 5-7 mm in size. | This plant is toxic to livestock."
Lepidium virginicum,Virginia pepperweed,1,stub,,,True,1324,True,keep,,stub: 1324 chars
Nicandra physalodes,apple-of-Peru,1,human,,,False,9571,True,keep,,Stock poison | Nicandra physalodes is suspected of having poisonous properties similar to those possessed by certain Physalis species implicated in the poisoning of sheep. | Some conflicting evidence in respect of these suspicions has emerged from Australia (where the plant is sometimes known as wil
Oenothera laciniata,cutleaf evening primrose,1,stub,,,True,1315,True,keep,,stub: 1315 chars
Pistia stratiotes,Water Lettuce,1,irrelevant,pollution,,False,11902,False,user-decides,"herbicide effects; accumulates toxic heavy metals; CAUTION: Araceae; calcium oxalate raphides like taro/arrow arum, not in the article","Yet, the use of herbicides must be critically assessed to prevent negative environmental impacts and possible toxic effects on marine life and human health. | Caution is advised when consuming Pistia stratiotes, as the plant is a hyperaccumulator, and can absorb and accumulate toxic heavy metals pre"
Setaria parviflora,knotroot bristlegrass,1,stub,,,True,828,True,keep,,stub: 828 chars
Tradescantia ohiensis,Ohio spiderwort,1,stub,,,True,1321,True,keep,,stub: 1321 chars
Potentilla canadensis,dwarf cinquefoil,1,stub,,,True,431,True,keep,,stub: 431 chars
Sanicula canadensis,Black Snakeroot,1,stub,,,True,611,True,keep,,stub: 611 chars
Oxalis violacea,violet woodsorrel,1,human,,,False,2330,True,keep,,"Moderate use of plant is advisable, as it should not be eaten in large quantities due to a high concentration of oxalic acid, (""salt of lemons"") which can be poisonous."
Euphorbia corollata,flowering spurge,1,human,,,False,1556,True,keep,,"Other insects feed on foliage, stems, and other parts of the plant, although mammals avoid it because of its toxic sap. | The plant can be used as a laxative, but is poisonous if eaten in quantity."
Baptisia tinctoria,eastern wild indigo,1,stub,,,True,1030,True,keep,,stub: 1030 chars
Viburnum dentatum,southern arrowwood,1,stub,,,True,1478,True,keep,,stub: 1478 chars
Iris cristata,dwarf crested iris,1,human,,,False,11615,True,keep,,"Toxicity | Like many other irises, most parts of the plant are poisonous (rhizome and leaves), and if mistakenly ingested can cause stomach pains and vomiting."
Helenium flexuosum,Southern Sneezeweed,1,stub,,,True,686,True,keep,,stub: 686 chars
Rubus phoenicolasius,wineberry,1,irrelevant,negation,,False,4521,False,unflag,'no poisonous look-a-likes',"They are edible, with no poisonous look-a-likes in North America."
Calyptocarpus vialis,straggler daisy,1,stub,,,True,1107,True,keep,,stub: 1107 chars
Geum canadense,white avens,1,stub,,,True,1472,True,keep,,stub: 1472 chars
Polymnia canadensis,leafcup,1,stub,,,True,962,True,keep,,stub: 962 chars
Phryma leptostachya,American lopseed,1,stub,,,True,1065,True,keep,,stub: 1065 chars
Spiranthes lacera,Slender Ladies' Tresses,1,stub,,,True,696,True,keep,,stub: 696 chars
Woodsia obtusa,blunt woodsia,1,stub,,,True,371,True,keep,,stub: 371 chars
Leucobryum glaucum,Pincushion Moss,1,stub,,,True,1035,True,keep,,stub: 1035 chars
Asclepias verticillata,whorled milkweed,1,animals-only,,,False,2047,True,user-decides,toxic to livestock,The plant is toxic to livestock.
Scutellaria integrifolia,Helmet skullcap,1,stub,,,True,1299,True,keep,,stub: 1299 chars
Rhodotypos scandens,jetbead,1,human,,,False,1381,True,keep,,Toxicity | The fruits are considered highly toxic to humans.
Verbena rigida,Slender Vervain,1,stub,,,True,569,True,keep,,stub: 569 chars
Carex grayi,Gray's sedge,1,stub,,,True,175,True,keep,,stub: 175 chars
Viburnum rhytidophyllum,Leatherleaf viburnum,1,stub,,,True,921,True,keep,,stub: 921 chars
Prunus mexicana,Mexican Plum,1,stub,,,True,1353,True,keep,,stub: 1353 chars
Aronia melanocarpa,black chokeberry,1,stub,,,True,1355,True,keep,,stub: 1355 chars
Lobelia spicata,pale-spiked lobelia,1,stub,,,True,579,True,keep,,stub: 579 chars
Cryptotaenia canadensis,honewort,1,stub,,,True,270,True,keep,,stub: 270 chars
Emilia fosbergii,Red Tasselflower,1,stub,,,True,1431,True,keep,,stub: 1431 chars
Ilex glabra,gallberry,1,stub,,,True,928,True,keep,,stub: 928 chars
Osmorhiza longistylis,aniseroot,1,stub,,,True,1380,True,keep,,stub: 1380 chars
Liatris aspera,rough blazing star,1,stub,,,True,1107,True,keep,,stub: 1107 chars
Rhexia virginica,Virginia meadowbeauty,1,stub,,,True,945,True,keep,,stub: 945 chars
Tradescantia virginiana,Virginia spiderwort,1,human,,,False,7800,True,keep,,"Poison severity for humans is low but can be mildly toxic to humans and pets if ingested. | Poison parts include the leaves and sap/juice. | The poison/toxic principle of this plant is unknown, but possibly is related to oxalate crystals."
Euphorbia ophthalmica,Florida Hammock Sandmat,1,human,,,False,3512,True,keep,,"Often the green blades display a red spot in their centers; wounded blades secrete a toxic, white sap sometimes referred to as latex. | All parts of the species are toxic and shouldn't be eaten. | Euphorbia ophthalmica has been found to accumulate the heavy metal of lead and the sometimes toxic zinc"
Hypericum punctatum,spotted St. John's wort,1,human,,,False,5112,True,keep,,Insects are attracted to the plant's pollen and the hypericin in the plant's leaves is toxic to mammals.
Cynanchum laeve,honey-vine climbing milkweed,1,human,,,False,3613,True,keep,,laeve can cause eye irritation if touched and can be toxic to humans and livestock if consumed in large quantities. | laeve is consumed in large quantities it can be toxic. | laeve which can be toxic when consumed in large quantities.
Ageratum conyzoides,billygoat weed,1,human,,,False,1064,True,keep,,Toxicity | There was a mass poisoning incident in Ethiopia as a result of contamination of grain with A.
Spiranthes magnicamporum,Great Plains Ladies' Tresses,1,stub,,,True,1258,True,keep,,stub: 1258 chars
Pycnanthemum virginianum,Virginia mountain mint,1,stub,,,True,622,True,keep,,stub: 622 chars
Clitoria ternatea,Blue Pea,1,irrelevant,insects,,False,5391,True,keep (rule can't separate),extract's toxic effects on insects,"In addition to its toxic effects, Ct-extract has demonstrated repellent activity, contributing to pest management by deterring insect feeding and oviposition."
Cuphea carthagenensis,Colombian waxweed,1,no-article,,,True,0,True,keep,,no article
Drosera brevifolia,dwarf sundew,1,stub,,,True,1222,True,keep,,stub: 1222 chars
Ludwigia octovalvis,Mexican Primrose-willow,1,stub,,,True,901,True,keep,,stub: 901 chars
Rhodobryum ontariense,Ontario rhodobryum moss,1,no-article,,,True,0,True,keep,,no article
Euphorbia nutans,nodding spurge,1,stub,,,True,1006,True,keep,,stub: 1006 chars
Malus domestica,apple,1,human,,,False,40757,True,keep,,"Toxicity | It may take several hours before the poison takes effect, as cyanogenic glycosides must be hydrolyzed before the cyanide ion is released. | National Library of Medicine's Hazardous Substances Data Bank records no cases of amygdalin poisoning from consuming apple seeds."
Silene coronaria,Rose campion,1,stub,,,True,800,True,keep,,stub: 800 chars
Xanthium orientale,common cocklebur,1,stub,,,True,419,True,keep,,stub: 419 chars
Hexasepalum teres,rough buttonweed,1,stub,,,True,910,True,keep,,stub: 910 chars
Pontederia crassipes,common water hyacinth,1,human,,,False,30950,True,keep,,"An engineer charged with the spraying did not think the poison to be a matter of concern, stating that the crew of the spraying boat would routinely catch fish from their working areas and consume them. | Also of note, the use of herbicides is not strictly selective of water hyacinths; keystone spec"
