photo,species,toxic,observation,photo_url,license,sha256
Conoclinium_coelestinum_0.jpg,Conoclinium coelestinum,False,405111411,https://inaturalist-open-data.s3.amazonaws.com/photos/744055616/medium.jpg,cc0,697e751b28c108bf91960fc1d65771f778e44bacbb8e34e2a645b5493ece4246
Conoclinium_coelestinum_1.jpg,Conoclinium coelestinum,False,404577017,https://inaturalist-open-data.s3.amazonaws.com/photos/742992710/medium.jpg,cc0,e8fa3fc5b625580bf3843cbfd6bbf17054123d4ee94e9a672f101f83006c7add
Conoclinium_coelestinum_2.jpg,Conoclinium coelestinum,False,404562737,https://inaturalist-open-data.s3.amazonaws.com/photos/742962692/medium.jpg,cc0,a453c4e68b712bde4ac3a0bbd69d7f9f59abddd5ce45346f6cc23e7ebfa345a5
Callicarpa_americana_0.jpg,Callicarpa americana,False,406459556,https://inaturalist-open-data.s3.amazonaws.com/photos/746773840/medium.jpg,cc0,e99040cd35784e2b3c448275c88803b0822f276a6721684a4d7b305873f6b172
Callicarpa_americana_1.jpg,Callicarpa americana,False,404125181,https://inaturalist-open-data.s3.amazonaws.com/photos/742097005/medium.jpg,cc0,51d32247ba5e95cc1647a8ee93df3f293c8ca9e0b012a76f5828ebd6b527b58d
Callicarpa_americana_2.jpg,Callicarpa americana,False,400884378,https://inaturalist-open-data.s3.amazonaws.com/photos/735727346/medium.jpg,cc0,1e74ff3f5c57c26be90a7837e4def9c4689ee8bc1ad1c4a0814f4eaba9378210
Liquidambar_styraciflua_0.jpg,Liquidambar styraciflua,False,405604994,https://inaturalist-open-data.s3.amazonaws.com/photos/745041402/medium.jpg,cc0,d1bd8c807b5d95917a0e8453afe44c55f3661707fa8a1fd435a761dc09657cb1
Liquidambar_styraciflua_1.jpg,Liquidambar styraciflua,False,405529800,https://inaturalist-open-data.s3.amazonaws.com/photos/744891835/medium.jpg,cc0,38b0422afe8cc23f79c2eaabf0551b472ee4571e4ad04a3b56c9985009713f19
Liquidambar_styraciflua_2.jpg,Liquidambar styraciflua,False,405314501,https://inaturalist-open-data.s3.amazonaws.com/photos/744457216/medium.jpg,cc0,de9b9d092e223457a3100ae9855909f6cfeb445cab576e31276f32202ce58055
Magnolia_grandiflora_0.jpg,Magnolia grandiflora,False,406218483,https://inaturalist-open-data.s3.amazonaws.com/photos/746289172/medium.jpg,cc0,8dd020a40d00dbdf3ba08bb444748066fd812d297881464deb4613a94384ddb6
Magnolia_grandiflora_1.jpg,Magnolia grandiflora,False,400032886,https://inaturalist-open-data.s3.amazonaws.com/photos/734004691/medium.jpg,cc0,c6e58051aea3e9db7c998ba8ad5a0293e8d17406a20ab96337e999d536ea0af8
Magnolia_grandiflora_2.jpg,Magnolia grandiflora,False,400032801,https://inaturalist-open-data.s3.amazonaws.com/photos/734004556/medium.jpg,cc0,da96418a76d8db2d77a94e5243156a1295513ec99394a82f7212888fd337abee
Liriodendron_tulipifera_0.jpg,Liriodendron tulipifera,False,406462741,https://inaturalist-open-data.s3.amazonaws.com/photos/746780710/medium.jpg,cc0,ebb8ecaf2613af8bbbd20fd4060580c30e689b15e143631e58c7ea5d21ad0b71
Liriodendron_tulipifera_1.jpg,Liriodendron tulipifera,False,405547646,https://inaturalist-open-data.s3.amazonaws.com/photos/744928811/medium.jpg,cc0,0374388add9edf0061cba662fc33221487c9bd8648a28bd79d00567ff1dc82bf
Liriodendron_tulipifera_2.jpg,Liriodendron tulipifera,False,405512461,https://inaturalist-open-data.s3.amazonaws.com/photos/744858316/medium.jpg,cc0,cece7930b6bf18a7e6b8234eecf80d0e60fa38269a3bd72247b4a4160463b718
Polystichum_acrostichoides_0.jpg,Polystichum acrostichoides,False,405911008,https://inaturalist-open-data.s3.amazonaws.com/photos/745663251/medium.jpg,cc0,0a09defe3758d86029db0efcbcbf49128a6ee687d67904c1a8de156149764520
Polystichum_acrostichoides_1.jpg,Polystichum acrostichoides,False,405531439,https://inaturalist-open-data.s3.amazonaws.com/photos/744895116/medium.jpg,cc0,bd3b827896416058ea0bf2f32a10a29bb14ca793a4d9281ded80658ffdc04fbe
Polystichum_acrostichoides_2.jpg,Polystichum acrostichoides,False,405476437,https://inaturalist-open-data.s3.amazonaws.com/photos/744786276/medium.jpg,cc0,32af56397ff23c46c4bb6f46722f4250c539f916ce56f40555d6cf02c0c3036f
Fagus_grandifolia_0.jpg,Fagus grandifolia,False,406443683,https://inaturalist-open-data.s3.amazonaws.com/photos/746737693/medium.jpg,cc0,95b27346e4a497a447990bd9253b270781d7350ed5ad7cb79300c84a81a9c43f
Fagus_grandifolia_1.jpg,Fagus grandifolia,False,405930244,https://inaturalist-open-data.s3.amazonaws.com/photos/745704600/medium.jpg,cc0,e1ac2ef0795a4deae095947849f0a5fe991f89f93bce51da304729a3c7d52baa
Fagus_grandifolia_2.jpg,Fagus grandifolia,False,405531362,https://inaturalist-open-data.s3.amazonaws.com/photos/744894960/medium.jpg,cc0,677f0d091def931eca5163aa7f9b6e6cd1c7d2443e428adfc9dbfe6a3b8c1c0a
Erechtites_hieraciifolius_0.jpg,Erechtites hieraciifolius,False,405820166,https://inaturalist-open-data.s3.amazonaws.com/photos/745468835/medium.jpg,cc0,18464e9b73e4d4eb28d121909eca38cc2ab702021b51b0b64975573dc74b8100
Erechtites_hieraciifolius_1.jpg,Erechtites hieraciifolius,False,405634783,https://inaturalist-open-data.s3.amazonaws.com/photos/745105959/medium.jpg,cc0,9605d52a5520786520537aca900f11f9005763df690d12fa1d8e4597fc46c8cf
Erechtites_hieraciifolius_2.jpg,Erechtites hieraciifolius,False,405514609,https://inaturalist-open-data.s3.amazonaws.com/photos/744862379/medium.jpg,cc0,13576d02f66bcfc5d490ee31d22b8d1f663b5161b74b15aaea0bf3a7182552e1
Ampelopsis_glandulosa_0.jpg,Ampelopsis glandulosa,False,406541297,https://inaturalist-open-data.s3.amazonaws.com/photos/746943563/medium.jpg,cc0,943e6cf90209cbdec76e38787ce881899d6c8b549bd421339d94e924d055ad7b
Ampelopsis_glandulosa_1.jpg,Ampelopsis glandulosa,False,406288276,https://inaturalist-open-data.s3.amazonaws.com/photos/746429639/medium.jpg,cc0,24e666db5ad27dafe9ff20c7fc2d7ab713643c553ca460deb80b27416b99ea88
Ampelopsis_glandulosa_2.jpg,Ampelopsis glandulosa,False,406226447,https://inaturalist-open-data.s3.amazonaws.com/photos/746306647/medium.jpg,cc0,5db42f5f3e3cc2b0ea0864097772c926f4f40682915994465f7b22bc6e27150b
Diospyros_virginiana_0.jpg,Diospyros virginiana,False,406365889,https://inaturalist-open-data.s3.amazonaws.com/photos/746582131/medium.jpg,cc0,2423fee90b421708643272e5192c010432b005513575fb514fa0b0d30930693c
Diospyros_virginiana_1.jpg,Diospyros virginiana,False,405521758,https://inaturalist-open-data.s3.amazonaws.com/photos/744876164/medium.jpg,cc0,886befd61ae123e24a24dc5fae04f7bfc99941f67618c9b96e94a70b622e35c5
Diospyros_virginiana_2.jpg,Diospyros virginiana,False,404169462,https://inaturalist-open-data.s3.amazonaws.com/photos/742185908/medium.jpg,cc0,50b4a2a0aba4c0cbf70328a9b93346d719b1a5411c062ad79dc9164dae59b0d3
Platanus_occidentalis_0.jpg,Platanus occidentalis,False,406466855,https://inaturalist-open-data.s3.amazonaws.com/photos/746789308/medium.jpg,cc0,5c3c15f42a16430e5e71cd6889e16ea73d0d2321a2e4297dad5982e0fc5c9ce3
Platanus_occidentalis_1.jpg,Platanus occidentalis,False,405941811,https://inaturalist-open-data.s3.amazonaws.com/photos/745728809/medium.jpg,cc0,e6d445ac916186b6642667274960c43f1fdb564da0fa549d5053d2c3c2cb9544
Platanus_occidentalis_2.jpg,Platanus occidentalis,False,405355069,https://inaturalist-open-data.s3.amazonaws.com/photos/744545089/medium.jpg,cc0,780e8728d6425dd9cbff30703235d16d7a5857068d9a025723fe30492bfd73f0
Vitis_rotundifolia_0.jpg,Vitis rotundifolia,False,406438794,https://inaturalist-open-data.s3.amazonaws.com/photos/746730208/medium.jpg,cc0,2d82548682ff16fd1e4c2e0d6603ab8a4d1d0a3a207c4fba3b944efeef1c5c4f
Vitis_rotundifolia_1.jpg,Vitis rotundifolia,False,405063103,https://inaturalist-open-data.s3.amazonaws.com/photos/743954732/medium.jpg,cc0,e0a988ebf5c25ca67e3ceef97c847a1c52973dc72d59fa80d5bd1e3831563c52
Vitis_rotundifolia_2.jpg,Vitis rotundifolia,False,403255962,https://inaturalist-open-data.s3.amazonaws.com/photos/740380535/medium.jpg,cc0,19501b77eff13f1c6c72935fb565b5cc4c57a6365e94d09ebf45d8fcea543ade
Pueraria_montana_0.jpg,Pueraria montana,False,405758973,https://inaturalist-open-data.s3.amazonaws.com/photos/745355447/medium.jpg,cc0,0367e9727550ccd502768402b82a2c7da9465a71f369b13c1504e6afdfd68531
Pueraria_montana_1.jpg,Pueraria montana,False,405248585,https://inaturalist-open-data.s3.amazonaws.com/photos/744327565/medium.jpg,cc0,8433b6e922fbfef7738f16b46446679211bdb8ec43de9bf846b7e8c3a56c4a02
Pueraria_montana_2.jpg,Pueraria montana,False,404102795,https://inaturalist-open-data.s3.amazonaws.com/photos/742048980/medium.jpg,cc0,884f3b9dfbd126e1d19fb439ca3e758c23cfe41d44dbc780c74c0c0bb007bea5
Cercis_canadensis_0.jpg,Cercis canadensis,False,405563486,https://inaturalist-open-data.s3.amazonaws.com/photos/744957932/medium.jpg,cc0,b99734882ccde3e5a9b193001d8dfc766c3434e3dd34cc57c64076c1a82b7524
Cercis_canadensis_1.jpg,Cercis canadensis,False,405531816,https://inaturalist-open-data.s3.amazonaws.com/photos/744895821/medium.jpg,cc0,f81f0fd0ad8b496d8a63d20eabb2930e57fd32b3a7643aba44b1439b2f5dfe1f
Cercis_canadensis_2.jpg,Cercis canadensis,False,405248699,https://inaturalist-open-data.s3.amazonaws.com/photos/744327633/medium.jpg,cc0,6ac126e142bc20a0dbf488029fd854a7e1599e33dd468c073fd469325b7fc21f
Quercus_nigra_0.jpg,Quercus nigra,False,406002679,https://inaturalist-open-data.s3.amazonaws.com/photos/745853571/medium.jpg,cc0,e937faf9f8682af57b356dfccc3da1b1dda93e8bac5f41d9a6c9e3e997ea7c2e
Quercus_nigra_1.jpg,Quercus nigra,False,403721788,https://inaturalist-open-data.s3.amazonaws.com/photos/741300142/medium.jpg,cc0,b6e87eaa93583c16c88a6b4a7a2d5825bc5548c4cae5541a8414a7695b23783e
Quercus_nigra_2.jpg,Quercus nigra,False,403271153,https://inaturalist-open-data.s3.amazonaws.com/photos/740410797/medium.jpg,cc0,f01fd6b04e09d37f54dbc4fbcb150fd11f2f6ef1c279ff36930bd8ec422398a7
Albizia_julibrissin_0.jpg,Albizia julibrissin,False,403875599,https://inaturalist-open-data.s3.amazonaws.com/photos/741602764/medium.jpg,cc0,a062050356cdad4a301fe484e401471c1d7f4c82066f96772d4e51fbbdc50737
Albizia_julibrissin_1.jpg,Albizia julibrissin,False,403770875,https://inaturalist-open-data.s3.amazonaws.com/photos/741400707/medium.jpg,cc0,ae6fab47d173f31959202da0dba7a8bbe0ff63c228ae535965626f2c4eb5a976
Albizia_julibrissin_2.jpg,Albizia julibrissin,False,401928529,https://inaturalist-open-data.s3.amazonaws.com/photos/737773954/medium.jpg,cc0,38684e1bf71405ce4ce5680cbe0a268ee61a97ebb430718ee2006a5e776cc251
Chimaphila_maculata_0.jpg,Chimaphila maculata,False,406575937,https://inaturalist-open-data.s3.amazonaws.com/photos/747001382/medium.jpg,cc0,e1ff210d000222656c2a99b36ef9080e0cde5d0b82d4c7669d36ed16a3f20c27
Chimaphila_maculata_1.jpg,Chimaphila maculata,False,405531295,https://inaturalist-open-data.s3.amazonaws.com/photos/744894807/medium.jpg,cc0,01c2bbeb53975bae31ac97c2e5bf96b3d3a7540f5571d8844b3cf6dd0bf5d195
Chimaphila_maculata_2.jpg,Chimaphila maculata,False,405345643,https://inaturalist-open-data.s3.amazonaws.com/photos/744518166/medium.jpg,cc0,14f448ad082dcfaa92b0811783d50dbbcd58db341ebe1376a3906538a6c48712
Rhus_copallinum_0.jpg,Rhus copallinum,False,406328654,https://inaturalist-open-data.s3.amazonaws.com/photos/746508757/medium.jpg,cc0,2d12d0339453d5f7bbd9d4ffe8c8fe21b19703ea459afea88ab101411e0da926
Rhus_copallinum_1.jpg,Rhus copallinum,False,406158661,https://inaturalist-open-data.s3.amazonaws.com/photos/746164535/medium.jpg,cc0,69abb67899b9c2ab6835aea86ed07a188175145fd36b851565f3b19cf8e8922e
Rhus_copallinum_2.jpg,Rhus copallinum,False,405820389,https://inaturalist-open-data.s3.amazonaws.com/photos/745476421/medium.jpg,cc0,b3b7c645d50c91e49c1b1df268112afc026e6b9cd0030e5a3d668234797e3829
Solidago_altissima_0.jpg,Solidago altissima,False,406227496,https://inaturalist-open-data.s3.amazonaws.com/photos/746308655/medium.jpg,cc0,cb693cedc0a53aa6aa2288b033c8140b489cd723acfacf670a30057b1b047a7c
Solidago_altissima_1.jpg,Solidago altissima,False,405631117,https://inaturalist-open-data.s3.amazonaws.com/photos/745097613/medium.jpg,cc0,528659e14b6dd83bfbe3af0063ba60cd6760ea85723f3c2196a91787a5f9b037
Solidago_altissima_2.jpg,Solidago altissima,False,404041187,https://inaturalist-open-data.s3.amazonaws.com/photos/741907556/medium.jpg,cc0,cd71e894712c41b2d554fb07ec980b7e2847e1c6b2fcefbd60b096d01f57fdcd
Ilex_cornuta_0.jpg,Ilex cornuta,False,400291745,https://inaturalist-open-data.s3.amazonaws.com/photos/734530335/medium.jpg,cc0,ae17ea327a000c6925d13c52390422600fe8b096b99a5674d9beb8ce700dcc34
Ilex_cornuta_1.jpg,Ilex cornuta,False,399938317,https://inaturalist-open-data.s3.amazonaws.com/photos/733821878/medium.jpg,cc0,a2d6c5e47196f82108f110a3d24265fe751dfcbe8e656b61e22c3305e46149a7
Ilex_cornuta_2.jpg,Ilex cornuta,False,362746693,https://inaturalist-open-data.s3.amazonaws.com/photos/662098102/medium.jpg,cc0,87d43f50633c97cc762bf956065fee1484a114114e9d563f5582f951512bd774
Sassafras_albidum_0.jpg,Sassafras albidum,False,406443728,https://inaturalist-open-data.s3.amazonaws.com/photos/746738673/medium.jpg,cc0,9ae0af5ac1a10b67a1fcd3b6f13dd2717c3ac1d49d0862cacd60d205284fcc59
Sassafras_albidum_1.jpg,Sassafras albidum,False,406443681,https://inaturalist-open-data.s3.amazonaws.com/photos/746737498/medium.jpg,cc0,4cf55b7e55b9728ef7b47b8a5696725cfb0a24872b088273b35d9bba32411b8d
Sassafras_albidum_2.jpg,Sassafras albidum,False,406375050,https://inaturalist-open-data.s3.amazonaws.com/photos/746600039/medium.jpg,cc0,b87f6616160d4088659f5ba86eb8bf8c1eb544090132f77115b26f048161b5c3
Tipularia_discolor_0.jpg,Tipularia discolor,False,406630362,https://inaturalist-open-data.s3.amazonaws.com/photos/747114551/medium.jpg,cc0,144163532988f3b077e59bb8295e149ac791e9f6aee6d6fdda7c777b47bbf9f6
Tipularia_discolor_1.jpg,Tipularia discolor,False,406146401,https://inaturalist-open-data.s3.amazonaws.com/photos/746140993/medium.jpg,cc0,c076595726770ed95ed1cb319e12d121bf574a182a76387c838e2d9f283c6d4f
Tipularia_discolor_2.jpg,Tipularia discolor,False,405694641,https://inaturalist-open-data.s3.amazonaws.com/photos/745230220/medium.jpg,cc0,eeeb06dd0577311473b6d91f3922d6cb53bc0639ab71b0f5ca7111ab8ff40928
Phyllanthus_urinaria_0.jpg,Phyllanthus urinaria,False,403053835,https://inaturalist-open-data.s3.amazonaws.com/photos/739980320/medium.jpg,cc0,de345b9a33b8ce8296626a7a0262a6fd27100be12849295a92a23a8d4fe569b8
Phyllanthus_urinaria_1.jpg,Phyllanthus urinaria,False,401362938,https://inaturalist-open-data.s3.amazonaws.com/photos/736657651/medium.jpg,cc0,e96c5810371f0b4d561b914ccb692eda60746db9464aab478881d944a56a936b
Phyllanthus_urinaria_2.jpg,Phyllanthus urinaria,False,396785029,https://inaturalist-open-data.s3.amazonaws.com/photos/727667046/medium.jpg,cc0,d211c535b6dcdcb0dc42a778f6fb5d67fc030c98071f357aeee0c14304195b38
Persicaria_longiseta_0.jpg,Persicaria longiseta,True,406418091,https://inaturalist-open-data.s3.amazonaws.com/photos/746687112/medium.jpg,cc0,719ada1cdd8f04586fc4a8a62f4d5e3835efab5c40d0d3d4187628f3ecef7309
Persicaria_longiseta_1.jpg,Persicaria longiseta,True,406288310,https://inaturalist-open-data.s3.amazonaws.com/photos/746429675/medium.jpg,cc0,4ef2875ade5ebb713f7c1dc007317dc7a49cdd2ef491a698f49da1c07cf656f9
Persicaria_longiseta_2.jpg,Persicaria longiseta,True,406238446,https://inaturalist-open-data.s3.amazonaws.com/photos/746427390/medium.jpg,cc0,cfba3e6883b2a1ea979adb0b04df3e923d43448f77e2138662a9b87a0fbbdaa0
Phytolacca_americana_0.jpg,Phytolacca americana,True,406647407,https://inaturalist-open-data.s3.amazonaws.com/photos/747151053/medium.jpg,cc0,2bdb704003cbd38a3dd3c4ca059b13393ab9923dc8ad3f39416c8db1cb7f7211
Phytolacca_americana_1.jpg,Phytolacca americana,True,406465814,https://inaturalist-open-data.s3.amazonaws.com/photos/746787148/medium.jpg,cc0,d3bbf633eaa90c91b9594788667a918f4e10b24e2a518107d01fa9d8cfbe182e
Phytolacca_americana_2.jpg,Phytolacca americana,True,406417824,https://inaturalist-open-data.s3.amazonaws.com/photos/746686344/medium.jpg,cc0,977341c1b2d4addbf4d688ad88cab07a77aac5f7ca3ea9f78f816a13e264cfa6
Eupatorium_capillifolium_0.jpg,Eupatorium capillifolium,True,406061010,https://inaturalist-open-data.s3.amazonaws.com/photos/746020018/medium.jpg,cc0,a7182f5be53a8a5a40cabcd21d63cd5631abbe2a34be333715ace6b56b3b703e
Eupatorium_capillifolium_1.jpg,Eupatorium capillifolium,True,405025576,https://inaturalist-open-data.s3.amazonaws.com/photos/743880909/medium.jpg,cc0,610c7140601021638be73a95483bb2db9d7ced173f8f4618de6047fd1a32d439
Eupatorium_capillifolium_2.jpg,Eupatorium capillifolium,True,403372459,https://inaturalist-open-data.s3.amazonaws.com/photos/740607244/medium.jpg,cc0,1a403681718699852d4fd0fd6c17129b0a1582478e95ec3e1ad308474ef269f7
Euonymus_americanus_0.jpg,Euonymus americanus,True,406359346,https://inaturalist-open-data.s3.amazonaws.com/photos/746570080/medium.jpg,cc0,17c6683758b4078a16ff8d1535360510cf294c8b8202ccafbc20ba4c1670e9fd
Euonymus_americanus_1.jpg,Euonymus americanus,True,405845359,https://inaturalist-open-data.s3.amazonaws.com/photos/745527746/medium.jpg,cc0,b41aed06e03768c07cb6a1276dafc4b0e5d2e8743265d343af69a6dba984720f
Euonymus_americanus_2.jpg,Euonymus americanus,True,405285945,https://inaturalist-open-data.s3.amazonaws.com/photos/744400825/medium.jpg,cc0,ef20b002fdb3ec7dc5890943c12202d577454d19df8fad7099410261d89a32fb
Lonicera_maackii_0.jpg,Lonicera maackii,True,406547630,https://inaturalist-open-data.s3.amazonaws.com/photos/746947413/medium.jpg,cc0,df2dd31c2872abe707eec67d65ceecc8ac558f45511f5147df36fc5ab5cea5d3
Lonicera_maackii_1.jpg,Lonicera maackii,True,406417401,https://inaturalist-open-data.s3.amazonaws.com/photos/746685527/medium.jpg,cc0,bcb799487d3cc7b52ee14dde50e1ef2781d86a85e7b12cb476255d3f929409a8
Lonicera_maackii_2.jpg,Lonicera maackii,True,406416941,https://inaturalist-open-data.s3.amazonaws.com/photos/746684834/medium.jpg,cc0,80a78396b1a4daf2ac580dff9a58dcaa693c78f4128d814384da613f6d6d95ec
Eupatorium_serotinum_0.jpg,Eupatorium serotinum,True,405629707,https://inaturalist-open-data.s3.amazonaws.com/photos/745095696/medium.jpg,cc0,1bca40acdb40243aec34c73c49b4360819be4d3df7d14ce8740f45846545878f
Eupatorium_serotinum_1.jpg,Eupatorium serotinum,True,405629105,https://inaturalist-open-data.s3.amazonaws.com/photos/745094335/medium.jpg,cc0,f0ba9062fab0efec830fd9c513523659282874a4512e444dd17d6ce70c616310
Eupatorium_serotinum_2.jpg,Eupatorium serotinum,True,405622878,https://inaturalist-open-data.s3.amazonaws.com/photos/745079801/medium.jpg,cc0,59b3f4e0cf1b549b11bbb262faf402c8d0ab8bf2279e7314ef2b4e525e6c8202
Ligustrum_sinense_0.jpg,Ligustrum sinense,True,405531719,https://inaturalist-open-data.s3.amazonaws.com/photos/744895629/medium.jpg,cc0,5b7a7e7c23ab1dc498f69fa835666e0f5e18ed29ef58b0a88561567e8c84d286
Ligustrum_sinense_1.jpg,Ligustrum sinense,True,405159242,https://inaturalist-open-data.s3.amazonaws.com/photos/744153860/medium.jpg,cc0,4ce6e531ad41df587278d94970f0e97895ac86578bd84ca6fc87cc8012cc014a
Ligustrum_sinense_2.jpg,Ligustrum sinense,True,402598141,https://inaturalist-open-data.s3.amazonaws.com/photos/739096558/medium.jpg,cc0,1802a9e96be7161d1a96b71e0e7d5a33c65e3d6e3bfbca25fc0cb4a3cf9f9dca
Hedera_helix_0.jpg,Hedera helix,True,406608029,https://inaturalist-open-data.s3.amazonaws.com/photos/747069194/medium.jpg,cc0,2364333056fc37ac6799874ed5a8f579779ec369d0b86fda5a37ea01db30854b
Hedera_helix_1.jpg,Hedera helix,True,406359609,https://inaturalist-open-data.s3.amazonaws.com/photos/746543319/medium.jpg,cc0,d76b4241f86d75efa93b2297f23d6bbfadc432a796e3689d0932536f8463f305
Hedera_helix_2.jpg,Hedera helix,True,406322901,https://inaturalist-open-data.s3.amazonaws.com/photos/746489223/medium.jpg,cc0,894f34e6e3c5b82d95415290be43560e94698999cbdaef6e64632535be691e81
Parthenocissus_quinquefolia_0.jpg,Parthenocissus quinquefolia,True,406657308,https://inaturalist-open-data.s3.amazonaws.com/photos/747173395/medium.jpg,cc0,c3ffd2829c0baca163bd1c79c7035d647f87a7545344282c58db7fa245131192
Parthenocissus_quinquefolia_1.jpg,Parthenocissus quinquefolia,True,406598970,https://inaturalist-open-data.s3.amazonaws.com/photos/747049224/medium.jpg,cc0,f2317cf129a94563bd266b3cee1873b074592f41da9878bd989b173e1d1b4a7c
Parthenocissus_quinquefolia_2.jpg,Parthenocissus quinquefolia,True,406418951,https://inaturalist-open-data.s3.amazonaws.com/photos/746688741/medium.jpg,cc0,9e306f48d38145c2af1d38955d9bebd49f1a6334328e6d6b2e0e8afc85ed4df8
Acer_negundo_0.jpg,Acer negundo,True,406250125,https://inaturalist-open-data.s3.amazonaws.com/photos/746353646/medium.jpg,cc0,92c1001b6d143d33421d7654239748eb876f177cbece20f9e3c6827659961a23
Acer_negundo_1.jpg,Acer negundo,True,404967271,https://inaturalist-open-data.s3.amazonaws.com/photos/743766707/medium.jpg,cc0,e2c207ae61e79577853451c770658ae9c7790882dc96c0f4e3163562e8a47a80
Acer_negundo_2.jpg,Acer negundo,True,404938305,https://inaturalist-open-data.s3.amazonaws.com/photos/743713133/medium.jpg,cc0,4e4e0fad26a8350d1e1626afd9b48c8b373aad3fcc5c76b32a6088f629858c56
Cornus_florida_0.jpg,Cornus florida,True,404784844,https://inaturalist-open-data.s3.amazonaws.com/photos/743401986/medium.jpg,cc0,4b4f9526f1e9b5561f9425449d8e828f630e476dbb68e555db841b76268990f7
Cornus_florida_1.jpg,Cornus florida,True,402548063,https://inaturalist-open-data.s3.amazonaws.com/photos/738996116/medium.jpg,cc0,ebc05d41e8c43ec63524cef6704d72d6d128f7ef170bd1067b3158f315c6d022
Cornus_florida_2.jpg,Cornus florida,True,399972506,https://inaturalist-open-data.s3.amazonaws.com/photos/733883040/medium.jpg,cc0,aa1f596c016333bfc8bbeadfbbe5b9bc62e6e6c72ce35678db8bbd5325c6e6e4
Nandina_domestica_0.jpg,Nandina domestica,True,402548148,https://inaturalist-open-data.s3.amazonaws.com/photos/738996321/medium.jpg,cc0,44207645009d79189744a20533e3e3065ef148d8d21ab2a4598d1df7994f11db
Nandina_domestica_1.jpg,Nandina domestica,True,400279255,https://inaturalist-open-data.s3.amazonaws.com/photos/734505675/medium.jpg,cc0,8a6b1adc1cd6c02a4e65b1406e21dd87e245a08a72ea581a72cacf50eb64ce74
Nandina_domestica_2.jpg,Nandina domestica,True,400261268,https://inaturalist-open-data.s3.amazonaws.com/photos/734467318/medium.jpg,cc0,5fedb75b4655e7f7f80a1208fc2b8639b6578eb316fa207a4cca50e818f176b5
Toxicodendron_radicans_0.jpg,Toxicodendron radicans,True,406574491,https://inaturalist-open-data.s3.amazonaws.com/photos/747000265/medium.jpg,cc0,885c82c4714db4950854b4116cfcfb40a96ed96a32103061084fb60fc84e5916
Toxicodendron_radicans_1.jpg,Toxicodendron radicans,True,406481490,https://inaturalist-open-data.s3.amazonaws.com/photos/746812964/medium.jpg,cc0,e506586985d206f60de0953fdc230f61b0659c0332dbd209918f56128e2c2138
Toxicodendron_radicans_2.jpg,Toxicodendron radicans,True,406417302,https://inaturalist-open-data.s3.amazonaws.com/photos/746685322/medium.jpg,cc0,6db3470c0293ec4a87c52ffc62d6e873ea5cca443a02aad172194b727d3c63dc
Solanum_carolinense_0.jpg,Solanum carolinense,True,406470580,https://inaturalist-open-data.s3.amazonaws.com/photos/746797664/medium.jpg,cc0,c2e77d8cb29363b2b3ac143cf9f19f185011b1d79891f28e7b6fc7344d50f8bd
Solanum_carolinense_1.jpg,Solanum carolinense,True,406416613,https://inaturalist-open-data.s3.amazonaws.com/photos/746684376/medium.jpg,cc0,4ad5f05ad581e3e374dd5ab74b54b5d7b1f18a73352d0c6d1e668dbaa4ff0ef1
Solanum_carolinense_2.jpg,Solanum carolinense,True,405530416,https://inaturalist-open-data.s3.amazonaws.com/photos/744893070/medium.jpg,cc0,d19fa03ae6e69cee25e89d70c2bda0f290272147dabf215c8988a88502448a1a
Juglans_nigra_0.jpg,Juglans nigra,True,406325146,https://inaturalist-open-data.s3.amazonaws.com/photos/746502289/medium.jpg,cc0,c7e82460c8bba7861fc7c21e66cf4cfed226a1f7f8489afeccbf4ed2a7522e13
Juglans_nigra_1.jpg,Juglans nigra,True,406322911,https://inaturalist-open-data.s3.amazonaws.com/photos/746497789/medium.jpg,cc0,cdb12ebf6a361de20239ab016e35c250878d974cd702d89017545e27795330aa
Juglans_nigra_2.jpg,Juglans nigra,True,405933553,https://inaturalist-open-data.s3.amazonaws.com/photos/745712290/medium.jpg,cc0,55f967376c4c7faab7cfdc790502c4fb3202558dd81a3816cce196d77cac9293
Acer_rubrum_0.jpg,Acer rubrum,True,406132857,https://inaturalist-open-data.s3.amazonaws.com/photos/746110517/medium.jpg,cc0,29cd4aa94228e022d0c76bca82890acf9f1f10b50dd09e8b7dfe638c534072d2
Acer_rubrum_1.jpg,Acer rubrum,True,406128432,https://inaturalist-open-data.s3.amazonaws.com/photos/746100454/medium.jpg,cc0,584829113aa368ece8f279b493da5f55dc8bd8c01c60ad750308893d7a4a7fee
Acer_rubrum_2.jpg,Acer rubrum,True,405513066,https://inaturalist-open-data.s3.amazonaws.com/photos/744859355/medium.jpg,cc0,39a734c21ca21f792b3418d6ad2a57e6fc21fdbe7c10ff4766b0278d8846be62
Asimina_triloba_0.jpg,Asimina triloba,True,406418973,https://inaturalist-open-data.s3.amazonaws.com/photos/746688798/medium.jpg,cc0,b702613c7532a0b429302b290fc6bb66c936db97b4a8620965d5a51bd55ae0ad
Asimina_triloba_1.jpg,Asimina triloba,True,406418297,https://inaturalist-open-data.s3.amazonaws.com/photos/746687625/medium.jpg,cc0,ca31960d7bb6da87a2bd98562307550579338baaf98d85d90681f824e25cfb91
Asimina_triloba_2.jpg,Asimina triloba,True,405952794,https://inaturalist-open-data.s3.amazonaws.com/photos/745750176/medium.jpg,cc0,6200f2a3caaca5a62a8b072a15c96713fc3463cc873e15ffcc324228551ee7cd
Ilex_opaca_0.jpg,Ilex opaca,True,406547797,https://inaturalist-open-data.s3.amazonaws.com/photos/746947684/medium.jpg,cc0,b34e7d3135ef545850316fed6de4d3b1334106feccc8cffbd991676d79dfc4fa
Ilex_opaca_1.jpg,Ilex opaca,True,405532402,https://inaturalist-open-data.s3.amazonaws.com/photos/744896847/medium.jpg,cc0,0b30bf788e5baf177c7dbf6cda53703f9eee8dc33083c9ff6f4b6a005c2ed324
Ilex_opaca_2.jpg,Ilex opaca,True,404854882,https://inaturalist-open-data.s3.amazonaws.com/photos/743544929/medium.jpg,cc0,73bb2a285b80dfbe3a808e2b1599abceda8282aa67ef92109942e815fef8a0ce
Perilla_frutescens_0.jpg,Perilla frutescens,True,406568867,https://inaturalist-open-data.s3.amazonaws.com/photos/746989469/medium.jpg,cc0,e4b2e8348df382fe082c8aa8201009187abe80ad118e9c949b6af134fc57c2cf
Perilla_frutescens_1.jpg,Perilla frutescens,True,405572660,https://inaturalist-open-data.s3.amazonaws.com/photos/744976819/medium.jpg,cc0,a1d6c3d43a8969f6df91c48285900cfa0e0dea13c45cbb10065193ab1dd7e9a3
Perilla_frutescens_2.jpg,Perilla frutescens,True,404992715,https://inaturalist-open-data.s3.amazonaws.com/photos/743817120/medium.jpg,cc0,f856665cf7224607d08cd287a9f891f0e39de756949ab6914b374c48925fc3a6
Quercus_alba_0.jpg,Quercus alba,True,406443716,https://inaturalist-open-data.s3.amazonaws.com/photos/746738402/medium.jpg,cc0,92001181a80d346fd64e3a01e0bd127be4730312143889d24c52bf193078c923
Quercus_alba_1.jpg,Quercus alba,True,406145652,https://inaturalist-open-data.s3.amazonaws.com/photos/746139635/medium.jpg,cc0,4ba1a21a45b15dc961121c92d0ee12b64dfe209313d3dcabe28e48dbf8e40f6c
Quercus_alba_2.jpg,Quercus alba,True,405930765,https://inaturalist-open-data.s3.amazonaws.com/photos/745705717/medium.jpg,cc0,8e3e2505a8ddf7437421a10d6f4e61a6f94cd05bb9f8a4cc8a644e3d4fe7e2f2
Berberis_bealei_0.jpg,Berberis bealei,True,405608988,https://inaturalist-open-data.s3.amazonaws.com/photos/745545551/medium.jpg,cc0,db12d7750f780f78d0769bab762c618f07b30662b7c4976597f59ccef085e962
Berberis_bealei_1.jpg,Berberis bealei,True,389491167,https://inaturalist-open-data.s3.amazonaws.com/photos/713447285/medium.jpg,cc0,ac045ee2ab46b0cc86eae3d9c4e3ecc768445e32b4102d9c5111ed86b55c5934
Berberis_bealei_2.jpg,Berberis bealei,True,389426658,https://inaturalist-open-data.s3.amazonaws.com/photos/713321269/medium.jpg,cc0,becdd3a07ece89fcbddaa8da27bf905a06f271292d9b8e140b3bc37b01975eca
Lonicera_japonica_0.jpg,Lonicera japonica,True,406236620,https://inaturalist-open-data.s3.amazonaws.com/photos/746327892/medium.jpg,cc0,4b5c0bc17d4f281dc0f9cb1d6e12c162fb8be274628ab0bc2be64bf0eb168080
Lonicera_japonica_1.jpg,Lonicera japonica,True,405947694,https://inaturalist-open-data.s3.amazonaws.com/photos/745740073/medium.jpg,cc0,7f9e21e9529ff5804b6c2946e0d7405506ef5c8707a60a16c25fdc4e8b99c402
Lonicera_japonica_2.jpg,Lonicera japonica,True,405159543,https://inaturalist-open-data.s3.amazonaws.com/photos/744154264/medium.jpg,cc0,c7a06634c1697257c2bc4dce8125159c1de5052adcfdc0ff8091249e546f69e0
Lobelia_cardinalis_0.jpg,Lobelia cardinalis,True,406060849,https://inaturalist-open-data.s3.amazonaws.com/photos/745971301/medium.jpg,cc0,8e699e29e6a2d8bac0ee45b14cc6e5d9ee03d291dfaff12becb7e0c174bd4f21
Lobelia_cardinalis_1.jpg,Lobelia cardinalis,True,404359907,https://inaturalist-open-data.s3.amazonaws.com/photos/742566827/medium.jpg,cc0,970fbea055cf6ec5bacd56e340ef8bb49ff886b7486e5046db61e3929455934b
Lobelia_cardinalis_2.jpg,Lobelia cardinalis,True,404249467,https://inaturalist-open-data.s3.amazonaws.com/photos/742343828/medium.jpg,cc0,8a1df121a38ebbfb1600f533b0ea5e72e4e25f323115ddd7ced90932e35284c1
Physalis_angulata_0.jpg,Physalis angulata,True,406399428,https://inaturalist-open-data.s3.amazonaws.com/photos/746647594/medium.jpg,cc0,e8adffc5d94068a007d5e22b31e0bd02c81edc4367b6699e102cb83490efd063
Physalis_angulata_1.jpg,Physalis angulata,True,400853078,https://inaturalist-open-data.s3.amazonaws.com/photos/735662468/medium.jpg,cc0,9902eab429684839ba893cab31373746cd7b9c021b6d73c1f78002b400a4cc31
Physalis_angulata_2.jpg,Physalis angulata,True,400429090,https://inaturalist-open-data.s3.amazonaws.com/photos/734818010/medium.jpg,cc0,a534d206bea30fef69c85705329bf7e68bb0376c83ee2d7fa231a5f0d6ebc9f7
Verbesina_alternifolia_0.jpg,Verbesina alternifolia,True,405753906,https://inaturalist-open-data.s3.amazonaws.com/photos/745342958/medium.jpg,cc0,1134fe8a19a2728a36c53410346f9a74f9824d7f0550d808425920f8bd5238c4
Verbesina_alternifolia_1.jpg,Verbesina alternifolia,True,405534030,https://inaturalist-open-data.s3.amazonaws.com/photos/744900346/medium.jpg,cc0,80a4cc3ef0554dd8d230fac37fd8f245721ad43c2a9c73c11296ec56acdb9dc6
Verbesina_alternifolia_2.jpg,Verbesina alternifolia,True,404972711,https://inaturalist-open-data.s3.amazonaws.com/photos/743777086/medium.jpg,cc0,6fe7696c5c77dd3ceefd7dafb6092141c969777e12c97c44be2552f09c080d9d
Lycoris_radiata_0.jpg,Lycoris radiata,True,406376890,https://inaturalist-open-data.s3.amazonaws.com/photos/746603947/medium.jpg,cc0,18775ee4c8b06c024729f407346d6ea72b53655458fd20181383c19cca07c906
Lycoris_radiata_1.jpg,Lycoris radiata,True,406333140,https://inaturalist-open-data.s3.amazonaws.com/photos/746518491/medium.jpg,cc0,96bfec8755321885a626ae4fbbb24f944b6582b1ef0a3defe81d41cadfc6fcb5
Lycoris_radiata_2.jpg,Lycoris radiata,True,405113925,https://inaturalist-open-data.s3.amazonaws.com/photos/744061035/medium.jpg,cc0,3d3629753391e815cdec5f4abb4a2cbdd996e935b3273aafcd676f35672b95df
Campsis_radicans_0.jpg,Campsis radicans,True,405941072,https://inaturalist-open-data.s3.amazonaws.com/photos/745722436/medium.jpg,cc0,1167b5cf1293170577a94c9ffff6c5657fec4b3f11564b1792f6b777639883d3
Campsis_radicans_1.jpg,Campsis radicans,True,403750017,https://inaturalist-open-data.s3.amazonaws.com/photos/741356945/medium.jpg,cc0,a17bdba6f7a372c4742803c2026f10bf41acbb60ab643ce501de81d7ddb9d361
Campsis_radicans_2.jpg,Campsis radicans,True,402065793,https://inaturalist-open-data.s3.amazonaws.com/photos/738054219/medium.jpg,cc0,2668b27fc1a3a57492dfc0d2e09316d185ed882c5d43c07a31656b43547087cb
Glechoma_hederacea_0.jpg,Glechoma hederacea,True,406592566,https://inaturalist-open-data.s3.amazonaws.com/photos/747036433/medium.jpg,cc0,7bc7ccfdaa13d17af06449375c4798cab607fc8ed6d043d5869ead9687928253
Glechoma_hederacea_1.jpg,Glechoma hederacea,True,406359577,https://inaturalist-open-data.s3.amazonaws.com/photos/746543159/medium.jpg,cc0,cf3adcfa7403a6cadeaf9417e2cc52df4fd2f6000475c674573e939eb2af3b03
Glechoma_hederacea_2.jpg,Glechoma hederacea,True,405322521,https://inaturalist-open-data.s3.amazonaws.com/photos/744474444/medium.jpg,cc0,affec011b9c8504ea046b113d6d63c0453c6a63f8bfc640f2d34f1e8482f6241
Persicaria_sagittata_0.jpg,Persicaria sagittata,True,406221567,https://inaturalist-open-data.s3.amazonaws.com/photos/746295983/medium.jpg,cc0,1aaa9fe713d23c917d9c42263fd03ea20f868adcd02a95ffe7e285d35e8a5f97
Persicaria_sagittata_1.jpg,Persicaria sagittata,True,406046356,https://inaturalist-open-data.s3.amazonaws.com/photos/746260864/medium.jpg,cc0,8b24e891aa3d278cdf05135760a678ff8cb78c2ebd31afa535ca37a664e8bcb8
Persicaria_sagittata_2.jpg,Persicaria sagittata,True,405953722,https://inaturalist-open-data.s3.amazonaws.com/photos/745752173/medium.jpg,cc0,72d75c472e808550767573a99cdc9dbfff865c048712074b7ae1525883c8225a
Solidago_caesia_0.jpg,Solidago caesia,True,406449107,https://inaturalist-open-data.s3.amazonaws.com/photos/746752470/medium.jpg,cc0,d84873354914b10d1a8c0b450f8fd407bf3defb972a94a47970437f35f0d862a
Solidago_caesia_1.jpg,Solidago caesia,True,405954249,https://inaturalist-open-data.s3.amazonaws.com/photos/745752920/medium.jpg,cc0,79a65e8a5b249d3f5f9c5b50c9dbd59a0757b1731d391a5ce9b3635d92503641
Solidago_caesia_2.jpg,Solidago caesia,True,405693428,https://inaturalist-open-data.s3.amazonaws.com/photos/745227614/medium.jpg,cc0,aa0e319d8d550aab9ed389d8a6b7242eb40643a6e387c361e13cc99078b7db69
Melothria_pendula_0.jpg,Melothria pendula,True,406481634,https://inaturalist-open-data.s3.amazonaws.com/photos/746814128/medium.jpg,cc0,47e2527c8b02d9bc4289b00c47f6b9034780c9e08b09ebc243b6cf227c08ea13
Melothria_pendula_1.jpg,Melothria pendula,True,403369876,https://inaturalist-open-data.s3.amazonaws.com/photos/740602036/medium.jpg,cc0,15a7b771399c60932a99fde35b9022b0b5daf83d265f866ff5f087f7359500fe
Melothria_pendula_2.jpg,Melothria pendula,True,402765307,https://inaturalist-open-data.s3.amazonaws.com/photos/739421057/medium.jpg,cc0,7f9db4a3d256317614d111f1dee374a65b44f8a8f69b3a02b42b2f603ec5d635
Jacquemontia_tamnifolia_0.jpg,Jacquemontia tamnifolia,True,406360402,https://inaturalist-open-data.s3.amazonaws.com/photos/746571891/medium.jpg,cc0,083eaa75c1f477098d8ac1f4c66b805d7d11bbbbb243cbe90d6cdbb73f782a62
Jacquemontia_tamnifolia_1.jpg,Jacquemontia tamnifolia,True,406229473,https://inaturalist-open-data.s3.amazonaws.com/photos/746312312/medium.jpg,cc0,ad367415ab7bc61ee4e28f685bacd9fe2046d600c5a264440a315b056504a9fb
Jacquemontia_tamnifolia_2.jpg,Jacquemontia tamnifolia,True,399577002,https://inaturalist-open-data.s3.amazonaws.com/photos/733103918/medium.jpg,cc0,5a8e0c5aa541548d71a905c892e61410901df0917cd2ff7eab78c15eb2d8abdb
Rudbeckia_laciniata_0.jpg,Rudbeckia laciniata,True,406324885,https://inaturalist-open-data.s3.amazonaws.com/photos/746501651/medium.jpg,cc0,f02997dfa19a01c1da67b9521965dae1643c682ccb045b7bc24dc1bb07d0cb5b
Rudbeckia_laciniata_1.jpg,Rudbeckia laciniata,True,405451844,https://inaturalist-open-data.s3.amazonaws.com/photos/744737608/medium.jpg,cc0,d73bcc94a1039c6c575b657c713d933a55e3f70b0852810fb4f04a2ffeeca7a7
Rudbeckia_laciniata_2.jpg,Rudbeckia laciniata,True,405110177,https://inaturalist-open-data.s3.amazonaws.com/photos/744052580/medium.jpg,cc0,db14d14bdc1c5295dbc3ad44733ae0e42ff96edbb2e7d1c3ca76a947d0c44c51
Verbesina_virginica_0.jpg,Verbesina virginica,True,406481510,https://inaturalist-open-data.s3.amazonaws.com/photos/746813203/medium.jpg,cc0,43b84baa25f3a000b6b2e3d33379a622ebdb9c2fbf31872e909402462864290e
Verbesina_virginica_1.jpg,Verbesina virginica,True,406214787,https://inaturalist-open-data.s3.amazonaws.com/photos/746280482/medium.jpg,cc0,72fa1e71e34c712e7d4f15a4dbe128a2532446cabddb418789c04dd05e85146c
Verbesina_virginica_2.jpg,Verbesina virginica,True,405653842,https://inaturalist-open-data.s3.amazonaws.com/photos/745144346/medium.jpg,cc0,57457c191ab52cd932b35d2801a8d5036a2c6d01dad41fbf749b024ab43f96a3
Vaccinium_arboreum_0.jpg,Vaccinium arboreum,True,406369626,https://inaturalist-open-data.s3.amazonaws.com/photos/746624195/medium.jpg,cc0,d24802db7fcd69670c860248bc85ff35931f65ab944b6055f7e88ce98a32669a
Vaccinium_arboreum_1.jpg,Vaccinium arboreum,True,406335134,https://inaturalist-open-data.s3.amazonaws.com/photos/746522052/medium.jpg,cc0,a96af3355fdd1ad608a64e413f824b1f6dc6176c31c443c30921099b96734f14
Vaccinium_arboreum_2.jpg,Vaccinium arboreum,True,404568495,https://inaturalist-open-data.s3.amazonaws.com/photos/742974776/medium.jpg,cc0,bc24fd4cb60e3779b7d255e67acd2e5a2ec272ae4d05bc5f2fdfb354d4dd67ca
Juniperus_virginiana_0.jpg,Juniperus virginiana,True,406575955,https://inaturalist-open-data.s3.amazonaws.com/photos/747001502/medium.jpg,cc0,1773c4ce7d200841254d182771c0fd2cc4edb0d741cc28447bf0fb2164655e7d
Juniperus_virginiana_1.jpg,Juniperus virginiana,True,406549052,https://inaturalist-open-data.s3.amazonaws.com/photos/746950621/medium.jpg,cc0,3b21fa2374a5a1010ef74e04912eeb3b16b9bef606f8f71732c5fb27450a8a38
Juniperus_virginiana_2.jpg,Juniperus virginiana,True,406361800,https://inaturalist-open-data.s3.amazonaws.com/photos/747157612/medium.jpg,cc0,600a4a2874a68b2f2d3391e99809efcee5bc9d2d36a854dafb83103aff98a9e0
Verbascum_thapsus_0.jpg,Verbascum thapsus,True,406433146,https://inaturalist-open-data.s3.amazonaws.com/photos/746707486/medium.jpg,cc0,13f76ffe5e6d114419bdef262ed3e90cdc2f68d0849f2decd262569187f4ab02
Verbascum_thapsus_1.jpg,Verbascum thapsus,True,406313385,https://inaturalist-open-data.s3.amazonaws.com/photos/746452645/medium.jpg,cc0,be224ab8e4f0d7713061ec8f358a0064470a65f546c8e995f54527ac339e8368
Verbascum_thapsus_2.jpg,Verbascum thapsus,True,406160794,https://inaturalist-open-data.s3.amazonaws.com/photos/746156478/medium.jpg,cc0,7dda77d7f28143d10c00160b7b0c499a53ea19fd2eba6995d982d231501e7926
Onoclea_sensibilis_0.jpg,Onoclea sensibilis,True,406132876,https://inaturalist-open-data.s3.amazonaws.com/photos/746110647/medium.jpg,cc0,2579899afc0ac8fe9f4051a9274d8dda90019a09b06462d1d82bc568c9184903
Onoclea_sensibilis_1.jpg,Onoclea sensibilis,True,405934017,https://inaturalist-open-data.s3.amazonaws.com/photos/745752148/medium.jpg,cc0,01677d2b223b5a8bf6af79567b400306c4b0e3f9019f1a4f27e7cb9ed18ed57f
Onoclea_sensibilis_2.jpg,Onoclea sensibilis,True,405635100,https://inaturalist-open-data.s3.amazonaws.com/photos/745106586/medium.jpg,cc0,2fffc20bbfc1f1bd878fecd9775755979e3982cf44239bf366297079bbce9f4d
Helianthus_angustifolius_0.jpg,Helianthus angustifolius,True,406388253,https://inaturalist-open-data.s3.amazonaws.com/photos/746624790/medium.jpg,cc0,bf1b29ea33717ebdb4d65b2bfb78b449202b3d9463e3e9c4cd59d53dcb621507
Helianthus_angustifolius_1.jpg,Helianthus angustifolius,True,398000218,https://inaturalist-open-data.s3.amazonaws.com/photos/730052004/medium.jpg,cc0,39db974248c91f1c3e811c6fed95eea7c928aa7a555977b21da5f4989b823f66
Helianthus_angustifolius_2.jpg,Helianthus angustifolius,True,397999716,https://inaturalist-open-data.s3.amazonaws.com/photos/730050849/medium.jpg,cc0,5e81bec32d6b74674d570f7e9acf278517a97a1f83685fe4f3227c16b87fab1b
Monotropa_uniflora_0.jpg,Monotropa uniflora,True,406443704,https://inaturalist-open-data.s3.amazonaws.com/photos/746738123/medium.jpg,cc0,a4201dd83ab1862f69ab24813ed9691474dd04dda4b7f8d39f39f72a9115b892
Monotropa_uniflora_1.jpg,Monotropa uniflora,True,406392564,https://inaturalist-open-data.s3.amazonaws.com/photos/746650848/medium.jpg,cc0,6c6f4a9d11860f150e2c704cee0d56f0628be8fb9c76208759667aa1dd7dc9ae
Monotropa_uniflora_2.jpg,Monotropa uniflora,True,406071774,https://inaturalist-open-data.s3.amazonaws.com/photos/745991390/medium.jpg,cc0,3f347cdc48d03ddd0beaf4c31465b09bf6bf8932e633e09cffd911609c28ac3c
Prunus_caroliniana_0.jpg,Prunus caroliniana,True,403236196,https://inaturalist-open-data.s3.amazonaws.com/photos/740341480/medium.jpg,cc0,ea421d4e1da036668ccaeeafe76de7cb3c776ed4df3da6e54e0a22edde505018
Prunus_caroliniana_1.jpg,Prunus caroliniana,True,398947740,https://inaturalist-open-data.s3.amazonaws.com/photos/731901075/medium.jpg,cc0,b7994f309270641b060a23359c1209b20f1c01e4c071eed5a3b6641850d2f891
Prunus_caroliniana_2.jpg,Prunus caroliniana,True,396795688,https://inaturalist-open-data.s3.amazonaws.com/photos/727688511/medium.jpg,cc0,2dd45e3b797222be5df5db35124de71adc526b7f4e5046fa8f63813852467ead
Senna_obtusifolia_0.jpg,Senna obtusifolia,True,406220350,https://inaturalist-open-data.s3.amazonaws.com/photos/746292567/medium.jpg,cc0,369ccb9d00f8524c26d2fda386dd3f9bfc3ca8e3a9a81a7d9f2f0c0ce367afa0
Senna_obtusifolia_1.jpg,Senna obtusifolia,True,405974928,https://inaturalist-open-data.s3.amazonaws.com/photos/745795112/medium.jpg,cc0,aaa26a338eb0a5897c13c05f51ae4cca2903dc61f83969c8a0bd72953e93cc74
Senna_obtusifolia_2.jpg,Senna obtusifolia,True,404132958,https://inaturalist-open-data.s3.amazonaws.com/photos/742111336/medium.jpg,cc0,b90b1aed5fe7c0492ea5069b25b751ab7f8b6774e07f1c10c644bf9d46f89ba7
Baccharis_halimifolia_0.jpg,Baccharis halimifolia,True,405922497,https://inaturalist-open-data.s3.amazonaws.com/photos/745687621/medium.jpg,cc0,0e2f7918206b7fdddf4d98469f68b8a959c8cee437adff378c339188c112bca2
Baccharis_halimifolia_1.jpg,Baccharis halimifolia,True,405919664,https://inaturalist-open-data.s3.amazonaws.com/photos/745681803/medium.jpg,cc0,170d24ab7643baaf42987fce296bc9ec45b321063a312da482963a1e21586139
Baccharis_halimifolia_2.jpg,Baccharis halimifolia,True,405823969,https://inaturalist-open-data.s3.amazonaws.com/photos/745482846/medium.jpg,cc0,07f7d78258dbc7efa23d16d97497079bab362e8bea6d89af9739238fb1c64a4a
Lobelia_puberula_0.jpg,Lobelia puberula,True,406393387,https://inaturalist-open-data.s3.amazonaws.com/photos/746635247/medium.jpg,cc0,8b88482dbb0ef203de77121f9aaf9335b1cf7e797ae8710ad2b9aa1d5c3ef464
Lobelia_puberula_1.jpg,Lobelia puberula,True,406365729,https://inaturalist-open-data.s3.amazonaws.com/photos/746581869/medium.jpg,cc0,98334c4db254f3e482f32e553eaa823a2f5b704306027b52d1c4612eaaf6e1f1
Lobelia_puberula_2.jpg,Lobelia puberula,True,406002229,https://inaturalist-open-data.s3.amazonaws.com/photos/745857278/medium.jpg,cc0,7c0fb8b48c5550cf9695a5f6ffdf02c6cd8b82668490dd319cc89575ecebd3f8
Diodia_virginiana_0.jpg,Diodia virginiana,True,406217977,https://inaturalist-open-data.s3.amazonaws.com/photos/746288646/medium.jpg,cc0,a2e49627d91e3a5a67ca2c50864a48dd9454a67e66f69534d76a08166244b05e
Diodia_virginiana_1.jpg,Diodia virginiana,True,403124872,https://inaturalist-open-data.s3.amazonaws.com/photos/740119934/medium.jpg,cc0,fe1b450bb11bf7b3ee5402262f6057dcb3e747237f34612fda10683c21400d25
Diodia_virginiana_2.jpg,Diodia virginiana,True,402005714,https://inaturalist-open-data.s3.amazonaws.com/photos/737924901/medium.jpg,cc0,35efe45bedec4a0965200e25879f3951e5721c70028a2bee1adbcbdf4f133e5e
Ageratina_altissima_0.jpg,Ageratina altissima,True,406417506,https://inaturalist-open-data.s3.amazonaws.com/photos/746685785/medium.jpg,cc0,696ed00b4ca13c57a076317050e69e5ce0192975c25e5d6e355edb4242d9dd27
Ageratina_altissima_1.jpg,Ageratina altissima,True,406417441,https://inaturalist-open-data.s3.amazonaws.com/photos/746685588/medium.jpg,cc0,eb7ca4d4b4f65a29022e12fa1f2eb116541856c6af2fe2158e670eba953b67f7
Ageratina_altissima_2.jpg,Ageratina altissima,True,406375216,https://inaturalist-open-data.s3.amazonaws.com/photos/746600458/medium.jpg,cc0,403168db949b069f1aea25ec85650a2d06e827f8899816ddb75c15f6a98a5c59
Pleopeltis_michauxiana_0.jpg,Pleopeltis michauxiana,True,406218484,https://inaturalist-open-data.s3.amazonaws.com/photos/746289178/medium.jpg,cc0,196d000dac8ec98b9ee3a23831817c8d4bf4b18fe14e17cf6fd79bdeb1a4d7b6
Pleopeltis_michauxiana_1.jpg,Pleopeltis michauxiana,True,396823163,https://inaturalist-open-data.s3.amazonaws.com/photos/727746823/medium.jpg,cc0,6515e8ff1ddd9377f8b642ac63e86061efe41d07ce32c6eb2927129691d415d9
Pleopeltis_michauxiana_2.jpg,Pleopeltis michauxiana,True,396691094,https://inaturalist-open-data.s3.amazonaws.com/photos/727484394/medium.jpg,cc0,322bd9113c5d09f0c22a80e12abc278a8450d8871adbec8b23320fd3ac86ec4a
Cephalanthus_occidentalis_0.jpg,Cephalanthus occidentalis,True,405883569,https://inaturalist-open-data.s3.amazonaws.com/photos/745606662/medium.jpg,cc0,dbe842a3ff882e64133dc38234f6e2db41882af0afc6653fe15d1c7c4f2f3ed8
Cephalanthus_occidentalis_1.jpg,Cephalanthus occidentalis,True,405807679,https://inaturalist-open-data.s3.amazonaws.com/photos/745451150/medium.jpg,cc0,b682b9da8d68e06773673fdb443b61c6e9950911a7fe9625f09231c78312d8f4
Cephalanthus_occidentalis_2.jpg,Cephalanthus occidentalis,True,405666564,https://inaturalist-open-data.s3.amazonaws.com/photos/745163217/medium.jpg,cc0,fa483a322332278af6626005dd7e7b54f22161150f1f4c021152cf5527c0380a
Ipomoea_lacunosa_0.jpg,Ipomoea lacunosa,True,404133235,https://inaturalist-open-data.s3.amazonaws.com/photos/742111766/medium.jpg,cc0,9ae69a4082b5744e8fde117450d8fad60a06ceed60893d39a7bf67be0126e7b3
Ipomoea_lacunosa_1.jpg,Ipomoea lacunosa,True,403126591,https://inaturalist-open-data.s3.amazonaws.com/photos/740123861/medium.jpg,cc0,abb0a82cbc7c23cebdc12cfa496d8fcd208a5831a4d828b3c4486eb05ab908f2
Ipomoea_lacunosa_2.jpg,Ipomoea lacunosa,True,403073745,https://inaturalist-open-data.s3.amazonaws.com/photos/740018666/medium.jpg,cc0,6af2e10dfd2ca3f776f435f5a2630612f454d624de938354f0f9aff8469f8df1
Gonolobus_suberosus_0.jpg,Gonolobus suberosus,True,406158663,https://inaturalist-open-data.s3.amazonaws.com/photos/746165490/medium.jpg,cc0,78f6e87773e50b0f63fb21bba47e42b3d0e3d61a1d5b30bd758bfa4918373a20
Gonolobus_suberosus_1.jpg,Gonolobus suberosus,True,406003944,https://inaturalist-open-data.s3.amazonaws.com/photos/745856144/medium.jpg,cc0,7fd28ce82e52e299ea9d9d1d02f017800ba0204c2522cfd0025cbeef9c2ac331
Gonolobus_suberosus_2.jpg,Gonolobus suberosus,True,400098964,https://inaturalist-open-data.s3.amazonaws.com/photos/734142340/medium.jpg,cc0,7d2500e0c80e0c6f2cc904a60234c74d5faad4e558f9779a3d4e3f92677d9f63
Smallanthus_uvedalia_0.jpg,Smallanthus uvedalia,True,405904626,https://inaturalist-open-data.s3.amazonaws.com/photos/745649006/medium.jpg,cc0,d5d9e14efa01d411f128e4bf2db33d6ceb341e3db0aad778a6b6e85d2ff5ffe9
Smallanthus_uvedalia_1.jpg,Smallanthus uvedalia,True,403739037,https://inaturalist-open-data.s3.amazonaws.com/photos/741336010/medium.jpg,cc0,1f13503a1170835804c73448dcad5b000f5632f5a9e8eed7fb4862eed5f30685
Smallanthus_uvedalia_2.jpg,Smallanthus uvedalia,True,403722918,https://inaturalist-open-data.s3.amazonaws.com/photos/741302736/medium.jpg,cc0,3ebddacd5ca62ab2f89160eb23cae6a02e97ba9d3192fe14a632aa04ba2d9533
Fallopia_scandens_0.jpg,Fallopia scandens,True,403407588,https://inaturalist-open-data.s3.amazonaws.com/photos/740677659/medium.jpg,cc0,dc0d6e61daf9689bf64cac070a4f354010ad6d01793d29fa9c67005a714bdfaa
Fallopia_scandens_1.jpg,Fallopia scandens,True,403048821,https://inaturalist-open-data.s3.amazonaws.com/photos/739971093/medium.jpg,cc0,a1581f99cc6d84ec586c0221bf6ed887e79c7fb72dee922630e2d073412e4274
Fallopia_scandens_2.jpg,Fallopia scandens,True,401129831,https://inaturalist-open-data.s3.amazonaws.com/photos/736209292/medium.jpg,cc0,03d81833584e9f9ce35256414769325291a376c6f1ba2f8c02d25913ae4a8127
Prunus_serotina_0.jpg,Prunus serotina,True,406568356,https://inaturalist-open-data.s3.amazonaws.com/photos/746988716/medium.jpg,cc0,988c2c63b80e1fde5411b5f1bef3e0a4ed3a457cc4d4f8364797538fc03b0f4f
Prunus_serotina_1.jpg,Prunus serotina,True,406443715,https://inaturalist-open-data.s3.amazonaws.com/photos/746738294/medium.jpg,cc0,d9ed05f4cd295ef775c9b74144115b57908991738771560913a80e97671807b1
Prunus_serotina_2.jpg,Prunus serotina,True,406443697,https://inaturalist-open-data.s3.amazonaws.com/photos/746737944/medium.jpg,cc0,b702af5c4b0062a37c7f6022d8bde64e4aa32857b3dea20ef8c5eb18e69a8104
Helenium_amarum_0.jpg,Helenium amarum,True,406371432,https://inaturalist-open-data.s3.amazonaws.com/photos/746592630/medium.jpg,cc0,0cca66a02adb3857dd9e3e8f998bd2699728a66cb7392ff0a58740d332a09313
Helenium_amarum_1.jpg,Helenium amarum,True,405977065,https://inaturalist-open-data.s3.amazonaws.com/photos/745800473/medium.jpg,cc0,3edc4163c8a2aff1b4bebe6c1039d7b219fffcee7a639e732ac80f92a2a5606e
Helenium_amarum_2.jpg,Helenium amarum,True,405374295,https://inaturalist-open-data.s3.amazonaws.com/photos/744583792/medium.jpg,cc0,2b30dfec0c88b98379c1485d5ba563a720fae6a7b6aff13c461db55328b663fc
Trichostema_dichotomum_0.jpg,Trichostema dichotomum,True,406208478,https://inaturalist-open-data.s3.amazonaws.com/photos/746268326/medium.jpg,cc0,c16125613c3b7f265282a1960279f7e77018a1d24260b720597108070cc3f5e1
Trichostema_dichotomum_1.jpg,Trichostema dichotomum,True,406003060,https://inaturalist-open-data.s3.amazonaws.com/photos/745860282/medium.jpg,cc0,0fef4c1cce7e719cd4acf6f0aa904ca6c6ef72e7bd9267bd1b5d39a0ef946a78
Trichostema_dichotomum_2.jpg,Trichostema dichotomum,True,405934805,https://inaturalist-open-data.s3.amazonaws.com/photos/745714890/medium.jpg,cc0,5bb4deddbf52902de0707e0e17e095a543550dfdf0d53a23f3cbbbd36cfca64e
Solanum_emulans_0.jpg,Solanum emulans,True,404576934,https://inaturalist-open-data.s3.amazonaws.com/photos/742992375/medium.jpg,cc0,9a53dbba85c0c8654266da9bfa372f559cae8979345f7fe02d130e38f2ace964
Solanum_emulans_1.jpg,Solanum emulans,True,404180062,https://inaturalist-open-data.s3.amazonaws.com/photos/742196388/medium.jpg,cc0,4f0c9799ca04fb718cd44d020e8a1f9c2d309a09d371ba6872245cf5863e68d3
Solanum_emulans_2.jpg,Solanum emulans,True,403537089,https://inaturalist-open-data.s3.amazonaws.com/photos/740934204/medium.jpg,cc0,ded17cd5a3132bb3f5b75e9b00e3f2fa352025f4790909ee738dfef6e59e2cf8
Conocephalum_salebrosum_0.jpg,Conocephalum salebrosum,True,405925068,https://inaturalist-open-data.s3.amazonaws.com/photos/745693291/medium.jpg,cc0,9aa3d4875378e70cafb812252d58e28a4c9be66b0a64b2ca113966661257f936
Conocephalum_salebrosum_1.jpg,Conocephalum salebrosum,True,405277026,https://inaturalist-open-data.s3.amazonaws.com/photos/744382595/medium.jpg,cc0,aaef6e95ff7a8c34447385e9d3d314e530a81df8348c9a70f11639864fff805a
Conocephalum_salebrosum_2.jpg,Conocephalum salebrosum,True,400779592,https://inaturalist-open-data.s3.amazonaws.com/photos/735513237/medium.jpg,cc0,f7b1f1e5293075751a5e8577faec8f1dde8d4acfb080f4545ae236004d39f778
Woodwardia_areolata_0.jpg,Woodwardia areolata,True,404596737,https://inaturalist-open-data.s3.amazonaws.com/photos/743034348/medium.jpg,cc0,ab43df09aff8d2f4b6c13416448d6d2332276dd263fb1f45bd80ab3126811a68
Woodwardia_areolata_1.jpg,Woodwardia areolata,True,401363977,https://inaturalist-open-data.s3.amazonaws.com/photos/736659733/medium.jpg,cc0,45eb4a6377f232651e92575b5bd615a0f499c0de89084860a5cb0cbac7b798f3
Woodwardia_areolata_2.jpg,Woodwardia areolata,True,400829837,https://inaturalist-open-data.s3.amazonaws.com/photos/735614895/medium.jpg,cc0,1b029aa07d00343399d2ae578c615c81e969c873dc45abd15984e8870062bde9
Collinsonia_canadensis_0.jpg,Collinsonia canadensis,True,405953969,https://inaturalist-open-data.s3.amazonaws.com/photos/745753170/medium.jpg,cc0,f3166102409e242e3c8a932c3044456ae53403e16b92cf3374a39936e25137a6
Collinsonia_canadensis_1.jpg,Collinsonia canadensis,True,404054407,https://inaturalist-open-data.s3.amazonaws.com/photos/741954743/medium.jpg,cc0,e54bc97a2702fbc158f1ee62337c96a71e814892001a95c2072f1ad101f9bd35
Collinsonia_canadensis_2.jpg,Collinsonia canadensis,True,403974703,https://inaturalist-open-data.s3.amazonaws.com/photos/741793495/medium.jpg,cc0,970d9999c4880065f07bdffda175a6e228942c1ea6f0c795e25c594033a002a8
Mazus_pumilus_0.jpg,Mazus pumilus,True,399680935,https://inaturalist-open-data.s3.amazonaws.com/photos/733314327/medium.jpg,cc0,45954b4c6b13bb3f1e1a6543b78ca4f14568b8d7a33bc26905520adf98a67eef
Mazus_pumilus_1.jpg,Mazus pumilus,True,398001798,https://inaturalist-open-data.s3.amazonaws.com/photos/730054851/medium.jpg,cc0,8fd6e2b6fef5c81c58ad9aee2e0f304d9b10f398d815d5a58464a20ca3004769
Mazus_pumilus_2.jpg,Mazus pumilus,True,392368254,https://inaturalist-open-data.s3.amazonaws.com/photos/719052643/medium.jpg,cc0,c93bf493fd9c890d7857f212edb200ee649c2499c4eff1f26ab3cb832663e874
Hexastylis_arifolia_0.jpg,Hexastylis arifolia,True,399749146,https://inaturalist-open-data.s3.amazonaws.com/photos/733448552/medium.jpg,cc0,e1a969af51599c357048a13cb951a97813a2f0be674ad97e1da70d38e2d63e31
Hexastylis_arifolia_1.jpg,Hexastylis arifolia,True,398886393,https://inaturalist-open-data.s3.amazonaws.com/photos/731785179/medium.jpg,cc0,b76805abb3e5b1f3f34e421ed5055d003ddda89e428d741e7916b67cb959e306
Hexastylis_arifolia_2.jpg,Hexastylis arifolia,True,397219637,https://inaturalist-open-data.s3.amazonaws.com/photos/728519492/medium.jpg,cc0,719e45f734943451848fee7c495270f6b8045b5b9935bed7daa888c821857b08
Anomodon_attenuatus_0.jpg,Anomodon attenuatus,True,400752745,https://inaturalist-open-data.s3.amazonaws.com/photos/735459349/medium.jpg,cc0,4bea5b1505e33cc7d6acccfb5ba920848a1b119de4a3eb1036f5776e4ffdd2a9
Anomodon_attenuatus_1.jpg,Anomodon attenuatus,True,397901833,https://inaturalist-open-data.s3.amazonaws.com/photos/729848729/medium.jpg,cc0,f39035a1f33093aa26030c8a7e15c89121af529d9c71d610adfb71e26f9d55b2
Anomodon_attenuatus_2.jpg,Anomodon attenuatus,True,381072306,https://inaturalist-open-data.s3.amazonaws.com/photos/697232737/medium.jpg,cc0,95d150da12867a2eb4b03f111441b11759760c79bf639bee559dc23bedce1090
Endodeca_serpentaria_0.jpg,Endodeca serpentaria,True,406082673,https://inaturalist-open-data.s3.amazonaws.com/photos/746013167/medium.jpg,cc0,195dace5a5da6ff1de2b5aebbe2026394825e3306890af075fb65596cb8df596
Endodeca_serpentaria_1.jpg,Endodeca serpentaria,True,405245664,https://inaturalist-open-data.s3.amazonaws.com/photos/744321409/medium.jpg,cc0,f43974bf34e935f5685934cae422a628605915ad85c35d56cc8cefdf4900f3ab
Endodeca_serpentaria_2.jpg,Endodeca serpentaria,True,394137374,https://inaturalist-open-data.s3.amazonaws.com/photos/722523014/medium.jpg,cc0,ac51ce17ee437be49c76cf5e68a925dad60725a877793ae8b68fe367824c19aa
