photo,set,species,taxon,rank,observation,photo_id,photo_url,license,source,sha256
target_Conoclinium_coelestinum_407025906.jpg,target,Conoclinium coelestinum,Conoclinium coelestinum,species,407025906,747906977,https://inaturalist-open-data.s3.amazonaws.com/photos/747906977/medium.jpg,cc0,https://www.inaturalist.org/observations/407025906,bec37a78f0f2efea05e016ed494364c6d357cfb0016db3a175cbf624f12114a9
target_Conoclinium_coelestinum_402453501.jpg,target,Conoclinium coelestinum,Conoclinium coelestinum,species,402453501,738818468,https://inaturalist-open-data.s3.amazonaws.com/photos/738818468/medium.jpg,cc0,https://www.inaturalist.org/observations/402453501,5077060d9f41758e0112a0264be5cba3ee7a530b2bcb3ac24678647713ff6ca2
target_Conoclinium_coelestinum_402235133.jpg,target,Conoclinium coelestinum,Conoclinium coelestinum,species,402235133,738384764,https://inaturalist-open-data.s3.amazonaws.com/photos/738384764/medium.jpg,cc0,https://www.inaturalist.org/observations/402235133,8638b3a5431983c64abbe42b57182e391de1e488fabfc9e97fc3212bc63960c7
target_Callicarpa_americana_399775309.jpg,target,Callicarpa americana,Callicarpa americana,species,399775309,733503877,https://inaturalist-open-data.s3.amazonaws.com/photos/733503877/medium.jpg,cc0,https://www.inaturalist.org/observations/399775309,239817bc2c2dcb40b1c9770ffa091e6f4f0d4cbdf782d81554ac8a1896526723
target_Callicarpa_americana_398104095.jpg,target,Callicarpa americana,Callicarpa americana,species,398104095,730251618,https://inaturalist-open-data.s3.amazonaws.com/photos/730251618/medium.jpg,cc0,https://www.inaturalist.org/observations/398104095,27e3058f295476b11897a7a99b58f0aa49a8d2660cef1e6dd9f76af15835268a
target_Callicarpa_americana_398097147.jpg,target,Callicarpa americana,Callicarpa americana,species,398097147,730239809,https://inaturalist-open-data.s3.amazonaws.com/photos/730239809/medium.jpg,cc0,https://www.inaturalist.org/observations/398097147,3b23345a3098367181c65a2f336ca857064acaf8734188dd8458f05f68ae2143
target_Liquidambar_styraciflua_401361969.jpg,target,Liquidambar styraciflua,Liquidambar styraciflua,species,401361969,736655862,https://inaturalist-open-data.s3.amazonaws.com/photos/736655862/medium.jpg,cc0,https://www.inaturalist.org/observations/401361969,2c809cefbd3d49df79865cc81831f337d2041cddd29a8759a27c24209d0f60aa
target_Liquidambar_styraciflua_399653009.jpg,target,Liquidambar styraciflua,Liquidambar styraciflua,species,399653009,733256563,https://inaturalist-open-data.s3.amazonaws.com/photos/733256563/medium.jpg,cc0,https://www.inaturalist.org/observations/399653009,e351c5cf959ec043bbd25a6fc228e8d63326ce77a1a418e71acb8121a353cf4d
target_Liquidambar_styraciflua_399608862.jpg,target,Liquidambar styraciflua,Liquidambar styraciflua,species,399608862,733175461,https://inaturalist-open-data.s3.amazonaws.com/photos/733175461/medium.jpg,cc0,https://www.inaturalist.org/observations/399608862,855fa891866bca5d6dc7711808e1cf3deca6fc6b91724eaa08cd1f9aa7e22b66
target_Magnolia_grandiflora_384898901.jpg,target,Magnolia grandiflora,Magnolia grandiflora,species,384898901,704607815,https://inaturalist-open-data.s3.amazonaws.com/photos/704607815/medium.jpg,cc0,https://www.inaturalist.org/observations/384898901,19af5ad71ad303cf6aac3928ac4e6afb9718d2e6a1e09523de07562ee4a911b3
target_Magnolia_grandiflora_380020208.jpg,target,Magnolia grandiflora,Magnolia grandiflora,species,380020208,695196196,https://inaturalist-open-data.s3.amazonaws.com/photos/695196196/medium.jpg,cc0,https://www.inaturalist.org/observations/380020208,296d9ae1e22e47cd43facac9ae08346ad585d0e9ac649b75a0e4791301f0e5ae
target_Magnolia_grandiflora_368430955.jpg,target,Magnolia grandiflora,Magnolia grandiflora,species,368430955,672920139,https://inaturalist-open-data.s3.amazonaws.com/photos/672920139/medium.jpg,cc0,https://www.inaturalist.org/observations/368430955,df1240fbd8d047c67c7e91ea2176120bbd04dd534060a4393f6d1dc65cab5da2
target_Liriodendron_tulipifera_407212061.jpg,target,Liriodendron tulipifera,Liriodendron tulipifera,species,407212061,748273527,https://inaturalist-open-data.s3.amazonaws.com/photos/748273527/medium.jpg,cc0,https://www.inaturalist.org/observations/407212061,8bd5f0e2a4fe259bc2e8fc6486bf911dd91a45c03bf6e36421781004a6f7fd3b
target_Liriodendron_tulipifera_406815672.jpg,target,Liriodendron tulipifera,Liriodendron tulipifera,species,406815672,747487105,https://inaturalist-open-data.s3.amazonaws.com/photos/747487105/medium.jpg,cc0,https://www.inaturalist.org/observations/406815672,38813e5c318aace5e08ce7370833b2d7f64a7f6df71b557ef3febe79322b04a6
target_Liriodendron_tulipifera_405229374.jpg,target,Liriodendron tulipifera,Liriodendron tulipifera,species,405229374,744287127,https://inaturalist-open-data.s3.amazonaws.com/photos/744287127/medium.jpg,cc0,https://www.inaturalist.org/observations/405229374,054bcee453cfe3e21d2e84ae90cb9a5da58d126e2957e2cbac3906b483870d2d
target_Polystichum_acrostichoides_407185365.jpg,target,Polystichum acrostichoides,Polystichum acrostichoides,species,407185365,748229860,https://inaturalist-open-data.s3.amazonaws.com/photos/748229860/medium.jpg,cc0,https://www.inaturalist.org/observations/407185365,2c0c8a967e4e298b8a2c68fd488314a0974d6d0a04c490388b9b8ea490776146
target_Polystichum_acrostichoides_407113900.jpg,target,Polystichum acrostichoides,Polystichum acrostichoides,species,407113900,748065646,https://inaturalist-open-data.s3.amazonaws.com/photos/748065646/medium.jpg,cc0,https://www.inaturalist.org/observations/407113900,f307e6711d256cc807f00212d1b49e8091972a95843a7dea1cadd4ca234b369f
target_Polystichum_acrostichoides_405098959.jpg,target,Polystichum acrostichoides,Polystichum acrostichoides,species,405098959,744028519,https://inaturalist-open-data.s3.amazonaws.com/photos/744028519/medium.jpg,cc0,https://www.inaturalist.org/observations/405098959,83b174c92fc7d619c99ed90a27cc6dcb37c61c4aaaa3f101cca41b67c824269b
target_Fagus_grandifolia_406821557.jpg,target,Fagus grandifolia,Fagus grandifolia,species,406821557,747498778,https://inaturalist-open-data.s3.amazonaws.com/photos/747498778/medium.jpg,cc0,https://www.inaturalist.org/observations/406821557,38478f454fe79cf2e6d61026fdebe497eae6a110cbd08713064f96886ecd42fa
target_Fagus_grandifolia_404599651.jpg,target,Fagus grandifolia,Fagus grandifolia,species,404599651,743038813,https://inaturalist-open-data.s3.amazonaws.com/photos/743038813/medium.jpg,cc0,https://www.inaturalist.org/observations/404599651,b4def71d54e7cbc6351773afd20ca50a9dbd1aa1b2041dbc81d76e11e946de9b
target_Fagus_grandifolia_403908160.jpg,target,Fagus grandifolia,Fagus grandifolia,species,403908160,741667141,https://inaturalist-open-data.s3.amazonaws.com/photos/741667141/medium.jpg,cc0,https://www.inaturalist.org/observations/403908160,3429cb7353245547cf53efc482b91a755f7cdb39f69206988befc8cc6e351516
target_Erechtites_hieraciifolius_406826064.jpg,target,Erechtites hieraciifolius,Erechtites hieraciifolius,species,406826064,747508313,https://inaturalist-open-data.s3.amazonaws.com/photos/747508313/medium.jpg,cc0,https://www.inaturalist.org/observations/406826064,77ee3da4cdf1bf4259136f3f851692077046868445cf60a81c047b9f51620061
target_Erechtites_hieraciifolius_406112223.jpg,target,Erechtites hieraciifolius,Erechtites hieraciifolius,species,406112223,746059801,https://inaturalist-open-data.s3.amazonaws.com/photos/746059801/medium.jpg,cc0,https://www.inaturalist.org/observations/406112223,baf3d1ca9505235b04fe466688333c28842ee318488cc288a8005553467caada
target_Erechtites_hieraciifolius_405615184.jpg,target,Erechtites hieraciifolius,Erechtites hieraciifolius,species,405615184,745062610,https://inaturalist-open-data.s3.amazonaws.com/photos/745062610/medium.jpg,cc0,https://www.inaturalist.org/observations/405615184,7bad255d53190654185ffdc1cae21d615a2b41db3272060766178c994592c605
target_Ampelopsis_glandulosa_404581033.jpg,target,Ampelopsis glandulosa,Ampelopsis glandulosa,species,404581033,743001399,https://inaturalist-open-data.s3.amazonaws.com/photos/743001399/medium.jpg,cc0,https://www.inaturalist.org/observations/404581033,baf7e00864183c07dac88b6e2112b2f5e6fd08f376e09002734a9e5e64e7164c
target_Ampelopsis_glandulosa_404174314.jpg,target,Ampelopsis glandulosa,Ampelopsis glandulosa,species,404174314,742190803,https://inaturalist-open-data.s3.amazonaws.com/photos/742190803/medium.jpg,cc0,https://www.inaturalist.org/observations/404174314,688ac8ded49b2f1de265f60a35539b9eee567d94288366d7da9ffae84db74544
target_Ampelopsis_glandulosa_403345000.jpg,target,Ampelopsis glandulosa,Ampelopsis glandulosa,species,403345000,740551609,https://inaturalist-open-data.s3.amazonaws.com/photos/740551609/medium.jpg,cc0,https://www.inaturalist.org/observations/403345000,0a6aedde539723080f349ead81a7e04b165f46bab2b0178cbc277e895b538ac0
target_Diospyros_virginiana_400330360.jpg,target,Diospyros virginiana,Diospyros virginiana,species,400330360,734610374,https://inaturalist-open-data.s3.amazonaws.com/photos/734610374/medium.jpg,cc0,https://www.inaturalist.org/observations/400330360,89277e52c9c0423a82f3c201b9f4087242017cebc7d617e58fc9566d305205ae
target_Diospyros_virginiana_399600287.jpg,target,Diospyros virginiana,Diospyros virginiana,species,399600287,733160069,https://inaturalist-open-data.s3.amazonaws.com/photos/733160069/medium.jpg,cc0,https://www.inaturalist.org/observations/399600287,6d90c11511c51c983c83f6acc1dd1c712e35c03865d224dfc63a99129d33dd2f
target_Diospyros_virginiana_399582723.jpg,target,Diospyros virginiana,Diospyros virginiana,species,399582723,733126125,https://inaturalist-open-data.s3.amazonaws.com/photos/733126125/medium.jpg,cc0,https://www.inaturalist.org/observations/399582723,f08ecf090ddb7b1e1d78fd32ea4acc5907eb5cd2ee34caa17683ba9d4f6fa55f
target_Platanus_occidentalis_404613899.jpg,target,Platanus occidentalis,Platanus occidentalis,species,404613899,743071460,https://inaturalist-open-data.s3.amazonaws.com/photos/743071460/medium.jpg,cc0,https://www.inaturalist.org/observations/404613899,5941d7cb52a91ab3bf5ef15bddeab9fb7260a27685e557ad1fc0e5d8edc190c7
target_Platanus_occidentalis_404356668.jpg,target,Platanus occidentalis,Platanus occidentalis,species,404356668,742560603,https://inaturalist-open-data.s3.amazonaws.com/photos/742560603/medium.jpg,cc0,https://www.inaturalist.org/observations/404356668,80366defe271cd13d3e6adaeeaa200441fb9620ccaab76763b22d3619278a5aa
target_Platanus_occidentalis_404225321.jpg,target,Platanus occidentalis,Platanus occidentalis,species,404225321,742297105,https://inaturalist-open-data.s3.amazonaws.com/photos/742297105/medium.jpg,cc0,https://www.inaturalist.org/observations/404225321,57fe44f62dd47d2e37830b171a0ef1e9aef6baf4f7541ad3536cd2a8082440fd
target_Vitis_rotundifolia_406884754.jpg,target,Vitis rotundifolia,Vitis rotundifolia,species,406884754,747626129,https://inaturalist-open-data.s3.amazonaws.com/photos/747626129/medium.jpg,cc0,https://www.inaturalist.org/observations/406884754,ef0748520f3828fe6b1afc4e630bb80d6b0c9328bf55b053d3c23f9607158950
target_Vitis_rotundifolia_400812108.jpg,target,Vitis rotundifolia,Vitis rotundifolia,species,400812108,735580577,https://inaturalist-open-data.s3.amazonaws.com/photos/735580577/medium.jpg,cc0,https://www.inaturalist.org/observations/400812108,d9cc246fbb484af2a24ca55774ddcf095c40d3657afbeed0116aec2dcc4d2c7b
target_Vitis_rotundifolia_400429487.jpg,target,Vitis rotundifolia,Vitis rotundifolia,species,400429487,734818799,https://inaturalist-open-data.s3.amazonaws.com/photos/734818799/medium.jpg,cc0,https://www.inaturalist.org/observations/400429487,a7318173d50cab59514ca9d844d354eb5a72b04e2677654c4f59f35059978af1
target_Pueraria_montana_406568444.jpg,target,Pueraria montana,Pueraria montana,species,406568444,746988676,https://inaturalist-open-data.s3.amazonaws.com/photos/746988676/medium.jpg,cc0,https://www.inaturalist.org/observations/406568444,c2f1824764cab344548c15d1337d3a996f08ea0bc1e880aadf08d4fbbe79263f
target_Pueraria_montana_401386364.jpg,target,Pueraria montana,Pueraria montana,species,401386364,736705188,https://inaturalist-open-data.s3.amazonaws.com/photos/736705188/medium.jpg,cc0,https://www.inaturalist.org/observations/401386364,325019fb85596b88a513b8d272d480840d8da8fd846bb35373e2f1db02132219
target_Pueraria_montana_399937029.jpg,target,Pueraria montana,Pueraria montana,species,399937029,733819015,https://inaturalist-open-data.s3.amazonaws.com/photos/733819015/medium.jpg,cc0,https://www.inaturalist.org/observations/399937029,bd6ba394578d3badf879df4ca01fb6ac2aaab97ef4b397f9d8038010767fa1e9
target_Cercis_canadensis_400320584.jpg,target,Cercis canadensis,Cercis canadensis,species,400320584,734589825,https://inaturalist-open-data.s3.amazonaws.com/photos/734589825/medium.jpg,cc0,https://www.inaturalist.org/observations/400320584,4ce17501c924284017f3cfe176a2b97661b3add0341519a329183fb6e7e8ceae
target_Cercis_canadensis_400242969.jpg,target,Cercis canadensis,Cercis canadensis,species,400242969,734542064,https://inaturalist-open-data.s3.amazonaws.com/photos/734542064/medium.jpg,cc0,https://www.inaturalist.org/observations/400242969,977e59279528540a2257a012c4db6da87ed3c2127a89bf7735f72de11ce22af1
target_Cercis_canadensis_398088626.jpg,target,Cercis canadensis,Cercis canadensis,species,398088626,730223315,https://inaturalist-open-data.s3.amazonaws.com/photos/730223315/medium.jpg,cc0,https://www.inaturalist.org/observations/398088626,3a9c74a7e6d65fb4a3e65135e13061cc7b3a05ba4b2e150ff275b5b8399b58f0
target_Quercus_nigra_395940953.jpg,target,Quercus nigra,Quercus nigra,species,395940953,726048420,https://inaturalist-open-data.s3.amazonaws.com/photos/726048420/medium.jpg,cc0,https://www.inaturalist.org/observations/395940953,d3bc7b54c9d2fc0486623d3abb0f1d8fffb78a272c63443602813c9e8fb919e2
target_Quercus_nigra_395713761.jpg,target,Quercus nigra,Quercus nigra,species,395713761,725604905,https://inaturalist-open-data.s3.amazonaws.com/photos/725604905/medium.jpg,cc0,https://www.inaturalist.org/observations/395713761,b1fe56ae16cbbe02c09a96b99b55b547dc664781245b6d84f8051c11ccbe9eab
target_Quercus_nigra_395459513.jpg,target,Quercus nigra,Quercus nigra,species,395459513,725122951,https://inaturalist-open-data.s3.amazonaws.com/photos/725122951/medium.jpg,cc0,https://www.inaturalist.org/observations/395459513,86ead5e3a6b2fad7f93bd54445f3bfbeeae3cc9a7d23d4670807345d3683a73d
target_Albizia_julibrissin_399117603.jpg,target,Albizia julibrissin,Albizia julibrissin,species,399117603,732227659,https://inaturalist-open-data.s3.amazonaws.com/photos/732227659/medium.jpg,cc0,https://www.inaturalist.org/observations/399117603,d2ea360d2f40087d35e743826c52f800aeb68faaa1cfdfc07ff57b93ac53553b
target_Albizia_julibrissin_397602333.jpg,target,Albizia julibrissin,Albizia julibrissin,species,397602333,729267534,https://inaturalist-open-data.s3.amazonaws.com/photos/729267534/medium.jpg,cc0,https://www.inaturalist.org/observations/397602333,308e351c07998418403e701a0caeb61cc3b263ba3b034160f7fbe097eeb754a1
target_Albizia_julibrissin_397053431.jpg,target,Albizia julibrissin,Albizia julibrissin,species,397053431,728195462,https://inaturalist-open-data.s3.amazonaws.com/photos/728195462/medium.jpg,cc0,https://www.inaturalist.org/observations/397053431,403a78971dd9564794c39885a6362838037696d55a8fa5a14d3dba291193bc21
target_Chimaphila_maculata_407135545.jpg,target,Chimaphila maculata,Chimaphila maculata,species,407135545,748124533,https://inaturalist-open-data.s3.amazonaws.com/photos/748124533/medium.jpg,cc0,https://www.inaturalist.org/observations/407135545,e8ed7f57abd1217edd66a76e15a0019825b1409d8cc15ac2432eba3ca9bf91a4
target_Chimaphila_maculata_407113850.jpg,target,Chimaphila maculata,Chimaphila maculata,species,407113850,748064992,https://inaturalist-open-data.s3.amazonaws.com/photos/748064992/medium.jpg,cc0,https://www.inaturalist.org/observations/407113850,1c49081fdfb582e47015e724bd0531785c264574a5975acf0bbc03e39bda6790
target_Chimaphila_maculata_404018061.jpg,target,Chimaphila maculata,Chimaphila maculata,species,404018061,741877484,https://inaturalist-open-data.s3.amazonaws.com/photos/741877484/medium.jpg,cc0,https://www.inaturalist.org/observations/404018061,8c2e8d5d70bb8a63b84307294ab277dbf047165d840b2a1a42912391ddb4b40a
target_Rhus_copallinum_407006891.jpg,target,Rhus copallinum,Rhus copallinum,species,407006891,747869671,https://inaturalist-open-data.s3.amazonaws.com/photos/747869671/medium.jpg,cc0,https://www.inaturalist.org/observations/407006891,6f3928be80c5b6b9b9538b9eae652aa17f17fbc7e08b69049fce96f67a8e5685
target_Rhus_copallinum_404223939.jpg,target,Rhus copallinum,Rhus copallinum,species,404223939,742294830,https://inaturalist-open-data.s3.amazonaws.com/photos/742294830/medium.jpg,cc0,https://www.inaturalist.org/observations/404223939,c7123300a075db3b6f3d7824ff02e664da882db39523d3851468ff8db59c61f1
target_Rhus_copallinum_403634953.jpg,target,Rhus copallinum,Rhus copallinum,species,403634953,741126063,https://inaturalist-open-data.s3.amazonaws.com/photos/741126063/medium.jpg,cc0,https://www.inaturalist.org/observations/403634953,2781179c61316fc348d41a00d6e40a1a53f8e7e8aeb16b22b72c6f651eddcc22
target_Ilex_cornuta_354741563.jpg,target,Ilex cornuta,Ilex cornuta,species,354741563,647093084,https://inaturalist-open-data.s3.amazonaws.com/photos/647093084/medium.jpg,cc0,https://www.inaturalist.org/observations/354741563,1fa80c239de509bea176a44fa9ee577f7b471d7cd09fee38930cb635158dd78c
target_Ilex_cornuta_354467307.jpg,target,Ilex cornuta,Ilex cornuta,species,354467307,646633018,https://inaturalist-open-data.s3.amazonaws.com/photos/646633018/medium.jpg,cc0,https://www.inaturalist.org/observations/354467307,5e185d6711f862b8a940352ec63565d5365e45517bbe7408f9250e34cd72f3be
target_Ilex_cornuta_352970630.jpg,target,Ilex cornuta,Ilex cornuta,species,352970630,644098737,https://inaturalist-open-data.s3.amazonaws.com/photos/644098737/medium.jpg,cc0,https://www.inaturalist.org/observations/352970630,23804c1e65a464f41e3d6df67257d59114f34792c1873d7e042396bb2d236a1d
target_Solidago_altissima_406978654.jpg,target,Solidago altissima,Solidago altissima,species,406978654,747813282,https://inaturalist-open-data.s3.amazonaws.com/photos/747813282/medium.jpg,cc0,https://www.inaturalist.org/observations/406978654,955ac4f4669ab1569843162269cd5bb1b15dd6bf9fa7cf957a85576891eb6ba8
target_Solidago_altissima_402544725.jpg,target,Solidago altissima,Solidago altissima,species,402544725,739004420,https://inaturalist-open-data.s3.amazonaws.com/photos/739004420/medium.jpg,cc0,https://www.inaturalist.org/observations/402544725,532bb92eb20208eac4d06306ed3bac3285414a9e604ed1f9a61d6109bd3b1714
target_Solidago_altissima_402466772.jpg,target,Solidago altissima,Solidago altissima,species,402466772,738843243,https://inaturalist-open-data.s3.amazonaws.com/photos/738843243/medium.jpg,cc0,https://www.inaturalist.org/observations/402466772,b6961b966afe087d715fb1971181701c2b6eeebad9faa0507701211eb310c6e6
target_Sassafras_albidum_407113989.jpg,target,Sassafras albidum,Sassafras albidum,species,407113989,748067289,https://inaturalist-open-data.s3.amazonaws.com/photos/748067289/medium.jpg,cc0,https://www.inaturalist.org/observations/407113989,db674cb38e7db537c9cb7df2c0067bd4a4a5debf54cf2f92e3e4e9cf9259fc12
target_Sassafras_albidum_407015992.jpg,target,Sassafras albidum,Sassafras albidum,species,407015992,747888249,https://inaturalist-open-data.s3.amazonaws.com/photos/747888249/medium.jpg,cc0,https://www.inaturalist.org/observations/407015992,4eed25a3e5e4259eee74c4e69a7f5e9d330d4983a1a883fd24a9542ad2e52ea8
target_Sassafras_albidum_406884990.jpg,target,Sassafras albidum,Sassafras albidum,species,406884990,747626678,https://inaturalist-open-data.s3.amazonaws.com/photos/747626678/medium.jpg,cc0,https://www.inaturalist.org/observations/406884990,216d2bce078e308611f958ad9e0fce20283aa12f8f03bc7cfd66aae74d21ca09
target_Tipularia_discolor_394263683.jpg,target,Tipularia discolor,Tipularia discolor,species,394263683,722770236,https://inaturalist-open-data.s3.amazonaws.com/photos/722770236/medium.jpg,cc0,https://www.inaturalist.org/observations/394263683,7cf14eadf4e975c6891b352dce9664ac9c65532a8f5af822ddee970c0c239c24
target_Tipularia_discolor_390443998.jpg,target,Tipularia discolor,Tipularia discolor,species,390443998,715318959,https://inaturalist-open-data.s3.amazonaws.com/photos/715318959/medium.jpg,cc0,https://www.inaturalist.org/observations/390443998,94fafa70bc1b91db0f29858a47dcb13430122e823553fc1da001dce640f40f77
target_Tipularia_discolor_388557948.jpg,target,Tipularia discolor,Tipularia discolor,species,388557948,711652769,https://inaturalist-open-data.s3.amazonaws.com/photos/711652769/medium.jpg,cc0,https://www.inaturalist.org/observations/388557948,40f819465cec51d1f43773516bbb79546a2af1444c76a3306247999944738f72
target_Phyllanthus_urinaria_389126649.jpg,target,Phyllanthus urinaria,Phyllanthus urinaria,species,389126649,712739648,https://inaturalist-open-data.s3.amazonaws.com/photos/712739648/medium.jpg,cc0,https://www.inaturalist.org/observations/389126649,7df21d4d749c4bc5751667a064878792e4574902585e3395df07e03312f25b4e
target_Phyllanthus_urinaria_387394176.jpg,target,Phyllanthus urinaria,Phyllanthus urinaria,species,387394176,709379633,https://inaturalist-open-data.s3.amazonaws.com/photos/709379633/medium.jpg,cc0,https://www.inaturalist.org/observations/387394176,2ed0004c613ad4d919a16e02671c027d171d9672f41517c68cb9b5094d31aac0
target_Phyllanthus_urinaria_387373451.jpg,target,Phyllanthus urinaria,Phyllanthus urinaria,species,387373451,709340256,https://inaturalist-open-data.s3.amazonaws.com/photos/709340256/medium.jpg,cc0,https://www.inaturalist.org/observations/387373451,ba53191d7cce9632a130d120621fc8170bae93e208085065873c29de945e6beb
toxic_Toxicodendron_radicans_405741963.jpg,toxic,Toxicodendron radicans,Toxicodendron radicans,species,405741963,745322875,https://inaturalist-open-data.s3.amazonaws.com/photos/745322875/medium.jpg,cc0,https://www.inaturalist.org/observations/405741963,8691f49466e45e4d4345bacd2d95c2ef269ee61ce7eeb85bf1612316d5d9eac5
toxic_Toxicodendron_radicans_405648130.jpg,toxic,Toxicodendron radicans,Toxicodendron radicans,species,405648130,745133865,https://inaturalist-open-data.s3.amazonaws.com/photos/745133865/medium.jpg,cc0,https://www.inaturalist.org/observations/405648130,bffee5ef29a8fe9c6794299ad139b3a7935aca01cf8485b8a28e1cd4a8f64217
toxic_Toxicodendron_radicans_405620880.jpg,toxic,Toxicodendron radicans,Toxicodendron radicans,species,405620880,745075983,https://inaturalist-open-data.s3.amazonaws.com/photos/745075983/medium.jpg,cc0,https://www.inaturalist.org/observations/405620880,cfc211d4bfc058ef442c5c8a0f5edd48fb0a5c139c163763aa915f7239764b57
toxic_Toxicodendron_radicans_405110325.jpg,toxic,Toxicodendron radicans,Toxicodendron radicans,species,405110325,744052611,https://inaturalist-open-data.s3.amazonaws.com/photos/744052611/medium.jpg,cc0,https://www.inaturalist.org/observations/405110325,12459c307cb9fed1c3acf922011235910ebf4e8125807335f179030404916495
toxic_Toxicodendron_radicans_404196194.jpg,toxic,Toxicodendron radicans,Toxicodendron radicans,species,404196194,742240647,https://inaturalist-open-data.s3.amazonaws.com/photos/742240647/medium.jpg,cc0,https://www.inaturalist.org/observations/404196194,c835f072f81d91c0d48ea97ae5268d4c73ceba7bac3370fd63b09977fd9e0c69
toxic_Toxicodendron_radicans_403862392.jpg,toxic,Toxicodendron radicans,Toxicodendron radicans,species,403862392,741577028,https://inaturalist-open-data.s3.amazonaws.com/photos/741577028/medium.jpg,cc0,https://www.inaturalist.org/observations/403862392,2f10c0117caaaae63d1d4a9fcc8aae764c9bbdc42a59d96043d7cb618fa98ec5
toxic_Toxicodendron_radicans_403403597.jpg,toxic,Toxicodendron radicans,Toxicodendron radicans,species,403403597,740669359,https://inaturalist-open-data.s3.amazonaws.com/photos/740669359/medium.jpg,cc0,https://www.inaturalist.org/observations/403403597,b1c501d0125d94a5b5a5a08c0eab8e2f3c3fc42450062cd3ac906cc8a6440e86
toxic_Toxicodendron_radicans_403398280.jpg,toxic,Toxicodendron radicans,Toxicodendron radicans,species,403398280,740658030,https://inaturalist-open-data.s3.amazonaws.com/photos/740658030/medium.jpg,cc0,https://www.inaturalist.org/observations/403398280,3b064930f70378221920721fc0b9366b2207b033a60cbb212dd8904a42727d68
toxic_Toxicodendron_pubescens_376038801.jpg,toxic,Toxicodendron pubescens,Toxicodendron pubescens,species,376038801,687503305,https://inaturalist-open-data.s3.amazonaws.com/photos/687503305/medium.jpg,cc0,https://www.inaturalist.org/observations/376038801,3c72a25847938bbcbe0a4a15d3161c6e9daeccbe1033dca277d99f6cde810057
toxic_Toxicodendron_pubescens_362549204.jpg,toxic,Toxicodendron pubescens,Toxicodendron pubescens,species,362549204,661720785,https://inaturalist-open-data.s3.amazonaws.com/photos/661720785/medium.jpg,cc0,https://www.inaturalist.org/observations/362549204,4f0de6fca33bf5eff2392838f6444e5a94c2f470dcc15ef8e86f854c6e24460f
toxic_Parthenocissus_quinquefolia_407215655.jpg,toxic,Parthenocissus quinquefolia,Parthenocissus quinquefolia,species,407215655,748289480,https://inaturalist-open-data.s3.amazonaws.com/photos/748289480/medium.jpg,cc0,https://www.inaturalist.org/observations/407215655,10af614367859b45e95bc2449d2fdcd1456057720980101d04abdd44b927b981
toxic_Parthenocissus_quinquefolia_407135644.jpg,toxic,Parthenocissus quinquefolia,Parthenocissus quinquefolia,species,407135644,748124831,https://inaturalist-open-data.s3.amazonaws.com/photos/748124831/medium.jpg,cc0,https://www.inaturalist.org/observations/407135644,93ad8b0b8f40f50e12f9415e15e157a415017e15aaaa7602ba3e892d88819af5
toxic_Parthenocissus_quinquefolia_406148862.jpg,toxic,Parthenocissus quinquefolia,Parthenocissus quinquefolia,species,406148862,746145758,https://inaturalist-open-data.s3.amazonaws.com/photos/746145758/medium.jpg,cc0,https://www.inaturalist.org/observations/406148862,31d6d46c6c82f20303b2a773b3b2a4b2f8ce227cc5d69d76a8e2f319205b5e5e
toxic_Parthenocissus_quinquefolia_405926286.jpg,toxic,Parthenocissus quinquefolia,Parthenocissus quinquefolia,species,405926286,745695594,https://inaturalist-open-data.s3.amazonaws.com/photos/745695594/medium.jpg,cc0,https://www.inaturalist.org/observations/405926286,f04d6ae4c9f966c3cac3614b1590ab4723ce5080c3275834c6b7dda9e464e200
toxic_Quercus_alba_405345693.jpg,toxic,Quercus alba,Quercus alba,species,405345693,744519256,https://inaturalist-open-data.s3.amazonaws.com/photos/744519256/medium.jpg,cc0,https://www.inaturalist.org/observations/405345693,ee67742dd5decf161845a86755e88eb9fe06702eabc3d23aea9ccaaf79cfbd6c
toxic_Quercus_alba_405053588.jpg,toxic,Quercus alba,Quercus alba,species,405053588,743935689,https://inaturalist-open-data.s3.amazonaws.com/photos/743935689/medium.jpg,cc0,https://www.inaturalist.org/observations/405053588,a24c5fac8579a49f6e76b292459b29e0442e4396875f7d49090f396e17133d1d
toxic_Quercus_alba_405008304.jpg,toxic,Quercus alba,Quercus alba,species,405008304,743846212,https://inaturalist-open-data.s3.amazonaws.com/photos/743846212/medium.jpg,cc0,https://www.inaturalist.org/observations/405008304,c5d1fce5f983dc49e3819b650646676103d1b20be8c31522358c7bbccdf4f23f
toxic_Quercus_stellata_406338705.jpg,toxic,Quercus stellata,Quercus stellata,species,406338705,746529273,https://inaturalist-open-data.s3.amazonaws.com/photos/746529273/medium.jpg,cc0,https://www.inaturalist.org/observations/406338705,877dfa9ef717ecaae314d4a4062e254fd456375971ecc6655c884b491a9b2689
toxic_Quercus_stellata_406083117.jpg,toxic,Quercus stellata,Quercus stellata,species,406083117,746013894,https://inaturalist-open-data.s3.amazonaws.com/photos/746013894/medium.jpg,cc0,https://www.inaturalist.org/observations/406083117,bd592762a390ae930f9b55a05fb5a173223652e1dbd7d84a4b0a15fe151e1587
toxic_Quercus_stellata_404568246.jpg,toxic,Quercus stellata,Quercus stellata,species,404568246,742974419,https://inaturalist-open-data.s3.amazonaws.com/photos/742974419/medium.jpg,cc0,https://www.inaturalist.org/observations/404568246,239de8d268c07d815fe41c2ef640053d323321e97c574b9171d80d4bb901da54
toxic_Quercus_marilandica_406080449.jpg,toxic,Quercus marilandica,Quercus marilandica,species,406080449,746009107,https://inaturalist-open-data.s3.amazonaws.com/photos/746009107/medium.jpg,cc0,https://www.inaturalist.org/observations/406080449,e6a7c7b711006ba73e922e09d1f358050be19bccd3ee4de04a8207210a84c577
toxic_Quercus_marilandica_404568611.jpg,toxic,Quercus marilandica,Quercus marilandica,species,404568611,742975004,https://inaturalist-open-data.s3.amazonaws.com/photos/742975004/medium.jpg,cc0,https://www.inaturalist.org/observations/404568611,8a9dcc4820732d84b48b3dcde87742e6678d1686def7dfeb757ef2cfc718a610
toxic_Quercus_marilandica_399165411.jpg,toxic,Quercus marilandica,Quercus marilandica,species,399165411,732321640,https://inaturalist-open-data.s3.amazonaws.com/photos/732321640/medium.jpg,cc0,https://www.inaturalist.org/observations/399165411,164e28a8c67e46c0bacd05a21f1794a46871523fbb94a690c5d043a8718a7dba
toxic_Phytolacca_americana_407027563.jpg,toxic,Phytolacca americana,Phytolacca americana,species,407027563,747909866,https://inaturalist-open-data.s3.amazonaws.com/photos/747909866/medium.jpg,cc0,https://www.inaturalist.org/observations/407027563,3959afdbf178e1a1963b4da576b914c7ef774041c2d455d680499c7d8034c903
toxic_Phytolacca_americana_406991042.jpg,toxic,Phytolacca americana,Phytolacca americana,species,406991042,747839927,https://inaturalist-open-data.s3.amazonaws.com/photos/747839927/medium.jpg,cc0,https://www.inaturalist.org/observations/406991042,f15135bc48fe96b5048103f3716957221b58cb872aac0017f622caa6869f9af6
toxic_Phytolacca_americana_406847600.jpg,toxic,Phytolacca americana,Phytolacca americana,species,406847600,747551045,https://inaturalist-open-data.s3.amazonaws.com/photos/747551045/medium.jpg,cc0,https://www.inaturalist.org/observations/406847600,7b9a3ad246fb893276cbf14c7009d5b74521c61604dca6326e7400bb5ec17159
toxic_Phytolacca_americana_406192550.jpg,toxic,Phytolacca americana,Phytolacca americana,species,406192550,747569613,https://inaturalist-open-data.s3.amazonaws.com/photos/747569613/medium.jpg,cc0,https://www.inaturalist.org/observations/406192550,413c0cbd3386fd19b792800bef084ecfaf6037ee937dd70fb6798368e348fe8e
toxic_Solanum_carolinense_405053289.jpg,toxic,Solanum carolinense,Solanum carolinense,species,405053289,743935058,https://inaturalist-open-data.s3.amazonaws.com/photos/743935058/medium.jpg,cc0,https://www.inaturalist.org/observations/405053289,68532020be9e299f59c746fd612d8c7d11d57c645eef884a17e5d0aa229596bb
toxic_Solanum_carolinense_404601352.jpg,toxic,Solanum carolinense,Solanum carolinense,species,404601352,743044351,https://inaturalist-open-data.s3.amazonaws.com/photos/743044351/medium.jpg,cc0,https://www.inaturalist.org/observations/404601352,741ebfe82c731243e6b767fb3d46b0f6c8c3002ee3bd03441e284b4ee44ba54a
toxic_Solanum_carolinense_403677957.jpg,toxic,Solanum carolinense,Solanum carolinense,species,403677957,741209378,https://inaturalist-open-data.s3.amazonaws.com/photos/741209378/medium.jpg,cc0,https://www.inaturalist.org/observations/403677957,10d309e0dfd8d4059f8105590e108b37d659e70f55fa7183e93ea305219454ab
toxic_Solanum_carolinense_403403278.jpg,toxic,Solanum carolinense,Solanum carolinense,species,403403278,740668530,https://inaturalist-open-data.s3.amazonaws.com/photos/740668530/medium.jpg,cc0,https://www.inaturalist.org/observations/403403278,08d740551c2c957d1fbc1f827b7f5d2678851e4972a2b4dba115f1b0796d815a
toxic_Juglans_nigra_406709226.jpg,toxic,Juglans nigra,Juglans nigra,species,406709226,747295512,https://inaturalist-open-data.s3.amazonaws.com/photos/747295512/medium.jpg,cc0,https://www.inaturalist.org/observations/406709226,25db1cb53b5e7de46c5712c247399fc6ac358cdf14f4137a9192bc23ece36196
toxic_Juglans_nigra_406570633.jpg,toxic,Juglans nigra,Juglans nigra,species,406570633,746992936,https://inaturalist-open-data.s3.amazonaws.com/photos/746992936/medium.jpg,cc0,https://www.inaturalist.org/observations/406570633,a90e80b244f2c5d2ec9febd68b1c3a1e2fd43e2340a1b1cd5a42f4a163005edf
toxic_Juglans_nigra_405487847.jpg,toxic,Juglans nigra,Juglans nigra,species,405487847,744808183,https://inaturalist-open-data.s3.amazonaws.com/photos/744808183/medium.jpg,cc0,https://www.inaturalist.org/observations/405487847,dc603e3a761cced50be6b90a36126cabc8f9eeb4213a6fcc86e69edbe276d9e9
toxic_Ampelopsis_cordata_399414503.jpg,toxic,Ampelopsis cordata,Ampelopsis cordata,species,399414503,732803095,https://inaturalist-open-data.s3.amazonaws.com/photos/732803095/medium.jpg,cc0,https://www.inaturalist.org/observations/399414503,e411e6732d1126c83410bdf8ddd8f7ef47d2bf2c99b44e9b20dc079bffe955a0
toxic_Ampelopsis_cordata_386461992.jpg,toxic,Ampelopsis cordata,Ampelopsis cordata,species,386461992,707590930,https://inaturalist-open-data.s3.amazonaws.com/photos/707590930/medium.jpg,cc0,https://www.inaturalist.org/observations/386461992,5e91426f44ad2b8e341a9789ea2094b0ddf209b5364dc51ffdfc67ae848f774a
toxic_Melothria_pendula_400454576.jpg,toxic,Melothria pendula,Melothria pendula,species,400454576,734864572,https://inaturalist-open-data.s3.amazonaws.com/photos/734864572/medium.jpg,cc0,https://www.inaturalist.org/observations/400454576,dc557cd4522332993beaae8df868c8c09e9e3cb3f738fab3c600cc819774f2ee
toxic_Melothria_pendula_400074885.jpg,toxic,Melothria pendula,Melothria pendula,species,400074885,734088297,https://inaturalist-open-data.s3.amazonaws.com/photos/734088297/medium.jpg,cc0,https://www.inaturalist.org/observations/400074885,b1de0c7fb2f82641f85255280679f15c30cd2ceb2288e30affc28e68ea944d10
toxic_Asimina_triloba_405596300.jpg,toxic,Asimina triloba,Asimina triloba,species,405596300,745023578,https://inaturalist-open-data.s3.amazonaws.com/photos/745023578/medium.jpg,cc0,https://www.inaturalist.org/observations/405596300,be88e39dcba7355171c2502f72a95be38a03b689d0112d6c6dd7fd2422702940
toxic_Asimina_triloba_405533581.jpg,toxic,Asimina triloba,Asimina triloba,species,405533581,744899388,https://inaturalist-open-data.s3.amazonaws.com/photos/744899388/medium.jpg,cc0,https://www.inaturalist.org/observations/405533581,ea72331bad44143c974069e4219cd8182ea36b369c0f6d90515bb669b830ad1c
toxic_Gleditsia_triacanthos_406375079.jpg,toxic,Gleditsia triacanthos,Gleditsia triacanthos,species,406375079,746600117,https://inaturalist-open-data.s3.amazonaws.com/photos/746600117/medium.jpg,cc0,https://www.inaturalist.org/observations/406375079,5bf7fdcb8cd1720940b42b5f9d2b81bb8c65e90fa1a002a9e352afaecd6e0311
toxic_Gleditsia_triacanthos_406348866.jpg,toxic,Gleditsia triacanthos,Gleditsia triacanthos,species,406348866,746549060,https://inaturalist-open-data.s3.amazonaws.com/photos/746549060/medium.jpg,cc0,https://www.inaturalist.org/observations/406348866,3b7cb4ec561ab8bca5fdcab11f6da100eace96c3635ca73289169ac7876d454c
toxic_Menispermum_canadense_405663985.jpg,toxic,Menispermum canadense,Menispermum canadense,species,405663985,745165569,https://inaturalist-open-data.s3.amazonaws.com/photos/745165569/medium.jpg,cc0,https://www.inaturalist.org/observations/405663985,15f8c4badefbefde82fcde87ea66263437b167945ad6b2115c25e362cfaf6109
toxic_Menispermum_canadense_404070003.jpg,toxic,Menispermum canadense,Menispermum canadense,species,404070003,741979779,https://inaturalist-open-data.s3.amazonaws.com/photos/741979779/medium.jpg,cc0,https://www.inaturalist.org/observations/404070003,3b06da7d6fb2ccf238ce71ac4f71d962652faefe8cd0e287cefc1e6faa17ca2a
toxic_Photinia_serratifolia_363702410.jpg,toxic,Photinia serratifolia,Photinia serratifolia,species,363702410,663919493,https://inaturalist-open-data.s3.amazonaws.com/photos/663919493/medium.jpg,cc0,https://www.inaturalist.org/observations/363702410,839f2c7d975b7cdabc4a7e40d547fba6b2ae1ccc05b8e76a5f480e5a15b32333
toxic_Photinia_serratifolia_360430626.jpg,toxic,Photinia serratifolia,Photinia serratifolia,species,360430626,657684142,https://inaturalist-open-data.s3.amazonaws.com/photos/657684142/medium.jpg,cc0,https://www.inaturalist.org/observations/360430626,6a1fb8052ce7eda39210fae2218dbd0d2fa60fdefd99d902cb4c65c955b38b84
toxic_Smallanthus_uvedalia_407134586.jpg,toxic,Smallanthus uvedalia,Smallanthus uvedalia,species,407134586,748122708,https://inaturalist-open-data.s3.amazonaws.com/photos/748122708/medium.jpg,cc0,https://www.inaturalist.org/observations/407134586,7c544597e82eb9ff144b8a180cca450b19be1072b28216baaa27b169a69b232f
toxic_Smallanthus_uvedalia_399779851.jpg,toxic,Smallanthus uvedalia,Smallanthus uvedalia,species,399779851,733512650,https://inaturalist-open-data.s3.amazonaws.com/photos/733512650/medium.jpg,cc0,https://www.inaturalist.org/observations/399779851,fa83bf167667a325190c628d6c8c3ed9fb4bf434a7f158a66a54d9e7b77640ff
toxic_Hedera_helix_406978005.jpg,toxic,Hedera helix,Hedera helix,species,406978005,747813344,https://inaturalist-open-data.s3.amazonaws.com/photos/747813344/medium.jpg,cc0,https://www.inaturalist.org/observations/406978005,5308f75861bade6472346613e63b87007269826251f19abbfa0e63a627e9c959
toxic_Hedera_helix_406861546.jpg,toxic,Hedera helix,Hedera helix,species,406861546,747446022,https://inaturalist-open-data.s3.amazonaws.com/photos/747446022/medium.jpg,cc0,https://www.inaturalist.org/observations/406861546,26e70478e6a7f77be728fa4404ae1a99b59c06024e7870b9ae7d420804e46859
toxic_Acer_negundo_407135025.jpg,toxic,Acer negundo,Acer negundo,species,407135025,748123459,https://inaturalist-open-data.s3.amazonaws.com/photos/748123459/medium.jpg,cc0,https://www.inaturalist.org/observations/407135025,69b027b3d179df25f1063422bfa1bd98e6b2488ceea04fab29d5b68f2db2bef0
toxic_Acer_negundo_404273885.jpg,toxic,Acer negundo,Acer negundo,species,404273885,742383239,https://inaturalist-open-data.s3.amazonaws.com/photos/742383239/medium.jpg,cc0,https://www.inaturalist.org/observations/404273885,ac0a9419b5996f04522a1d029df85e6c9aa158607d19ae43c49754b1e41fd868
toxic_Acer_negundo_404256720.jpg,toxic,Acer negundo,Acer negundo,species,404256720,742358254,https://inaturalist-open-data.s3.amazonaws.com/photos/742358254/medium.jpg,cc0,https://www.inaturalist.org/observations/404256720,386e7f13c4a3ebd9474f8c6d6cacce0e12c87e97f2fc2913205b8dc66551e9c9
toxic_Acer_rubrum_407114827.jpg,toxic,Acer rubrum,Acer rubrum,species,407114827,748081683,https://inaturalist-open-data.s3.amazonaws.com/photos/748081683/medium.jpg,cc0,https://www.inaturalist.org/observations/407114827,039bfe97b6850a3b350453707308f165163e80b8905a0ce7a46f59014bc88508
toxic_Acer_rubrum_407100873.jpg,toxic,Acer rubrum,Acer rubrum,species,407100873,748053304,https://inaturalist-open-data.s3.amazonaws.com/photos/748053304/medium.jpg,cc0,https://www.inaturalist.org/observations/407100873,a813ca5f2107fe732ef8b75650ad06d67540926214e5605ec317adca8d6436ed
toxic_Acer_rubrum_406826698.jpg,toxic,Acer rubrum,Acer rubrum,species,406826698,747509367,https://inaturalist-open-data.s3.amazonaws.com/photos/747509367/medium.jpg,cc0,https://www.inaturalist.org/observations/406826698,feb31e41346b181dc07df498aa5f44a2fd98658345b1d41960402da305c1fa39
toxic_Monotropa_uniflora_407113903.jpg,toxic,Monotropa uniflora,Monotropa uniflora,species,407113903,748065763,https://inaturalist-open-data.s3.amazonaws.com/photos/748065763/medium.jpg,cc0,https://www.inaturalist.org/observations/407113903,a424af907680e1a0209395d5c0a44e393a8cfb6b15916991fd276ecaeee5479b
toxic_Monotropa_uniflora_406897785.jpg,toxic,Monotropa uniflora,Monotropa uniflora,species,406897785,747651627,https://inaturalist-open-data.s3.amazonaws.com/photos/747651627/medium.jpg,cc0,https://www.inaturalist.org/observations/406897785,1fc568cd381bf85176231042215964dbb020d7fca25907bc782f3f2ee4b2309c
