t_ns,pss_kb,avail_mem_kb,low_memory,thermal_status,thermal_headroom,battery_temp_c,battery_pct,charging
162258719172410,338217,3640988,false,0,0.6,31.4,100,true
162260761556784,1471041,2821856,false,0,0.6,31.4,100,true
162262801481627,1345194,2770984,false,0,0.62333333,31.4,100,true
162264859853397,1714646,2340524,false,0,0.62333333,31.4,100,true
162266902225427,2295612,2169792,false,0,0.62333333,31.4,100,true
162268972312822,2321006,2049664,false,0,0.62333333,31.4,100,true
162271048238863,2889089,1632224,false,0,0.62333333,31.4,100,true
162273143086883,3052058,1637740,false,0,0.6566667,31.4,100,true
162275248033341,3049812,1630452,false,0,0.6566667,31.4,100,true
162277348723392,3052289,1647836,false,0,0.6566667,31.4,100,true
162279464996100,3052321,1640116,false,0,0.6566667,31.4,100,true
162281564306463,3052353,1637004,false,0,0.6566667,31.4,100,true
162283661021046,3052357,1635272,false,0,0.64000005,31.4,100,true
162285766625993,3052357,1604800,false,0,0.64000005,31.4,100,true
162287842134846,3052229,1591400,false,0,0.64000005,31.4,100,true
162289925254273,3029627,1573488,false,0,0.64000005,31.4,100,true
162292025994689,3021491,1569300,false,0,0.64000005,31.4,100,true
162294120960365,3021531,1564992,false,0,0.65,31.4,100,true
162296243763958,3021531,1616068,false,0,0.65,31.4,100,true
162298358018124,3021531,1614712,false,0,0.65,31.4,100,true
162300455031404,3021535,1609044,false,0,0.65,31.4,100,true
162302572902966,3021535,1607712,false,0,0.64000005,31.4,100,true
162304667934788,3021149,1605536,false,0,0.64000005,31.4,100,true
162306764288381,3021149,1610904,false,0,0.64000005,31.4,100,true
162308889490307,3021148,1604484,false,0,0.64000005,31.4,100,true
162311006450098,3021152,1627088,false,0,0.64000005,31.4,100,true
162313126887597,3021152,1626168,false,0,0.6333333,31.4,100,true
162315249051555,3021176,1622584,false,0,0.6333333,31.4,100,true
162317352512752,3021168,1596180,false,0,0.6333333,31.4,100,true
162319466631970,3021171,1652724,false,0,0.6333333,31.4,100,true
163234268010631,2831260,1954256,false,0,0.56666666,30.0,100,true
163236335048755,2829873,1210908,false,0,0.56666666,30.0,100,true
163238374535161,2822031,988536,false,0,0.56666666,30.0,100,true
163240418653546,2822006,1010572,false,0,0.56666666,30.0,100,true
163242450967399,2816463,834728,false,0,0.56666666,30.0,100,true
163244498143284,2816614,933332,false,0,0.6366666,30.0,100,true
164118152502325,2731649,2164596,false,0,0.56333333,30.5,100,true
164120225370710,2926596,1731504,false,0,0.56333333,30.5,100,true
164122263370865,2941707,1735344,false,0,0.56333333,30.5,100,true
164124304583365,2874735,2137644,false,0,0.56333333,30.5,100,true
164126379993416,2874399,2386212,false,0,0.56333333,30.5,100,true
164128469388884,2874398,2375736,false,0,0.61999995,30.5,100,true
164130510822060,2874286,2340976,false,0,0.61999995,30.5,100,true
164132585382424,2874297,2456288,false,0,0.61999995,30.5,100,true
164134665518204,2874301,2473108,false,0,0.61999995,30.5,100,true
164136740557943,2874389,2469192,false,0,0.62333333,30.5,100,true
164138821337265,2874549,2467828,false,0,0.62333333,30.5,100,true
164140922504869,2874553,2477872,false,0,0.62333333,30.5,100,true
164143000565597,2874553,2474904,false,0,0.62333333,30.5,100,true
164145102190805,2874557,2456236,false,0,0.62333333,30.5,100,true
164147201915387,2874565,2476548,false,0,0.6166667,30.5,100,true
164149305740803,2874527,2380996,false,0,0.6166667,30.5,100,true
164151386978198,2874526,2413516,false,0,0.6166667,30.5,100,true
164153462870854,2874526,2443728,false,0,0.6166667,30.5,100,true
164155535697103,2874530,2479124,false,0,0.6166667,30.5,100,true
164157606860331,2874530,2483868,false,0,0.60999995,30.5,100,true
164159685362674,2874558,2483616,false,0,0.60999995,30.5,100,true
164161771786007,2874614,2482740,false,0,0.60999995,30.5,100,true
164163850740745,2874614,2496056,false,0,0.60999995,30.5,100,true
164165928391265,2874618,2492844,false,0,0.60999995,30.5,100,true
164168004412306,2874618,2492760,false,0,0.6033333,30.5,100,true
164170078800691,2874622,2490476,false,0,0.6033333,30.5,100,true
164172175111732,2874622,2486936,false,0,0.6033333,30.5,100,true
164174235125741,2874622,2504136,false,0,0.6033333,30.5,100,true
164176333313397,2874626,2497720,false,0,0.6033333,30.5,100,true
164178408107719,2874626,2496776,false,0,0.5966667,30.5,100,true
164180473531520,2874630,2489072,false,0,0.5966667,30.5,100,true
164182555982509,2874642,2482776,false,0,0.5966667,30.5,100,true
164184629578290,2874614,2480452,false,0,0.5966667,30.5,100,true
164193511831620,2874650,2422624,false,0,0.59000003,30.5,100,true
164195565326671,2812728,2440096,false,0,0.59000003,30.5,100,true
164197598516305,2915290,2117092,false,0,0.6133334,30.5,100,true
164199629396201,2520419,2112952,false,0,0.6133334,30.5,100,true
164201666984377,2909288,2135832,false,0,0.6133334,30.5,100,true
164203703265209,2907756,2152032,false,0,0.6133334,30.5,100,true
164205745244948,2912619,2128196,false,0,0.6133334,30.5,100,true
164207788528281,2830244,2114720,false,0,0.6933333,30.5,100,true
164209834814947,2904624,2098560,false,0,0.6933333,30.5,100,true
164211894639685,2943660,2121800,false,0,0.6933333,30.5,100,true
164213926314060,2852816,2066808,false,0,0.6933333,30.5,100,true
164215962847184,2943738,2012132,false,0,0.6933333,30.5,100,true
164217992830360,2946858,1963816,false,0,0.7366666,30.5,100,true
164220045625672,2945261,1961060,false,0,0.7366666,30.5,100,true
164222093353171,2912191,1978256,false,0,0.7366666,30.5,100,true
164224141285774,2941655,1943944,false,0,0.7366666,30.5,100,true
164226252378690,2919255,1989184,false,0,0.7366666,30.5,100,true
164228349552283,2932371,1947004,false,0,0.7733334,30.5,100,true
164230414179158,2942683,1933052,false,0,0.7733334,30.5,100,true
164232468719469,2828868,1927652,false,0,0.7733334,30.5,100,true
164234523277385,2925779,1984768,false,0,0.7733334,30.5,100,true
164236580165405,2931163,1966204,false,0,0.7733334,30.5,100,true
164238628761863,2922775,1973844,false,0,0.79666674,30.5,100,true
164240687970820,2912599,2013088,false,0,0.79666674,30.5,100,true
164242735798632,2823875,1994104,false,0,0.79666674,30.5,100,true
164244795488371,2911135,1999704,false,0,0.79666674,30.5,100,true
164246839383578,2921095,1983800,false,0,0.79666674,30.5,100,true
164248892625765,2920419,1987668,false,0,0.81999993,30.5,100,true
164250946425712,2928443,1977284,false,0,0.81999993,34.1,100,true
164252990872066,2947215,2013864,false,0,0.81999993,34.1,100,true
164255046078679,2913523,2080112,false,0,0.81999993,34.1,100,true
164257107735554,2940907,2058960,false,1,0.8533333,34.1,100,true
164259166636386,2918467,2058488,false,1,0.8533333,34.1,100,true
164261273594094,2949611,2071068,false,1,0.8533333,34.1,100,true
164263326284770,2913919,2101496,false,1,0.8533333,34.1,100,true
164265380180707,2797538,2065092,false,1,0.8533333,34.1,100,true
164267433115498,2918315,2095812,false,1,0.8633334,34.1,100,true
164269493250549,2924527,2080852,false,1,0.8633334,34.1,100,true
164271552859454,2941183,2075396,false,1,0.8633334,34.1,100,true
164273606259558,2953099,2053940,false,1,0.8633334,34.1,100,true
164275651946692,2916507,2078716,false,1,0.8633334,34.1,100,true
164277710171952,2947841,2046692,false,1,0.86999995,34.1,100,true
164279766573826,2956335,2033364,false,1,0.86999995,34.1,100,true
164281826607367,2914375,2073788,false,1,0.86999995,35.7,100,true
164283895621064,2963539,2026412,false,1,0.86999995,35.7,100,true
164285966582730,2943687,2030788,false,1,0.86999995,35.7,100,true
164288034564604,2945323,2027976,false,1,0.8866666,35.7,100,true
164290097049031,2930323,2030392,false,1,0.8866666,35.7,100,true
164292149420384,2947863,2044284,false,1,0.8866666,35.7,100,true
164294229302206,2950667,2041528,false,1,0.8866666,35.7,100,true
164296282791320,2917815,2050624,false,1,0.8866666,35.7,100,true
164298338912621,2944219,2038488,false,1,0.8966667,35.7,100,true
164300403935329,2913075,2026580,false,1,0.8966667,35.7,100,true
164302470251526,2917720,2050992,false,1,0.8966667,35.7,100,true
164304529632358,2914303,2074828,false,1,0.8966667,35.7,100,true
164306585973451,2921435,2071728,false,1,0.8966667,35.7,100,true
164308638546940,2944859,2038148,false,2,0.90999997,35.7,100,true
164310692944700,2923955,2055724,false,2,0.90999997,35.7,100,true
164312748645741,2922715,2044172,false,2,0.90999997,37.1,100,true
164314835089542,2918460,2004340,false,2,0.90999997,37.1,100,true
164316906836625,2941887,2031928,false,2,0.90999997,37.1,100,true
164318959331311,2924563,2038580,false,2,0.92333335,37.1,100,true
164321017958602,2943134,2000164,false,2,0.92333335,37.1,100,true
164323078027612,2950150,1988084,false,2,0.92333335,37.1,100,true
164325148890528,2915318,2001996,false,2,0.92333335,37.1,100,true
164327204042871,2917494,2035060,false,2,0.92333335,37.1,100,true
164329255903807,2931226,2022416,false,2,0.9266666,37.1,100,true
164331312288650,2927630,2023520,false,2,0.9266666,37.1,100,true
164333368108702,2944822,1997720,false,2,0.9266666,37.1,100,true
164335430901670,2926242,2037040,false,2,0.9266666,37.1,100,true
164337485245731,2944738,1998072,false,2,0.93000007,37.1,100,true
164339553803647,2947350,1994520,false,2,0.93000007,37.1,100,true
164341616246094,2955122,1972476,false,2,0.93000007,37.1,100,true
164343682877916,2936218,2008760,false,2,0.93000007,37.1,100,true
164345753130051,2925649,2055704,false,2,0.93000007,37.1,100,true
164347823250831,2931765,2054980,false,2,0.9366666,37.1,100,true
164349883729424,2931797,2054196,false,2,0.9366666,37.1,100,true
164351943726194,2965761,2020908,false,2,0.9366666,37.1,100,true
164354004659475,2967817,2015720,false,2,0.9366666,37.1,100,true
164356075065828,2962541,2017876,false,2,0.9366666,37.1,100,true
164358132208223,2964565,1995208,false,2,0.94,37.1,100,true
164360233254368,2954777,2003696,false,2,0.94,37.1,100,true
164362284133378,2956249,1799876,false,2,0.94,37.1,100,true
164364345753950,2953989,1889060,false,2,0.94,37.1,100,true
164366404564574,2932921,1623056,false,2,0.94,37.1,100,true
164368469140407,2958793,1538068,false,2,0.95,37.1,100,true
164370533297802,2927446,1574928,false,2,0.95,37.1,100,true
164372588520197,2962394,1531224,false,2,0.95,37.1,100,true
164374637395457,2930246,1712396,false,2,0.95,37.1,100,true
164376709592175,2958086,1694720,false,2,0.95,37.1,100,true
164378778412018,2935346,1720324,false,2,0.96666664,37.1,100,true
164380835580663,2926358,1711136,false,2,0.96666664,37.1,100,true
164382893574308,2928001,1694352,false,2,0.96666664,37.1,100,true
164384946318890,2926601,1724912,false,2,0.96666664,37.1,100,true
164387005598369,2967845,1723656,false,2,0.96666664,37.1,100,true
164389058102378,2931241,1712816,false,2,0.9766666,37.1,100,true
164391108258680,2971669,1722784,false,2,0.9766666,37.1,100,true
164393167397429,2966449,1700088,false,2,0.9766666,37.1,100,true
164395219612845,2930485,1724448,false,2,0.9766666,37.1,100,true
164397301895031,2962633,1700388,false,2,0.9766666,37.1,100,true
164399371865083,2930125,1744232,false,2,0.98333335,37.1,100,true
164401435444978,2927065,1743548,false,2,0.98333335,37.1,100,true
164403500051383,2925084,1708396,false,2,0.98333335,38.5,99,true
164405566896382,2969537,1687000,false,2,0.98333335,38.5,99,true
164407638302163,2962024,1719604,false,2,0.9933333,38.5,99,true
164409704674141,2943939,1709064,false,2,0.9933333,38.5,99,true
164411795206588,2954659,1686824,false,2,0.9933333,38.5,99,true
164413859503723,2960199,1692640,false,2,0.9933333,38.5,99,true
164415919994243,2930495,1681588,false,2,0.9933333,38.5,99,true
164417994904398,2963579,1640212,false,2,0.9933333,38.5,99,true
164420067264866,2933419,1658664,false,2,0.9933333,38.5,99,true
164422133932834,2952927,1713428,false,2,0.9933333,38.5,99,true
164424194153927,2913755,1704940,false,2,0.9933333,38.5,99,true
164426254074552,2959551,1663932,false,2,0.9933333,38.5,99,true
164428315872572,2945951,1701228,false,2,0.9966667,38.5,99,true
164430373814915,2933155,1700396,false,2,0.9966667,38.5,99,true
164432428228872,2944967,1738512,false,2,0.9966667,38.5,99,true
164434491701892,2957311,1720900,false,2,0.9966667,38.5,99,true
164436558131891,2965263,1733048,false,2,0.9966667,38.5,99,true
164438629717463,2932703,1767912,false,3,1.0,38.5,99,true
164440699557515,2957403,1745472,false,3,1.0,38.5,99,true
164442762793920,2933375,1791800,false,3,1.0,38.5,99,true
164444824610117,2948371,1757608,false,3,1.0,38.5,99,true
164446887637096,2968691,1742232,false,3,1.0,38.5,99,true
164448952243241,2977175,1742648,false,3,1.0033333,38.5,99,true
164451038901105,2961031,1711888,false,3,1.0033333,38.5,99,true
164453099062093,2957419,1740708,false,3,1.0033333,38.5,99,true
164455168045895,2958091,1751452,false,3,1.0033333,38.5,99,true
164457230323706,2970539,1763592,false,3,1.0033333,38.5,99,true
164459291947924,2918837,1726868,false,3,1.0066667,38.5,99,true
164461349575476,2928059,1779752,false,3,1.0066667,38.5,99,true
164463411347714,2966887,1736040,false,3,1.0066667,38.5,99,true
164465472722453,2933191,1762260,false,3,1.0066667,38.5,99,true
164467544157609,2945187,1779540,false,3,1.0066667,38.5,99,true
164469604050785,2921695,1806480,false,3,1.0133334,38.5,99,true
164471668278753,2956571,1792804,false,3,1.0133334,38.5,99,true
164473729892033,2964743,1790236,false,3,1.0133334,38.5,99,true
164475792835783,2931795,1788432,false,3,1.0133334,38.5,99,true
164477861915782,2948807,1771552,false,3,1.0133334,38.5,99,true
164479927140989,2929867,1803112,false,3,1.02,38.5,99,true
164481989574634,2963795,1758812,false,3,1.02,38.5,99,true
164484061467498,2974687,1661496,false,3,1.02,38.5,99,true
164486119406456,2926211,1744200,false,3,1.02,38.5,99,true
164488189935413,2948007,1678056,false,3,1.02,38.5,99,true
164490264820204,2959075,1627208,false,3,1.02,38.5,99,true
164492344865464,2959879,1632356,false,3,1.02,38.5,99,true
164494403803015,2924159,1649464,false,3,1.02,39.9,99,true
164496470510775,2968579,1767024,false,3,1.02,39.9,99,true
164498545506607,2962163,1775756,false,3,1.0266666,39.9,99,true
164500619783117,2927535,1797380,false,3,1.0266666,39.9,99,true
164502692060824,2957599,1767076,false,3,1.0266666,39.9,99,true
164504752018480,2969391,1760840,false,3,1.0266666,39.9,99,true
164506837582906,2957855,1757840,false,3,1.0266666,39.9,99,true
164508907200093,2928755,1827800,false,3,1.0233333,39.9,99,true
164510984488634,2955831,1797156,false,3,1.0233333,39.9,99,true
164513011370300,2958143,2218600,false,3,1.0233333,39.9,99,true
164515038536601,2934551,2327380,false,3,1.0233333,39.9,99,true
164517069725402,2955982,1962628,false,3,1.0233333,39.9,99,true
164519129368631,2937007,1997252,false,3,1.0333333,39.9,99,true
164521198833734,2956367,1924728,false,3,1.0333333,39.9,99,true
164523258787223,2845489,1970016,false,3,1.0333333,39.9,99,true
164525326555295,2955879,2031008,false,3,1.0333333,39.9,99,true
164527392884513,2952547,2029576,false,3,1.0333333,39.9,99,true
164529461124512,2957391,1965960,false,3,1.0333333,39.9,99,true
164531516927949,2935631,2004916,false,3,1.0333333,39.9,99,true
164533576610240,2949859,1987424,false,3,1.0333333,39.9,99,true
164535637716749,2929039,1992020,false,3,1.0333333,39.9,99,true
164537711430551,2963494,1932656,false,3,1.0333333,39.9,99,true
164539792509612,2933626,1993140,false,3,1.0333333,39.9,99,true
164541859821851,2952825,1872264,false,3,1.0333333,39.9,99,true
164543918207423,2928620,1820568,false,3,1.0333333,39.9,99,true
164545982147891,3035054,1798492,false,3,1.0333333,39.9,99,true
164548048406172,3011377,1845112,false,3,1.0333333,39.9,99,true
164550114741223,2996289,1839024,false,3,1.0400001,39.9,99,true
164552173918774,3028021,1785240,false,3,1.0400001,39.9,99,true
164554239157055,3023969,1865800,false,3,1.0400001,39.9,99,true
164556316745439,3034333,1848800,false,3,1.0400001,39.9,99,true
164558384942626,3004041,1868164,false,3,1.0366666,39.9,99,true
164560458651011,3039305,1847716,false,3,1.0366666,39.9,99,true
164562532489447,2975084,1815340,false,3,1.0366666,39.9,99,true
164564604981218,3061918,1812184,false,3,1.0366666,39.9,99,true
164566673082571,3035902,1817824,false,3,1.0366666,39.9,99,true
164568771600643,3065598,1794616,false,3,1.0400001,39.9,99,true
164570840974132,3034966,1851396,false,3,1.0400001,39.9,99,true
164572919575485,3063022,1868720,false,3,1.0400001,39.9,99,true
164575004586578,3050626,1864868,false,3,1.0400001,39.9,99,true
164577079732463,3067114,1866560,false,3,1.0400001,39.9,99,true
164579154817202,3060190,1870424,false,3,1.0366666,39.9,99,true
164581262157722,3036150,1877264,false,3,1.0366666,39.9,99,true
164583332229023,3074738,1822560,false,3,1.0366666,39.9,99,true
164585400950012,3041790,1824696,false,3,1.0366666,39.9,99,true
164587471774282,3066730,1831264,false,3,1.0366666,39.9,99,true
164589557044281,3048922,1841784,false,3,1.0300001,39.9,99,true
164591624110791,2830589,1825208,false,3,1.0300001,39.9,99,true
164593708745217,3032414,1831600,false,3,1.0300001,39.9,99,true
164595779652976,3042090,1813848,false,3,1.0300001,39.9,99,true
164597852108497,3041586,1811168,false,3,1.0300001,39.9,99,true
164599946603704,3038045,1823252,false,3,1.0333333,39.9,99,true
164602020016412,3071777,1785520,false,3,1.0333333,39.9,99,true
164604098570005,3071825,1792916,false,3,1.0333333,39.9,99,true
164606191894275,3084638,1833544,false,3,1.0333333,39.9,99,true
164608256868701,3065170,1823356,false,3,1.0333333,39.9,99,true
164610340005419,3069930,1817732,false,3,1.0333333,39.9,99,true
164612414138960,3066806,1843504,false,3,1.0333333,39.9,99,true
164614486468230,3040030,1841276,false,3,1.0333333,39.9,99,true
164616582737187,3077290,1814904,false,3,1.0333333,39.9,99,true
164618671105103,3056806,1840164,false,3,1.0400001,39.9,99,true
164620752288332,3057158,1831696,false,3,1.0400001,39.9,99,true
164622831005206,3022058,1859168,false,3,1.0400001,39.9,99,true
164624913627601,3061830,1858656,false,3,1.0400001,39.9,99,true
164626986232392,3032078,1868936,false,3,1.0400001,39.9,99,true
164629106317495,3066382,1839628,false,3,1.0366666,39.9,99,true
164631172748171,3031838,1890804,false,3,1.0366666,39.9,99,true
164633234708223,3048258,1890916,false,3,1.0366666,39.9,99,true
164635299230461,3052131,1835252,false,3,1.0366666,39.9,99,true
164637366118898,3035342,1858988,false,3,1.0366666,39.9,99,true
164639433706345,2921921,1846160,false,3,1.0433333,39.9,99,true
164641505982282,3063010,1856744,false,3,1.0433333,39.9,99,true
164643580833687,3069574,1852528,false,3,1.0433333,39.9,99,true
164645658524207,3040002,1867424,false,3,1.0433333,39.9,99,true
164647742383582,3069510,1836080,false,3,1.0433333,39.9,99,true
164649813974675,3062758,1832532,false,3,1.05,39.9,99,true
164651895960559,3066470,1803508,false,3,1.05,39.9,99,true
164653974003058,3068242,1817724,false,3,1.05,39.9,99,true
164656060239256,3039930,1838840,false,3,1.05,39.9,99,true
164658134103942,3074132,1781408,false,3,1.05,39.9,99,true
164660204168316,3043428,1802004,false,3,1.05,39.9,99,true
164662269447691,3054008,1785344,false,3,1.05,39.9,99,true
164664343365086,3050832,1823144,false,3,1.05,39.9,99,true
164666492565502,3066048,1816688,false,3,1.05,39.9,99,true
164668568174042,3037873,1805928,false,3,1.05,39.9,99,true
164670639897740,3006487,1793968,false,3,1.05,39.9,99,true
164672710655655,3072356,1724996,false,3,1.05,39.9,99,true
164674793688728,3068802,1801268,false,3,1.05,39.9,99,true
164676859752789,3074294,1791308,false,3,1.05,39.9,99,true
164678923106330,3045406,1788692,false,3,1.0533333,39.9,99,true
164680991749923,3066554,1775048,false,3,1.0533333,39.9,99,true
164683052364714,3005153,1781560,false,3,1.0533333,39.9,99,true
164685117969453,3061538,1823652,false,3,1.0533333,39.9,99,true
164687179855754,3064182,1806948,false,3,1.0533333,39.9,99,true
164689240388722,2913675,1756100,false,3,1.05,39.9,99,true
164691311909138,3083206,1759484,false,3,1.05,39.9,99,true
164693393834241,3020515,1782988,false,3,1.05,39.9,99,true
164695466228407,3063698,1811424,false,3,1.05,39.9,99,true
164697539477052,3069746,1803784,false,3,1.05,39.9,99,true
164699602897468,3038270,1826632,false,3,1.05,39.9,99,true
164701674093092,3076594,1775740,false,3,1.05,39.9,99,true
164703749414237,3064850,1739024,false,3,1.05,39.9,99,true
164705837580018,3036506,1777712,false,3,1.05,39.9,99,true
164707920132048,3055130,1821204,false,3,1.05,39.9,99,true
164709987927620,3066218,1825140,false,3,1.0533333,39.9,99,true
164712058554338,3048302,1880100,false,3,1.0533333,39.9,99,true
164714138069754,3071498,1846932,false,3,1.0533333,39.9,99,true
164716221611160,3043430,1853640,false,3,1.0533333,39.9,99,true
164718291694023,3052770,1826884,false,3,1.0533333,39.9,99,true
164720375252773,2815042,1822436,false,3,1.0533333,39.9,99,true
164722445317616,3066462,1809668,false,3,1.0533333,39.9,99,true
164724524046104,3041694,1831184,false,3,1.0533333,39.9,99,true
164726599888187,3039942,1593160,false,3,1.0533333,39.9,99,true
164728674741624,3077978,1557180,false,3,1.0533333,39.9,99,true
164730751217508,3044206,1738172,false,3,1.0566667,39.9,99,true
164732831090112,3039210,1715408,false,3,1.0566667,39.9,99,true
164734909220736,3066746,1726436,false,3,1.0566667,41.2,99,true
164737092402870,3033678,1654296,false,3,1.0566667,41.2,99,true
