set	file	license	source_page	photo_url	sha256
non-plant	computer_monitor_2.jpg	CC0	https://commons.wikimedia.org/wiki/File:Code_on_computer_monitor_%28Unsplash%29.jpg	https://thumb.wikimedia.org/wikipedia/commons/thumb/7/7f/Code_on_computer_monitor_%28Unsplash%29.jpg/500px-Code_on_computer_monitor_%28Unsplash%29.jpg	4ff22b8eed7c5bf28a7c4e807047a08ad07167c03c4280d31ed182c3c6914b0e
non-plant	smartphone_display_4.jpg	CC0	https://commons.wikimedia.org/wiki/File:Smartphone_display_screen.jpg	https://thumb.wikimedia.org/wikipedia/commons/thumb/8/89/Smartphone_display_screen.jpg/500px-Smartphone_display_screen.jpg	acae1b0553a1827a4d8bf57f138de3d6f9818664c500b9712996a6431a7c8bbe
non-plant	laptop_screen_5.jpg	CC0	https://commons.wikimedia.org/wiki/File:Dual_touch_screen_laptop.jpg	https://thumb.wikimedia.org/wikipedia/commons/thumb/9/9c/Dual_touch_screen_laptop.jpg/500px-Dual_touch_screen_laptop.jpg	3136203ee0e9c78193a358b9995cf57de5944e317bd8b54fde28ee0693a75120
non-plant	laptop_screen_6.jpg	CC0	https://commons.wikimedia.org/wiki/File:Laptop_with_many_charts_on_screen_on_cluttered_desk.jpg	https://thumb.wikimedia.org/wikipedia/commons/thumb/3/37/Laptop_with_many_charts_on_screen_on_cluttered_desk.jpg/500px-Laptop_with_many_charts_on_screen_on_cluttered_desk.jpg	0cd5e6f64636d275a87f4e0491a1753dc0d4153cb915d34724b506e4a4b37f1c
non-plant	asphalt_road_7.jpg	CC0	https://commons.wikimedia.org/wiki/File:Machine_crushing_asphalt.jpg	https://thumb.wikimedia.org/wikipedia/commons/thumb/3/32/Machine_crushing_asphalt.jpg/500px-Machine_crushing_asphalt.jpg	83bcb0da2b1c59b7c39ec7b5534873973403d714cbe819d396dbbe260c56acac
non-plant	asphalt_road_8.jpg	CC0	https://commons.wikimedia.org/wiki/File:Snow_on_the_asphalt_road_in_Beijing.jpg	https://thumb.wikimedia.org/wikipedia/commons/thumb/d/da/Snow_on_the_asphalt_road_in_Beijing.jpg/500px-Snow_on_the_asphalt_road_in_Beijing.jpg	b76e41e93fdd671eaadfaf63837daf9c234a03b3328dc26c9ee2fbf55ec742fe
non-plant	concrete_sidewalk_9.jpg	Public domain	https://commons.wikimedia.org/wiki/File:Brick_sidewalk_in_Chicago.JPG	https://thumb.wikimedia.org/wikipedia/commons/thumb/c/c9/Brick_sidewalk_in_Chicago.JPG/500px-Brick_sidewalk_in_Chicago.JPG	42d8f2f8bae0d0ad9f6cd0a888487711b167cd6f1d9e43da4b1fd34b6d35cb15
non-plant	concrete_sidewalk_10.jpg	Public domain	https://commons.wikimedia.org/wiki/File:Concrete_sidewalk_construction.jpg	https://thumb.wikimedia.org/wikipedia/commons/thumb/f/f2/Concrete_sidewalk_construction.jpg/500px-Concrete_sidewalk_construction.jpg	b15369e1fb18dfc9db7cc23f9198d9f1f09aef55728a459edc489be248930911
non-plant	portrait_woman_12.jpg	Public domain	https://commons.wikimedia.org/wiki/File:Frances_Benjamin_Johnston%2C_Self-Portrait_%28as_%22New_Woman%22%29%2C_1896.jpg	https://thumb.wikimedia.org/wikipedia/commons/thumb/2/24/Frances_Benjamin_Johnston%2C_Self-Portrait_%28as_%22New_Woman%22%29%2C_1896.jpg/500px-Frances_Benjamin_Johnston%2C_Self-Portrait_%28as_%22New_Woman%22%29%2C_1896.jpg	1b443038fde15775050120da4a11676ef26db003cf29a28cd80c2918fce125a9
non-plant	child_playing_13.jpg	Public domain	https://commons.wikimedia.org/wiki/File:Child_goose_Louvre_Ma40.jpg	https://thumb.wikimedia.org/wikipedia/commons/thumb/5/5f/Child_goose_Louvre_Ma40.jpg/500px-Child_goose_Louvre_Ma40.jpg	25a60cafbe27cc94380eb3ee8f526ba2562d6425219a05fe1a0288e2eea54f2c
non-plant	child_playing_14.jpg	Public domain	https://commons.wikimedia.org/wiki/File:Child_goose_Louvre_Ma40_n2.jpg	https://thumb.wikimedia.org/wikipedia/commons/thumb/8/86/Child_goose_Louvre_Ma40_n2.jpg/500px-Child_goose_Louvre_Ma40_n2.jpg	f76521ea85c84558e4cfb1207b4c9cbc7d3f4d98e88b362f1c124c223af65dbd
non-plant	living_room_16.jpg	CC0	https://commons.wikimedia.org/wiki/File:Living_room_in_apartment_of_Condom%C3%ADnio_do_Edif%C3%ADcio_Zaher%2C_Le_Blond%2C_Rio_de_Janeiro%2C_Brazil.jpg	https://thumb.wikimedia.org/wikipedia/commons/thumb/3/36/Living_room_in_apartment_of_Condom%C3%ADnio_do_Edif%C3%ADcio_Zaher%2C_Le_Blond%2C_Rio_de_Janeiro%2C_Brazil.jpg/500px-Living_room_in_apartment_of_Condom%C3%ADnio_do_Edif%C3%ADcio_Zaher%2C_Le_Blond%2C_Rio_de_Janeiro%2C_Brazil.jpg	ca2873fd356bef874bd99a0684f0e2805468833060e0f72fcae31b3d4543fc60
non-plant	dog_17.jpg	CC0	https://commons.wikimedia.org/wiki/File:Mixed-breed_dogs_in_Serles.jpg	https://thumb.wikimedia.org/wikipedia/commons/thumb/3/37/Mixed-breed_dogs_in_Serles.jpg/500px-Mixed-breed_dogs_in_Serles.jpg	7168dceafb3ad995fa81f4de766c4c7402404c65217cbcf478411a6662506ed9
non-plant	car_19.jpg	Public domain	https://commons.wikimedia.org/wiki/File:A_Brouhot_car_in_Paris%2C_1910.jpg	https://thumb.wikimedia.org/wikipedia/commons/thumb/c/c0/A_Brouhot_car_in_Paris%2C_1910.jpg/500px-A_Brouhot_car_in_Paris%2C_1910.jpg	cc53bf361553abc641f5eee1366e659054ee845cf15d18479c63f2561f939dae
non-plant	car_20.jpg	CC0	https://commons.wikimedia.org/wiki/File:Auto_op_de_Place_de_l%27%C3%89toile%2C_in_de_koplamp_is_de_weerspiegeling_van_de_Arc_de_T%2C_Bestanddeelnr_191-0354.jpg	https://thumb.wikimedia.org/wikipedia/commons/thumb/7/7c/Auto_op_de_Place_de_l%27%C3%89toile%2C_in_de_koplamp_is_de_weerspiegeling_van_de_Arc_de_T%2C_Bestanddeelnr_191-0354.jpg/500px-Auto_op_de_Place_de_l%27%C3%89toile%2C_in_de_koplamp_is_de_weerspiegeling_van_de_Arc_de_T%2C_Bestanddeelnr_191-0354.jpg	a12cc785b81f56df95f4b80598ae23f5c452a2092ee86864682194fa171ca3e4
mixed	lawn_mowed_22.jpg	Public domain	https://commons.wikimedia.org/wiki/File:Lawn_Mowing_DVIDS119604.jpg	https://thumb.wikimedia.org/wikipedia/commons/thumb/6/68/Lawn_Mowing_DVIDS119604.jpg/500px-Lawn_Mowing_DVIDS119604.jpg	2da2a8d237a15f171a03314bff92f88d7512cb51812902c199b8e847ee2b0097
plant	oak_1.jpg	CC0	https://www.inaturalist.org/observations/135252942	https://inaturalist-open-data.s3.amazonaws.com/photos/230659710/medium.jpeg	d1861f6acc54c1483d7038e76b512f6b199199ef722448eecb6d60ed20f9da70
plant	oak_2.jpg	CC0	https://www.inaturalist.org/observations/8477937	https://inaturalist-open-data.s3.amazonaws.com/photos/11304773/medium.jpeg	5abf3fe9809b1d5f52d62c05d69e0c3eac15c977cc22cc566041717ecde28887
plant	fern_1.jpg	CC0	https://www.inaturalist.org/observations/230779728	https://inaturalist-open-data.s3.amazonaws.com/photos/409802490/medium.jpeg	9cbfc7824799338f867548a673dd977cfb7aee8ae8182c7bd9e3b7c94402b465
plant	fern_2.jpg	CC0	https://www.inaturalist.org/observations/357799245	https://inaturalist-open-data.s3.amazonaws.com/photos/652638756/medium.jpg	17c65c108a9d42e27bbcf76037bd5cce2a55206212a38acca06ae9e07f649981
plant	clover_1.jpg	CC0	https://www.inaturalist.org/observations/27143896	https://inaturalist-open-data.s3.amazonaws.com/photos/42203045/medium.jpg	c5664acc919639414b79e2cee33746ad943897256dc3f4cecdff6189861907f8
plant	clover_2.jpg	CC0	https://www.inaturalist.org/observations/98944920	https://inaturalist-open-data.s3.amazonaws.com/photos/164847704/medium.jpg	6ac9621a1ee700d25330eb3e48c1276c329ca3eb2853fa5a16172786f20bb790
plant	pine_1.jpg	CC0	https://www.inaturalist.org/observations/1462536	https://inaturalist-open-data.s3.amazonaws.com/photos/1813546/medium.jpg	f367946aee2ce9680e94cbc65b08736a627134d11d194dbec915b7419ce48ccb
plant	pine_2.jpg	CC0	https://www.inaturalist.org/observations/162092423	https://inaturalist-open-data.s3.amazonaws.com/photos/280243946/medium.jpeg	4b8caa2d9c69fdd6abbf5b61ff52a9413cbe3bb77c77731444f579d50003d728
plant	dandelion_1.jpg	CC0	https://www.inaturalist.org/observations/365455520	https://inaturalist-open-data.s3.amazonaws.com/photos/667236196/medium.jpg	bc16ede7815b280fbb5b7f334b27bf17aec4a35e986195abd7536a1b7563aae8
plant	dandelion_2.jpg	CC0	https://www.inaturalist.org/observations/101884538	https://inaturalist-open-data.s3.amazonaws.com/photos/170210756/medium.jpeg	d91a34536354de94beadd929289f7cf83afe9beaf55bf776afb00b1028e3ffc1
plant	grass_1.jpg	CC0	https://www.inaturalist.org/observations/47059937	https://inaturalist-open-data.s3.amazonaws.com/photos/74633964/medium.jpg	b1ac068dd7fc91d7c517fbde9fce8d4e0bba21a28f6e994e040aa47ded2769ad
plant	grass_2.jpg	CC0	https://www.inaturalist.org/observations/102528944	https://inaturalist-open-data.s3.amazonaws.com/photos/171412946/medium.jpeg	51023c45361882a876731ca62928c7dbcbcf641fb0e7adc8b9674b9a21f3f972
plant	moss_1.jpg	CC0	https://www.inaturalist.org/observations/83899790	https://inaturalist-open-data.s3.amazonaws.com/photos/137831879/medium.jpeg	e41867e739c6a102021538b6b44dc29d882bd2aeee3502260f09744d6b8d09c7
plant	moss_2.jpg	CC0	https://www.inaturalist.org/observations/106882916	https://inaturalist-open-data.s3.amazonaws.com/photos/179650171/medium.jpeg	cc82f6c754c6769f0a651393b454a9b52a8076edca23daa9992e8d94c9b354b2
plant	poisonivy_1.jpg	CC0	https://www.inaturalist.org/observations/40392436	https://inaturalist-open-data.s3.amazonaws.com/photos/64125587/medium.jpg	ca9c04be29a4a56f09885f1bb0c7272b2e5a6d55dded3f85a392ffeb35ed786c
plant	poisonivy_2.jpg	CC0	https://www.inaturalist.org/observations/159325968	https://inaturalist-open-data.s3.amazonaws.com/photos/275267964/medium.jpeg	351dc7846035cfd0779b651eee7202e488fef722852107b7cc001b9d7c7e1a88
grass	grass_236380113.jpg	CC0	https://www.inaturalist.org/observations/236380113	https://inaturalist-open-data.s3.amazonaws.com/photos/420524679/medium.jpeg	f77626f85eac20d31a7d0193c3318f2dadb8beddd1d71eed38660db5b50c8681
grass	grass_77707956.jpg	CC0	https://www.inaturalist.org/observations/77707956	https://inaturalist-open-data.s3.amazonaws.com/photos/127109665/medium.jpg	9c03028b1a2a82827122b07b4ae51e8b896a69500686b75499e29c8312dc3c8e
grass	grass_7872367.jpg	CC0	https://www.inaturalist.org/observations/7872367	https://inaturalist-open-data.s3.amazonaws.com/photos/10375394/medium.jpg	2c08748b7bee113df7380e1a7e7ec95eb2ae77f93228a0a81630b4d60be19373
grass	grass_173869047.jpg	CC0	https://www.inaturalist.org/observations/173869047	https://inaturalist-open-data.s3.amazonaws.com/photos/302015508/medium.jpg	04c2601c5a6f152c72d5a3b60ab5af20fb45e640a2c8a04502703cc4d1596d08
grass	grass_154415697.jpg	CC0	https://www.inaturalist.org/observations/154415697	https://inaturalist-open-data.s3.amazonaws.com/photos/266811889/medium.jpeg	512a6dfba1d4d2a612de9fd52b6a13f227c9f246c65ac9f623fb2ce68cf04248
grass	grass_296659010.jpg	CC0	https://www.inaturalist.org/observations/296659010	https://inaturalist-open-data.s3.amazonaws.com/photos/534193002/medium.jpg	f608bf2d3f202d975e46d3038b03c1918e0f1acbdd0c4b86587b3fdfd1cb02d4
grass	grass_8498527.jpg	CC0	https://www.inaturalist.org/observations/8498527	https://inaturalist-open-data.s3.amazonaws.com/photos/11336992/medium.jpg	999bf18c0cc4baa637c728bc35fcb1b9b1ecab398919a66c286e16338499228a
grass	grass_74700812.jpg	CC0	https://www.inaturalist.org/observations/74700812	https://inaturalist-open-data.s3.amazonaws.com/photos/122121046/medium.jpg	abc372871cd5d39f60060e4a93794c24318cc47eeedf6af5d069cfcdecfc841a
grass	grass_316210519.jpg	CC0	https://www.inaturalist.org/observations/316210519	https://inaturalist-open-data.s3.amazonaws.com/photos/571295810/medium.jpg	e70ed75cb37df92d1d2b214da071baedf6284259e4eaf34c4da11c29b9f9f4a4
grass	grass_377482183.jpg	CC0	https://www.inaturalist.org/observations/377482183	https://inaturalist-open-data.s3.amazonaws.com/photos/690295971/medium.jpg	a430afd984a4cd9931e95fedd6deee56564a14d4dbc0e6518b4b3af3349f4a9b
grass	grass_377471108.jpg	CC0	https://www.inaturalist.org/observations/377471108	https://inaturalist-open-data.s3.amazonaws.com/photos/690275362/medium.jpg	59526cd38a93881d89e207461e20c8a737df0ab06f5cdb6249f70161ed39c15a
grass	grass_378253206.jpg	CC0	https://www.inaturalist.org/observations/378253206	https://inaturalist-open-data.s3.amazonaws.com/photos/691782221/medium.jpg	9a7d87d857fe8c5f7e20bc8f58dd0cccecc8c74c5fded73bde85694871171e83
grass	grass_135189154.jpg	CC0	https://www.inaturalist.org/observations/135189154	https://inaturalist-open-data.s3.amazonaws.com/photos/230540729/medium.jpg	3fdf1c6024a4d80b497c5bf1eb31d4bb81d5b3a2d0605fb64ab2c1f0cd4daf21
grass	grass_135427649.jpg	CC0	https://www.inaturalist.org/observations/135427649	https://inaturalist-open-data.s3.amazonaws.com/photos/230977270/medium.jpg	31a39882e8a9e778168747b141f702283e6d8f3cae73916f32cc25d289fd56ba
grass	grass_237659126.jpg	CC0	https://www.inaturalist.org/observations/237659126	https://inaturalist-open-data.s3.amazonaws.com/photos/422993126/medium.jpeg	accfab6cebe9561e8cf2d4f51775abfb51df11c4be4efcac544b02439c9e36c4
grass	grass_295152432.jpg	CC0	https://www.inaturalist.org/observations/295152432	https://inaturalist-open-data.s3.amazonaws.com/photos/531316863/medium.jpg	ac0dd69bdf477e73310b53fa02c5ddc9b99339adcfafe25635ea71f5565f6557
grass	grass_351436420.jpg	CC0	https://www.inaturalist.org/observations/351436420	https://inaturalist-open-data.s3.amazonaws.com/photos/641335454/medium.jpg	824d37cc2be48980b1a55d9eb337d3f3d551e0b612a5b96659fcce2926038515
grass	grass_295592913.jpg	CC0	https://www.inaturalist.org/observations/295592913	https://inaturalist-open-data.s3.amazonaws.com/photos/532153609/medium.jpg	6697027946c7c20dfdd7cd62550a66dfe4be5cbaa3ab435d1c413c7d77aa3129
grass	grass_348391973.jpg	CC0	https://www.inaturalist.org/observations/348391973	https://inaturalist-open-data.s3.amazonaws.com/photos/635379349/medium.jpg	ae7607251306eab5ebb75cf3f09f9c5c65b4c0f1b0b6b8df9a1848110c720904
grass	grass_170173654.jpg	CC0	https://www.inaturalist.org/observations/170173654	https://inaturalist-open-data.s3.amazonaws.com/photos/295116577/medium.jpeg	487239e7acd8784c86638de4ae4e3785671db071f3237d4edfe94e4d9f4e8975
grass	grass_53684067.jpg	CC0	https://www.inaturalist.org/observations/53684067	https://inaturalist-open-data.s3.amazonaws.com/photos/85393753/medium.jpg	de04a2df6f41a7697bf61873d86ed49df86f9476266adb94e67536ff2945c7d6
grass	grass_303516861.jpg	CC0	https://www.inaturalist.org/observations/303516861	https://inaturalist-open-data.s3.amazonaws.com/photos/547064633/medium.jpg	2f8471be60edc6f5960552ed33b4cb377071bca6d3905124364220aab7722147
grass	grass_305790189.jpg	CC0	https://www.inaturalist.org/observations/305790189	https://inaturalist-open-data.s3.amazonaws.com/photos/551386324/medium.jpg	33a9d9bcbc2f4ef139821260d54f3489bd283017aa9b4f45ba4fad30e8d7d14e
grass	grass_330436491.jpg	CC0	https://www.inaturalist.org/observations/330436491	https://inaturalist-open-data.s3.amazonaws.com/photos/599191747/medium.jpg	9cbc43146302605c2c9d901137580556d48f5e8a43058714e7d2ab57d442cea5
grass	grass_186771405.jpg	CC0	https://www.inaturalist.org/observations/186771405	https://inaturalist-open-data.s3.amazonaws.com/photos/326468635/medium.jpeg	1a69e059c4cef8add14edcfe10927673f4cea723019602ed394db07b07da47b7
grass	grass_7870802.jpg	CC0	https://www.inaturalist.org/observations/7870802	https://inaturalist-open-data.s3.amazonaws.com/photos/10372743/medium.jpg	8342f6ed2111babd5155f200cc76c8c56258901db50bdeafbf2d0a7cb7fb2170
grass	grass_272094434.jpg	CC0	https://www.inaturalist.org/observations/272094434	https://inaturalist-open-data.s3.amazonaws.com/photos/489493767/medium.jpeg	d383b6197448ceb7a4f90a901bfd5ffd049a0911d630a8199b5261c257378bd8
grass	grass_26326668.jpg	CC0	https://www.inaturalist.org/observations/26326668	https://inaturalist-open-data.s3.amazonaws.com/photos/40872709/medium.jpeg	79375c105fa02f988c079a00d412392a26552a20f418b91bef9fc6e7a987b8ff
grass	grass_32624622.jpg	CC0	https://www.inaturalist.org/observations/32624622	https://inaturalist-open-data.s3.amazonaws.com/photos/51185215/medium.jpg	8177d6f2d5b2171ca090d3c09c3d648b158fe3c305ea97d15be77636526ada79
grass	lawn_45980991.jpg	CC0	https://www.inaturalist.org/observations/45980991	https://inaturalist-open-data.s3.amazonaws.com/photos/72933692/medium.jpg	b16a0a6442ec6a7d13348624d8a8dfe0d8792a3d57b906f29307405db1d95f83
grass	lawn_114051027.jpg	CC0	https://www.inaturalist.org/observations/114051027	https://inaturalist-open-data.s3.amazonaws.com/photos/192632147/medium.jpeg	f90d28c453600b044d8fa7c6db0d2170d74f4e16bf123784a17016a330f1ffd6
grass	lawn_97354508.jpg	CC0	https://www.inaturalist.org/observations/97354508	https://inaturalist-open-data.s3.amazonaws.com/photos/161897585/medium.jpg	b53aeba46cd98faafad370c8eb85e31d7cccc361db5ac96f378152f7e549bcd1
grass	lawn_91483513.jpg	CC0	https://www.inaturalist.org/observations/91483513	https://inaturalist-open-data.s3.amazonaws.com/photos/151331355/medium.jpeg	300c994f3c84bca240aeb13ac770526ec6e5a9b9aa35e43fbe8197a68178d52d
grass	lawn_127194613.jpg	CC0	https://www.inaturalist.org/observations/127194613	https://inaturalist-open-data.s3.amazonaws.com/photos/215911970/medium.jpeg	219fb184d121334c18aae7389e9f521c674d8037567efd9503ed23b0a05384cc
grass	lawn_150536682.jpg	CC0	https://www.inaturalist.org/observations/150536682	https://inaturalist-open-data.s3.amazonaws.com/photos/259593841/medium.jpeg	3c970944eb73eaccc52da64859a7ca0259591778016c30cd2e72e307555da552
grass	lawn_127362421.jpg	CC0	https://www.inaturalist.org/observations/127362421	https://inaturalist-open-data.s3.amazonaws.com/photos/216216622/medium.jpeg	48523bdd6fe6ede9531fe8fc454d8091e5c58fc644318f12449f893704845508
grass	lawn_173273463.jpg	CC0	https://www.inaturalist.org/observations/173273463	https://inaturalist-open-data.s3.amazonaws.com/photos/300889843/medium.jpg	cc101b33b6d0f3c1bd90e343866e2bdb9fb7d3ed0f5201afc8d28c574efd2622
grass	lawn_316745594.jpg	CC0	https://www.inaturalist.org/observations/316745594	https://inaturalist-open-data.s3.amazonaws.com/photos/572277234/medium.jpg	bfa406f4901925dd7410a31de5e075dd43c0536595b257101e2989e97de0874e
grass	lawn_336602143.jpg	CC0	https://www.inaturalist.org/observations/336602143	https://inaturalist-open-data.s3.amazonaws.com/photos/611713344/medium.jpg	1d3c8a0e4086eed39da37b2c9bc1f9167c30bffe73c7dd1bc2bb3f4e2a5aa89a
grass	lawn_125107257.jpg	CC0	https://www.inaturalist.org/observations/125107257	https://inaturalist-open-data.s3.amazonaws.com/photos/212135524/medium.jpg	cf6d9602061a385e88be09b993842bbf8164b1f75f6686edab4a4c6f8ce00835
grass	lawn_341810778.jpg	CC0	https://www.inaturalist.org/observations/341810778	https://inaturalist-open-data.s3.amazonaws.com/photos/622329259/medium.jpg	9d2a42df107324c1e7509d4243e17f77f8625f60e7cb474f5d9a10e75f15cd70
grass	lawn_250873860.jpg	CC0	https://www.inaturalist.org/observations/250873860	https://inaturalist-open-data.s3.amazonaws.com/photos/448773211/medium.jpeg	767e301fff997528a9d39d7ebbc51a271cb27ceaf4ebc8b7e90007f0434aa011
grass	lawn_250390361.jpg	CC0	https://www.inaturalist.org/observations/250390361	https://inaturalist-open-data.s3.amazonaws.com/photos/447803209/medium.jpeg	6764902f4724efc056f0e542c17605b2518f852f2c9e42e68be4fb804ca506f1
grass	lawn_368459775.jpg	CC0	https://www.inaturalist.org/observations/368459775	https://inaturalist-open-data.s3.amazonaws.com/photos/672977874/medium.jpg	2062b65280e9afac2ac55f12a0d38b8cdceff98aa0a078a326d22e995f805d4e
grass	lawn_187127381.jpg	CC0	https://www.inaturalist.org/observations/187127381	https://inaturalist-open-data.s3.amazonaws.com/photos/327180014/medium.jpeg	0745e1883ccbf4b7b77e1aab06abf3048e3e55143a06b684a45c52f114833450
grass	lawn_46413391.jpg	CC0	https://www.inaturalist.org/observations/46413391	https://inaturalist-open-data.s3.amazonaws.com/photos/73614117/medium.jpg	3ec65a159cb7880e686d64a7dc0609013285598bf00609adba951041b6b95ea9
grass	lawn_65731819.jpg	CC0	https://www.inaturalist.org/observations/65731819	https://inaturalist-open-data.s3.amazonaws.com/photos/105845610/medium.jpg	6d54405d3918066b42e2a9cba687a06ec962951091ba570fb7ae908973f010c4
grass	lawn_197068291.jpg	CC0	https://www.inaturalist.org/observations/197068291	https://inaturalist-open-data.s3.amazonaws.com/photos/346996974/medium.jpg	80bb5123e6b9cacda392fd443cd147423a3a1b0ad70cf0f2eb982a146e85f24d
grass	lawn_226635883.jpg	CC0	https://www.inaturalist.org/observations/226635883	https://inaturalist-open-data.s3.amazonaws.com/photos/401970329/medium.jpeg	331738eb737a9049495e0ec6817c21922e92e02e55dab29a75906a9c93756bde
grass	lawn_103738138.jpg	CC0	https://www.inaturalist.org/observations/103738138	https://inaturalist-open-data.s3.amazonaws.com/photos/173694569/medium.jpeg	29e22075b3988fcc600aeb156ec25995d536d3d06bc3c2fa5dd2594ce7d7d351
grass	lawn_212637121.jpg	CC0	https://www.inaturalist.org/observations/212637121	https://inaturalist-open-data.s3.amazonaws.com/photos/375758714/medium.jpeg	723037791ab10f90b14a425b01ae0fc21ed18f993ca94d123c001105f0d5825d
grass	lawn_90616877.jpg	CC0	https://www.inaturalist.org/observations/90616877	https://inaturalist-open-data.s3.amazonaws.com/photos/149784928/medium.jpg	c826ccb25ad950fe59848d97cc25f0fcdfffb310e3592d1e514cc72fbaaed9aa
label-format	white_oak_211670015.jpg	CC0	https://www.inaturalist.org/observations/211670015	https://inaturalist-open-data.s3.amazonaws.com/photos/374168243/medium.jpg	082e37900691ba3c457e92a8a651fa966e1f0a805e8618f4dde9238da3ce6e86
fixture	red_oak_363799243.jpg	CC0	https://www.inaturalist.org/observations/363799243	https://inaturalist-open-data.s3.amazonaws.com/photos/664105168/medium.jpg	c98f1d8315ca61fd1464f7736dcfd6912eaac3995c73a53bb9d2575634f66179
plant	oak_398522729.jpg	CC0	https://www.inaturalist.org/observations/398522729	https://inaturalist-open-data.s3.amazonaws.com/photos/731065025/medium.jpg	97ea2ac02f0b2347bd5d08c98f750a956f56d2ec250b951ca046ce182fc1add0
plant	oak_398522443.jpg	CC0	https://www.inaturalist.org/observations/398522443	https://inaturalist-open-data.s3.amazonaws.com/photos/731064423/medium.jpg	6b7d9c15f507f8b5b58f4fa391b3a218c58f21fbf3ee7d91f8c4164b87ed6e12
plant	oak_43604874.jpg	CC0	https://www.inaturalist.org/observations/43604874	https://inaturalist-open-data.s3.amazonaws.com/photos/69177805/medium.jpg	6da34c27041f5d236bc45d0778a553fd04ce8b5af9d6517580ae36ecba422fd2
plant	oak_309119391.jpg	CC0	https://www.inaturalist.org/observations/309119391	https://inaturalist-open-data.s3.amazonaws.com/photos/557773568/medium.jpg	d5550ead44d80166484bdf6f1b46df81d11c744503fd0fa0b72c3c66e9eabbe5
plant	oak_53007204.jpg	CC0	https://www.inaturalist.org/observations/53007204	https://inaturalist-open-data.s3.amazonaws.com/photos/84291272/medium.jpeg	e9976b0098edb810282780b844265d05dcb9c387b9dd62205497f288fb8d3e32
plant	oak_318311909.jpg	CC0	https://www.inaturalist.org/observations/318311909	https://inaturalist-open-data.s3.amazonaws.com/photos/575277212/medium.jpg	0ebc40b0951d5d98742a271a2d1c69d93733b3ffa08ccaf40e0b2af6d01c36b3
plant	oak_363790437.jpg	CC0	https://www.inaturalist.org/observations/363790437	https://inaturalist-open-data.s3.amazonaws.com/photos/664088098/medium.jpg	41aaa9c069c612ab8611b5a2d194804aa5ee86e2b4bec5ae32a307e1ab452258
plant	oak_328991174.jpg	CC0	https://www.inaturalist.org/observations/328991174	https://inaturalist-open-data.s3.amazonaws.com/photos/596269341/medium.jpg	0fb7b9c36c459bfbe2ab016e4a805389c25f95874e01a40401a897d48b4128e3
plant	oak_314494391.jpg	CC0	https://www.inaturalist.org/observations/314494391	https://inaturalist-open-data.s3.amazonaws.com/photos/568026981/medium.jpg	113ea55cb85664eff15ff4f6b7574f336ef25a186e750cc63433754dd23f38e6
plant	oak_237720737.jpg	CC0	https://www.inaturalist.org/observations/237720737	https://inaturalist-open-data.s3.amazonaws.com/photos/423107584/medium.jpeg	6cc706d51345cc715752411c61217faad8e713e9e743224039066e3f3c979071
plant	pine_71622438.jpg	CC0	https://www.inaturalist.org/observations/71622438	https://inaturalist-open-data.s3.amazonaws.com/photos/116637336/medium.jpg	4f25234ece1da81ff75573ff3be00093d78a052e0e04b60d6fd6e0567a6b8d40
plant	pine_360502159.jpg	CC0	https://www.inaturalist.org/observations/360502159	https://inaturalist-open-data.s3.amazonaws.com/photos/657818500/medium.jpg	69b82968d893d663c1434e6601f4aba2b2491e38e74d34fea6412ed3198c6462
plant	pine_109885814.jpg	CC0	https://www.inaturalist.org/observations/109885814	https://inaturalist-open-data.s3.amazonaws.com/photos/185284511/medium.jpeg	9c137034f58d0d7ef484b454d98d6816c6538b06845aceae1f56f8d64f08110e
plant	pine_360501929.jpg	CC0	https://www.inaturalist.org/observations/360501929	https://inaturalist-open-data.s3.amazonaws.com/photos/657818102/medium.jpg	8dc3e03f87e6094d6667b38ccc7572b4263e857048e58bb7560840a5c6c25130
plant	pine_353810852.jpg	CC0	https://www.inaturalist.org/observations/353810852	https://inaturalist-open-data.s3.amazonaws.com/photos/645504619/medium.jpg	b1ced23affc11401b872b5ca67337ba10e0e5a96e468ea59b26c9e31ac2e3537
plant	pine_305411590.jpg	CC0	https://www.inaturalist.org/observations/305411590	https://inaturalist-open-data.s3.amazonaws.com/photos/550665015/medium.jpg	41bc514f02593b25e37a6b906cac53654c18210983363037c63d2064af8cfb86
plant	pine_368827308.jpg	CC0	https://www.inaturalist.org/observations/368827308	https://inaturalist-open-data.s3.amazonaws.com/photos/673677103/medium.jpg	c6529c43b7b83a8494a5bf892e5c1695c54b80eb1732449b919ab922b4352c80
plant	pine_274979130.jpg	CC0	https://www.inaturalist.org/observations/274979130	https://inaturalist-open-data.s3.amazonaws.com/photos/494217284/medium.jpg	1066584cf6b0f6be2f1974e57a5664c035328715929acad306dca35c5c3ac2cc
plant	pine_277025434.jpg	CC0	https://www.inaturalist.org/observations/277025434	https://inaturalist-open-data.s3.amazonaws.com/photos/497440656/medium.jpg	96e20da0f6e9b25b8b8d832b538eed15f2fcfad9e52b10c8b4182b97a93a8ead
plant	pine_197008810.jpg	CC0	https://www.inaturalist.org/observations/197008810	https://inaturalist-open-data.s3.amazonaws.com/photos/346875513/medium.jpeg	ba8e1586944872303a7f3f619df84e6a0103882f800a985021e6ab3077ef7367
plant	maple_185909345.jpg	CC0	https://www.inaturalist.org/observations/185909345	https://inaturalist-open-data.s3.amazonaws.com/photos/324775039/medium.jpg	47f447503aa765546cdd584a3efbe77f9580ce36903cf662220c11e6fe4e2730
plant	maple_354467072.jpg	CC0	https://www.inaturalist.org/observations/354467072	https://inaturalist-open-data.s3.amazonaws.com/photos/646651342/medium.jpg	30de29010cb3cc0a0272ff1e946fcf73ca5077573a1dacc47e70a5379c7d8a40
plant	maple_295533115.jpg	CC0	https://www.inaturalist.org/observations/295533115	https://inaturalist-open-data.s3.amazonaws.com/photos/532036769/medium.jpg	f803278c87458a60a002e35193ad8e28d44397468ca50d2e16bbc7b3cd2c2e52
plant	maple_295533286.jpg	CC0	https://www.inaturalist.org/observations/295533286	https://inaturalist-open-data.s3.amazonaws.com/photos/532037126/medium.jpg	d4cb24e3e3d7edd99f003ab17c6f6fb480074e82aff23143beaa9a13f662ee5f
plant	maple_292509018.jpg	CC0	https://www.inaturalist.org/observations/292509018	https://inaturalist-open-data.s3.amazonaws.com/photos/526395302/medium.jpg	3e1bc433e8901975d95b1a43537d1a4eaf48078c9f12880879deea7f070b6c28
plant	maple_285639441.jpg	CC0	https://www.inaturalist.org/observations/285639441	https://inaturalist-open-data.s3.amazonaws.com/photos/513429650/medium.jpg	8347b7a528b6ac10aa6b582fa3b20fc04b3f4e33249558404935576a18126e1a
plant	maple_72135812.jpg	CC0	https://www.inaturalist.org/observations/72135812	https://inaturalist-open-data.s3.amazonaws.com/photos/117554008/medium.jpeg	f8f2c2c2285218ee8b7e561dbdf1eb8f6d0721f77e50fdd477594fa7e0748fad
plant	maple_74594102.jpg	CC0	https://www.inaturalist.org/observations/74594102	https://inaturalist-open-data.s3.amazonaws.com/photos/121932772/medium.jpg	f3e8670f5f3bf33beed773b2aec773619abea27ed99f6b8c871f2d12278f13d9
plant	maple_241038100.jpg	CC0	https://www.inaturalist.org/observations/241038100	https://inaturalist-open-data.s3.amazonaws.com/photos/429526046/medium.jpg	9ed55649adb221708c9457ebcd91b56b3bebb35408d6552f8717d6ab7093a282
plant	maple_174967757.jpg	CC0	https://www.inaturalist.org/observations/174967757	https://inaturalist-open-data.s3.amazonaws.com/photos/304030175/medium.jpg	b62eb83b365c75a15099068ea59c9e4d2e6c4bd3ce5f8842aa5945b380b962e6
plant	sweetgum_267797916.jpg	CC0	https://www.inaturalist.org/observations/267797916	https://inaturalist-open-data.s3.amazonaws.com/photos/481294863/medium.jpg	d186a468c9f32a1ff5fd2965b859c91368c8e20c3e41e4d7833cc7c6a745ade2
plant	sweetgum_186693668.jpg	CC0	https://www.inaturalist.org/observations/186693668	https://inaturalist-open-data.s3.amazonaws.com/photos/326318358/medium.jpg	92bc1a9bbfbe608aee3513de3832bb6aeca58a96f24cd5c57df1203fab56de75
plant	sweetgum_93428583.jpg	CC0	https://www.inaturalist.org/observations/93428583	https://inaturalist-open-data.s3.amazonaws.com/photos/154843191/medium.jpeg	37816910e4b1bde601fbf4c6c5c80ebfd44813f0d6cb095f2b1944390d3ed1f1
plant	sweetgum_96329510.jpg	CC0	https://www.inaturalist.org/observations/96329510	https://inaturalist-open-data.s3.amazonaws.com/photos/160019429/medium.jpeg	0abeb7e9493e90dfa287a8c25d2b88c65ecde10fa0037c5278e1668ffb84076e
plant	sweetgum_75817784.jpg	CC0	https://www.inaturalist.org/observations/75817784	https://inaturalist-open-data.s3.amazonaws.com/photos/124065127/medium.jpg	334c0870b6113377a65606577bfc3b98f924f9c2dec3bf4956a6e69eb0703496
plant	sweetgum_388029933.jpg	CC0	https://www.inaturalist.org/observations/388029933	https://inaturalist-open-data.s3.amazonaws.com/photos/710615001/medium.jpg	70ad2932cac8c59870a1948265a634b980db2c97378affb547522941b9d39978
plant	sweetgum_162228324.jpg	CC0	https://www.inaturalist.org/observations/162228324	https://inaturalist-open-data.s3.amazonaws.com/photos/280491055/medium.jpeg	15dd1c890c8f3b4220095b2c00bfbf7a7f0e9d39ada62e975153207154768948
plant	sweetgum_235845659.jpg	CC0	https://www.inaturalist.org/observations/235845659	https://inaturalist-open-data.s3.amazonaws.com/photos/419496728/medium.jpeg	6d5d146184b2b136368ef0ab2f32b81c78ebd850e98e08ff06a80b838c617b9a
plant	sweetgum_196672785.jpg	CC0	https://www.inaturalist.org/observations/196672785	https://inaturalist-open-data.s3.amazonaws.com/photos/346196203/medium.jpg	6aac4f58e6f5a5484e235c740e92f1a44861cd5cac0e9885920949c42f215607
plant	sweetgum_267206868.jpg	CC0	https://www.inaturalist.org/observations/267206868	https://inaturalist-open-data.s3.amazonaws.com/photos/480167934/medium.jpeg	288a7ceae657357d034806820381dd66aa190a8abd0382a8ee4326f478a91fa2
plant	fern_198652148.jpg	CC0	https://www.inaturalist.org/observations/198652148	https://inaturalist-open-data.s3.amazonaws.com/photos/350178396/medium.jpeg	244d79ec0aba53bc3a0f41ff4046289f8611a97288d94cb8d2d4fb2d17c7d717
plant	fern_357862311.jpg	CC0	https://www.inaturalist.org/observations/357862311	https://inaturalist-open-data.s3.amazonaws.com/photos/652758435/medium.jpg	2c9c7db8bdc9ad38a6d3ce13a6c6d021b885069becbb33e478f1264089cfcc0c
plant	fern_322314909.jpg	CC0	https://www.inaturalist.org/observations/322314909	https://inaturalist-open-data.s3.amazonaws.com/photos/583049486/medium.jpg	1e0da393e2a0852d7da1c6043145b0cde3d3734fcd7152bb22b29b5734db9643
plant	fern_143646740.jpg	CC0	https://www.inaturalist.org/observations/143646740	https://inaturalist-open-data.s3.amazonaws.com/photos/246389380/medium.jpeg	57cc5bc53c7a75ed9e55a637b38f930aff66f2f6b6257abbb644426a0b546f61
plant	fern_162459455.jpg	CC0	https://www.inaturalist.org/observations/162459455	https://inaturalist-open-data.s3.amazonaws.com/photos/280936407/medium.jpeg	fa97e1e462dff0e853fc0022df51f96f5e9c1348a483d844310294b80b1ec2e7
plant	fern_174559357.jpg	CC0	https://www.inaturalist.org/observations/174559357	https://inaturalist-open-data.s3.amazonaws.com/photos/303268773/medium.jpg	da9d605976cc16c71ed7b5933a058b8e79006364f1f219dba96cf96f076c6da0
plant	fern_190724351.jpg	CC0	https://www.inaturalist.org/observations/190724351	https://inaturalist-open-data.s3.amazonaws.com/photos/334460241/medium.jpg	4aa36746f4e5a9e623822e574f353a7d79759676d7fcf047ba7dceba8de5b36a
plant	fern_324782570.jpg	CC0	https://www.inaturalist.org/observations/324782570	https://inaturalist-open-data.s3.amazonaws.com/photos/587919652/medium.jpg	a2e32eb76c4aabc6486ea8d3ce0beb811fcab851d608dacdd93cd8d49c906da2
plant	fern_113298380.jpg	CC0	https://www.inaturalist.org/observations/113298380	https://inaturalist-open-data.s3.amazonaws.com/photos/191441120/medium.jpeg	f88fdfe6235629562544ac64eb565db5bde91c1adeea4d0ef334fe60ab1b4f62
plant	fern_7288531.jpg	CC0	https://www.inaturalist.org/observations/7288531	https://inaturalist-open-data.s3.amazonaws.com/photos/9427292/medium.jpg	f4a33679b3e0bdc9a319ba254e45411aa9b7989a6a4f3e57f4e9e6d65c3c8efa
plant	clover_360420143.jpg	CC0	https://www.inaturalist.org/observations/360420143	https://inaturalist-open-data.s3.amazonaws.com/photos/657664227/medium.jpg	536aa3f4a8ff28768d4c88c77d28c687b209aa61d045627028b4d06ec2a94163
plant	clover_116135166.jpg	CC0	https://www.inaturalist.org/observations/116135166	https://inaturalist-open-data.s3.amazonaws.com/photos/196010295/medium.jpeg	d454399f128050f881d52be0ed730d679d2f0cc7b61768040124d8e1b574dc68
plant	clover_21647604.jpg	CC0	https://www.inaturalist.org/observations/21647604	https://inaturalist-open-data.s3.amazonaws.com/photos/33514857/medium.jpeg	f36593ad92e85142ac74227a6513cd5e9f6426c4a89fd4a3ba57f75d27beba0f
plant	clover_148398490.jpg	CC0	https://www.inaturalist.org/observations/148398490	https://inaturalist-open-data.s3.amazonaws.com/photos/255544550/medium.jpeg	c96e2adf8076655f9fc3b4bffc657c6e54e3826685acea1698e254c9d03181d2
plant	clover_166931416.jpg	CC0	https://www.inaturalist.org/observations/166931416	https://inaturalist-open-data.s3.amazonaws.com/photos/289115378/medium.jpg	d519aa7323f0d8b634f42de36acedb017eb0e7ffdc30fb84097a1d26057013d6
plant	clover_295532142.jpg	CC0	https://www.inaturalist.org/observations/295532142	https://inaturalist-open-data.s3.amazonaws.com/photos/532034650/medium.jpg	9159504874e066461dcc4730e130b8c090c5b6736a6a7c21ab3ff17769b02722
plant	clover_347184606.jpg	CC0	https://www.inaturalist.org/observations/347184606	https://inaturalist-open-data.s3.amazonaws.com/photos/632993096/medium.jpg	f78cce1fa4d0d6155e5156f7719cfa6cfd51714ca5394a8047999d44f58fc437
plant	clover_368882118.jpg	CC0	https://www.inaturalist.org/observations/368882118	https://inaturalist-open-data.s3.amazonaws.com/photos/673783924/medium.jpg	ed1cfc4ea1a35687e08df308b2fbda45df73ce19ee3be6c467aa3991de4a173d
plant	clover_391225110.jpg	CC0	https://www.inaturalist.org/observations/391225110	https://inaturalist-open-data.s3.amazonaws.com/photos/716834003/medium.jpg	0426da44a050026ab23c22567d0e689db248fc311bd6913657f5520869165fbc
plant	clover_270225229.jpg	CC0	https://www.inaturalist.org/observations/270225229	https://inaturalist-open-data.s3.amazonaws.com/photos/485950156/medium.jpeg	2492f06b51b65014d76687fd91f18523733edb17f56888e724d4e9412f31f14e
plant	dandelion_345312783.jpg	CC0	https://www.inaturalist.org/observations/345312783	https://inaturalist-open-data.s3.amazonaws.com/photos/629285572/medium.jpg	12e278bafeb4fda35c2c72f3e046e1b5d5c29ddef1d07b6bac51763948663fb8
plant	dandelion_21582736.jpg	CC0	https://www.inaturalist.org/observations/21582736	https://inaturalist-open-data.s3.amazonaws.com/photos/33407222/medium.jpeg	712e0e8a642e1a1ff1c03fb75191d9eeeb5c24ced041102a8f196f3738f45955
plant	dandelion_108365053.jpg	CC0	https://www.inaturalist.org/observations/108365053	https://inaturalist-open-data.s3.amazonaws.com/photos/182435819/medium.jpeg	d79804d3bc969c619a28955f2b0b3de40f31dd21d1d2136e89f6b5a50d88207f
plant	dandelion_109409921.jpg	CC0	https://www.inaturalist.org/observations/109409921	https://inaturalist-open-data.s3.amazonaws.com/photos/184394290/medium.jpeg	bfc1951b0fd5b7a2bb4c8ea7e5a31fcd581783db9a820d53512a3ea95ed951cf
plant	dandelion_201936576.jpg	CC0	https://www.inaturalist.org/observations/201936576	https://inaturalist-open-data.s3.amazonaws.com/photos/356553018/medium.jpeg	54d8ee7a3739a3d9b489dcace864be24367307e8b82e6b751ff0b060a512a6bf
plant	dandelion_114940138.jpg	CC0	https://www.inaturalist.org/observations/114940138	https://inaturalist-open-data.s3.amazonaws.com/photos/194034564/medium.jpg	a76150a872404e95f3335d5930408a9da2468be2a671b67007da14c926726ad4
plant	dandelion_39469049.jpg	CC0	https://www.inaturalist.org/observations/39469049	https://inaturalist-open-data.s3.amazonaws.com/photos/62624234/medium.jpeg	ad53248d89fc9c1e6b099aa8d17b1e48e419daeaa11b26731a80694c18aac4a9
plant	dandelion_65700688.jpg	CC0	https://www.inaturalist.org/observations/65700688	https://inaturalist-open-data.s3.amazonaws.com/photos/105789193/medium.jpeg	b6d6d09134c34cbe016b9ecd6b17c83273fc039eb498618f5933e23d33970952
plant	dandelion_143959013.jpg	CC0	https://www.inaturalist.org/observations/143959013	https://inaturalist-open-data.s3.amazonaws.com/photos/246983555/medium.jpeg	8e63cc52f605d9f314052e48bd2fced2c515e0325f073920c29e584a324e58b9
plant	dandelion_96999892.jpg	CC0	https://www.inaturalist.org/observations/96999892	https://inaturalist-open-data.s3.amazonaws.com/photos/161230473/medium.jpeg	7a28994177919c577d6a7bfc79cb06478e87c739314e17d3712ad856f18960ab
plant	moss_206167235.jpg	CC0	https://www.inaturalist.org/observations/206167235	https://inaturalist-open-data.s3.amazonaws.com/photos/364618373/medium.jpg	c51fefb5d3b6f484b4ba840f2ef9342587e4a1f46967b02755237ddb8d93bf19
plant	moss_327767764.jpg	CC0	https://www.inaturalist.org/observations/327767764	https://inaturalist-open-data.s3.amazonaws.com/photos/593846951/medium.jpg	aea79f2049e3edffdac58a6b46b55b14ad19323660dddf74964605cb0f0983c0
plant	moss_99283572.jpg	CC0	https://www.inaturalist.org/observations/99283572	https://inaturalist-open-data.s3.amazonaws.com/photos/165475485/medium.jpeg	58318a073852a216e882d3917d62b890a56714a51080250336c94fba65f6264a
plant	moss_74700272.jpg	CC0	https://www.inaturalist.org/observations/74700272	https://inaturalist-open-data.s3.amazonaws.com/photos/122120116/medium.jpg	739b9f04a073413895c365234629c66c517f62fa652913276a882107ed67eda4
plant	moss_150743932.jpg	CC0	https://www.inaturalist.org/observations/150743932	https://inaturalist-open-data.s3.amazonaws.com/photos/259988322/medium.jpeg	aee814c1ef84abc36ff9378f79e913a16ba6a64963b103b7887bb7078a52d6c1
plant	moss_35300641.jpg	CC0	https://www.inaturalist.org/observations/35300641	https://inaturalist-open-data.s3.amazonaws.com/photos/55649792/medium.jpeg	0d2d069c13324282711a9f4a7d97c1416bd30fa45162c09e2856cd461a271199
plant	moss_297775299.jpg	CC0	https://www.inaturalist.org/observations/297775299	https://inaturalist-open-data.s3.amazonaws.com/photos/536307782/medium.jpg	1c8fac9f146bc37f60f3dba74cc04a652e030c8a960a144be1244c88a4b0b514
plant	moss_22263131.jpg	CC0	https://www.inaturalist.org/observations/22263131	https://inaturalist-open-data.s3.amazonaws.com/photos/34475481/medium.jpg	e68c438b189ffac541d82e23bed75a31c35dbb725594bd7cc9394c6cf4d0a277
plant	moss_257263778.jpg	CC0	https://www.inaturalist.org/observations/257263778	https://inaturalist-open-data.s3.amazonaws.com/photos/461463917/medium.jpeg	834332292de4862ea808500c502aad3414c278f6c1bab81ae95e99e2577b8ccd
plant	moss_265577121.jpg	CC0	https://www.inaturalist.org/observations/265577121	https://inaturalist-open-data.s3.amazonaws.com/photos/477053267/medium.jpeg	5e2703ee11f56955c9c5d8c76521d2affdc2da35a715720d93ec82f7b69e74f4
plant	magnolia_351718841.jpg	CC0	https://www.inaturalist.org/observations/351718841	https://inaturalist-open-data.s3.amazonaws.com/photos/641886059/medium.jpg	2f595d94a719464bbaeedd7d6ec26569ae887ccb3626234dfb19d237910f91b3
plant	magnolia_357301974.jpg	CC0	https://www.inaturalist.org/observations/357301974	https://inaturalist-open-data.s3.amazonaws.com/photos/651665183/medium.jpg	4c2bd2a50ae88aa44a8de98bc975dd6df27f2a21c5385190e057db518409035b
plant	magnolia_219012133.jpg	CC0	https://www.inaturalist.org/observations/219012133	https://inaturalist-open-data.s3.amazonaws.com/photos/387608859/medium.jpg	fcfdc36f359c221255132b98a318ee934b9e26ffaf171baae71e4b14935399f3
plant	magnolia_251177662.jpg	CC0	https://www.inaturalist.org/observations/251177662	https://inaturalist-open-data.s3.amazonaws.com/photos/449380526/medium.jpeg	ffe468d9bc383f3fa077c76b3602e150ac2a6ee9d3a6a318901b8ea3c49dfd98
plant	magnolia_371399763.jpg	CC0	https://www.inaturalist.org/observations/371399763	https://inaturalist-open-data.s3.amazonaws.com/photos/678569976/medium.jpg	00fd6ec49421fa29681c9205e31758695d4229a06f1f3c0acad8b5a88b739a88
plant	magnolia_60627713.jpg	CC0	https://www.inaturalist.org/observations/60627713	https://inaturalist-open-data.s3.amazonaws.com/photos/96958714/medium.jpg	f62ac154afb9cae97ae7a8616d5adf7040e2736221c022248032068f800d7423
plant	magnolia_60606688.jpg	CC0	https://www.inaturalist.org/observations/60606688	https://inaturalist-open-data.s3.amazonaws.com/photos/96923080/medium.jpg	86921f351b85aeafd2360e25baa15268019561cc05871fcbab3ca83a6483de21
plant	magnolia_164228758.jpg	CC0	https://www.inaturalist.org/observations/164228758	https://inaturalist-open-data.s3.amazonaws.com/photos/284129361/medium.jpeg	30cae0b8409e37ca156bd50d0b69ce898e0d13c118f1fadb7275d4aeedea127b
plant	magnolia_118925907.jpg	CC0	https://www.inaturalist.org/observations/118925907	https://inaturalist-open-data.s3.amazonaws.com/photos/200989266/medium.jpeg	2d1946705f41914a0ef5c1b6eb32439c7674194a8871574613e30962863d3aec
plant	magnolia_80465557.jpg	CC0	https://www.inaturalist.org/observations/80465557	https://inaturalist-open-data.s3.amazonaws.com/photos/131887585/medium.jpg	c154f2d9d2e85caab9dc4d8fba31a2685d66230246223fff74d4b9e78dc6192a
plant	violet_272831934.jpg	CC0	https://www.inaturalist.org/observations/272831934	https://inaturalist-open-data.s3.amazonaws.com/photos/490884694/medium.jpg	4dd088eb2f8b1dfec83280e02e4d03617c6aa394a334e69cf8c603e615779e44
plant	violet_347694786.jpg	CC0	https://www.inaturalist.org/observations/347694786	https://inaturalist-open-data.s3.amazonaws.com/photos/633995531/medium.jpg	246a25da22b4d84fcd82d28a58d3525c9a17d157df8056628a9365531fae6b18
plant	violet_156481315.jpg	CC0	https://www.inaturalist.org/observations/156481315	https://inaturalist-open-data.s3.amazonaws.com/photos/270589937/medium.jpg	e7940b272aca3dc37eb7feeb3c58c663ad1edc435af3b51ad415444dd35cf55d
plant	violet_74595584.jpg	CC0	https://www.inaturalist.org/observations/74595584	https://inaturalist-open-data.s3.amazonaws.com/photos/121935530/medium.jpg	9372a4e3f9ddd5bd3baa053f096ed3f403bcb88cbedbb20f54378e31a0a28815
plant	violet_113009335.jpg	CC0	https://www.inaturalist.org/observations/113009335	https://inaturalist-open-data.s3.amazonaws.com/photos/190931041/medium.jpeg	17c9a79ecbf877bdd60deff275a7747d11e91236fa57d1d7f01960b5de5eda5d
plant	violet_109797658.jpg	CC0	https://www.inaturalist.org/observations/109797658	https://inaturalist-open-data.s3.amazonaws.com/photos/185120329/medium.jpeg	5ef2989c3069418f289e5bc0b0cc197e92230105d6709a6399409a54f36b4d61
plant	violet_153884718.jpg	CC0	https://www.inaturalist.org/observations/153884718	https://inaturalist-open-data.s3.amazonaws.com/photos/265839407/medium.jpeg	31e5e8d1c7b1204661f5af37173caff34d89a22021d1ccc40d3b599441b5a0a5
plant	violet_151894066.jpg	CC0	https://www.inaturalist.org/observations/151894066	https://inaturalist-open-data.s3.amazonaws.com/photos/262152698/medium.jpeg	b8eb43c5f81e79498b3610200d971f18b6f6d7f9f311aacfbdeec108773f3020
plant	violet_343819870.jpg	CC0	https://www.inaturalist.org/observations/343819870	https://inaturalist-open-data.s3.amazonaws.com/photos/626376497/medium.jpg	7b01a13a33c2f6891a4c548f740ae197d881e42b88b72b10969202fd2b4a2bc1
plant	violet_7871180.jpg	CC0	https://www.inaturalist.org/observations/7871180	https://inaturalist-open-data.s3.amazonaws.com/photos/10373212/medium.jpg	26629db435099f1fe29ade1f89361fc42eee141945637a6de9e9e6a80fb4c328
plant	honeysuckle_3323351.jpg	CC0	https://www.inaturalist.org/observations/3323351	https://inaturalist-open-data.s3.amazonaws.com/photos/3838926/medium.jpg	003059a47106e0508ed7cac9bcdf3f9c0b8b0974d605398a2f7d8e157e749467
plant	honeysuckle_300966429.jpg	CC0	https://www.inaturalist.org/observations/300966429	https://inaturalist-open-data.s3.amazonaws.com/photos/542306894/medium.jpg	f8d5974a3844bc3bcf6486016e48b1df96f0a36d8a2546b865bc82a5e89a632a
plant	honeysuckle_19540307.jpg	CC0	https://www.inaturalist.org/observations/19540307	https://inaturalist-open-data.s3.amazonaws.com/photos/30073447/medium.jpeg	24608a12715e46b55adefeca2557d20dc3c409845bb98f439bcbb1467f49feb3
plant	honeysuckle_28400905.jpg	CC0	https://www.inaturalist.org/observations/28400905	https://inaturalist-open-data.s3.amazonaws.com/photos/44271142/medium.jpeg	9978b7a6bebac8858564299a6f427f7efb06f22ec30130c9fddaf0c831809395
plant	honeysuckle_36945277.jpg	CC0	https://www.inaturalist.org/observations/36945277	https://inaturalist-open-data.s3.amazonaws.com/photos/58484866/medium.jpeg	67e21a0f693bad0a50b2c2f9f8752fdec080200d9e398bafa1372f1b33848cb2
plant	honeysuckle_161677638.jpg	CC0	https://www.inaturalist.org/observations/161677638	https://inaturalist-open-data.s3.amazonaws.com/photos/279475153/medium.jpeg	fe2f0c5d83b88bffd5f83b17dc282c62a0813ed2c2bff17a38d2d69f17e07fb9
plant	honeysuckle_79931175.jpg	CC0	https://www.inaturalist.org/observations/79931175	https://inaturalist-open-data.s3.amazonaws.com/photos/130959525/medium.jpeg	cb58dab7742f3cf7cf05bbafb24e07c1e7886cf46c4376a9a2bee8ef59c40740
plant	honeysuckle_74726760.jpg	CC0	https://www.inaturalist.org/observations/74726760	https://inaturalist-open-data.s3.amazonaws.com/photos/122168338/medium.jpg	53c30d493ff7be13ab0d07916187260de245f37bf3e049b970b51df554292efe
plant	honeysuckle_24854627.jpg	CC0	https://www.inaturalist.org/observations/24854627	https://inaturalist-open-data.s3.amazonaws.com/photos/38442250/medium.jpg	6f648ba3dc578d7d1cbe964d7d03dc1015404a523a8a735d42f30c0796dadada
plant	honeysuckle_345692495.jpg	CC0	https://www.inaturalist.org/observations/345692495	https://inaturalist-open-data.s3.amazonaws.com/photos/630036113/medium.jpg	d9109b95d01ff308e6e6084b8b98dd68fc6654df774bbdbc677a28f7d58fc29e
plant	poison_ivy_187310885.jpg	CC0	https://www.inaturalist.org/observations/187310885	https://inaturalist-open-data.s3.amazonaws.com/photos/327539223/medium.jpg	eb080db81593e8a953a1f7861dd00e88d449148cdff98146c96363cd99d927a8
plant	poison_ivy_120385547.jpg	CC0	https://www.inaturalist.org/observations/120385547	https://inaturalist-open-data.s3.amazonaws.com/photos/203605382/medium.jpeg	143ec0dad69402d9331f8c327463b132f8b10c8bc583ef845327744a6519202f
plant	poison_ivy_267986184.jpg	CC0	https://www.inaturalist.org/observations/267986184	https://inaturalist-open-data.s3.amazonaws.com/photos/481654623/medium.jpg	fb854d9521dbd623cddcdfbfdfe6532b26d8ec32b7e527421eb3b5e6cd2e55ce
plant	poison_ivy_161804350.jpg	CC0	https://www.inaturalist.org/observations/161804350	https://inaturalist-open-data.s3.amazonaws.com/photos/279709241/medium.jpg	62121c5d43ff47d364f026e57e9c12d89a333066f98ce961577aa75a234f3f6e
plant	poison_ivy_177285710.jpg	CC0	https://www.inaturalist.org/observations/177285710	https://inaturalist-open-data.s3.amazonaws.com/photos/308320728/medium.jpeg	bf8ecde18c912b1392e1ba572172752128cd78ae56f06b8a9a324c3d821d62fb
plant	poison_ivy_170203141.jpg	CC0	https://www.inaturalist.org/observations/170203141	https://inaturalist-open-data.s3.amazonaws.com/photos/295171442/medium.jpeg	497268a520a0963fe86ac8d0203cb7f0a8aa97259606003dcea25d9b4e0178b4
plant	poison_ivy_293267010.jpg	CC0	https://www.inaturalist.org/observations/293267010	https://inaturalist-open-data.s3.amazonaws.com/photos/527833442/medium.jpg	e1dc091b121ffafb40e09bb7f52419648f57db161d95f0c09085cb1dfb9474c1
plant	poison_ivy_207844923.jpg	CC0	https://www.inaturalist.org/observations/207844923	https://inaturalist-open-data.s3.amazonaws.com/photos/367683404/medium.jpg	7dc819d37994d31e25cd534ea037a8cea4c929a912e2f4deddb599fc1ea6a07b
plant	poison_ivy_13112921.jpg	CC0	https://www.inaturalist.org/observations/13112921	https://inaturalist-open-data.s3.amazonaws.com/photos/19112683/medium.jpeg	b3933329367c84daa49a9b7de7660ed71e748c4e700b0fb0c0713b2a6a1e3c36
plant	poison_ivy_274901221.jpg	CC0	https://www.inaturalist.org/observations/274901221	https://inaturalist-open-data.s3.amazonaws.com/photos/494092076/medium.jpg	752858b8640ec63b1507722512a3a0f87d595c2a91acc399f4bf9d65146c9730
plant	poison_oak_357861641.jpg	CC0	https://www.inaturalist.org/observations/357861641	https://inaturalist-open-data.s3.amazonaws.com/photos/652757299/medium.jpg	9ba2339ce8aa3ce5a45fd0448fb621a2ca376e353979a0ef29ce61d2b2c8b910
plant	poison_oak_154626076.jpg	CC0	https://www.inaturalist.org/observations/154626076	https://inaturalist-open-data.s3.amazonaws.com/photos/267192839/medium.jpeg	5028d86fc31a5673431cdc5c9c4c724360b8aeb8386eff4f278329ef6b3b275f
plant	poison_oak_388255640.jpg	CC0	https://www.inaturalist.org/observations/388255640	https://inaturalist-open-data.s3.amazonaws.com/photos/711060002/medium.jpg	ed0be97a948136c7da887f047a944d18206cd06b3ad346aece4b4142586754c9
plant	poison_oak_27883238.jpg	CC0	https://www.inaturalist.org/observations/27883238	https://inaturalist-open-data.s3.amazonaws.com/photos/43427840/medium.jpeg	cf86c28fbff9f2ed1ca8d29879cfdffe60aec7115672a3bec1b7e3dbd913bf22
plant	poison_oak_247037740.jpg	CC0	https://www.inaturalist.org/observations/247037740	https://inaturalist-open-data.s3.amazonaws.com/photos/441132301/medium.jpeg	c3bebcc03666e927ccf2d15fea2b1ad5b235bc767374bab422cf201950070905
plant	poison_oak_118524258.jpg	CC0	https://www.inaturalist.org/observations/118524258	https://inaturalist-open-data.s3.amazonaws.com/photos/200264462/medium.jpg	3b4852e9f89c6e9185b2223979a9ee7089704938c4333fb42673b6535decf16c
plant	poison_oak_239391316.jpg	CC0	https://www.inaturalist.org/observations/239391316	https://inaturalist-open-data.s3.amazonaws.com/photos/426353977/medium.jpeg	165587ecc145ac32f78c9b1b9b29274b60a6acf12dad987a03d322c948504032
plant	poison_oak_98440726.jpg	CC0	https://www.inaturalist.org/observations/98440726	https://inaturalist-open-data.s3.amazonaws.com/photos/163894686/medium.jpg	d2c65093087ef6f96cc6189655d0243b5917e7f5df16ed408b1dae61a9ac5dc0
plant	poison_oak_46634260.jpg	CC0	https://www.inaturalist.org/observations/46634260	https://inaturalist-open-data.s3.amazonaws.com/photos/73963858/medium.jpeg	333de15cb61df9199b1b593496c88ddb4e45d6b9204a83e1e5d4987f7927f90b
plant	poison_oak_14221611.jpg	CC0	https://www.inaturalist.org/observations/14221611	https://inaturalist-open-data.s3.amazonaws.com/photos/21099690/medium.jpg	b9e50212f6964d081674d7244fb188e8e1804440d4a7f952fe12495272d255ac
plant	poison_sumac_387448086.jpg	CC0	https://www.inaturalist.org/observations/387448086	https://inaturalist-open-data.s3.amazonaws.com/photos/709486814/medium.jpg	a91f506b584c2d4883a49e526a5f7377ced6429d866d7e5514e5666d6aa10c0d
plant	poison_sumac_3140581.jpg	CC0	https://www.inaturalist.org/observations/3140581	https://inaturalist-open-data.s3.amazonaws.com/photos/3634442/medium.jpg	46e74104dcacdff614aeddeac4eb115eb15952fb9b45f2ed9c9e0d70eee93620
plant	poison_sumac_396031193.jpg	CC0	https://www.inaturalist.org/observations/396031193	https://inaturalist-open-data.s3.amazonaws.com/photos/726232163/medium.jpg	9e7de8e4a12d052049802e77de32aec0b17d40eefbcc1621fe3a60c3ad2543b2
plant	poison_sumac_396810195.jpg	CC0	https://www.inaturalist.org/observations/396810195	https://inaturalist-open-data.s3.amazonaws.com/photos/727720056/medium.jpg	124c81264066735ca79dc194f6019a94148165ec44b3620aad3f1a1857d75aa7
plant	poison_sumac_397844618.jpg	CC0	https://www.inaturalist.org/observations/397844618	https://inaturalist-open-data.s3.amazonaws.com/photos/729734409/medium.jpg	0e67d7d63f721d43286e98cf3fb3a85c4a75613f02abf1d7e9520c2d9d144540
plant	poison_sumac_183875536.jpg	CC0	https://www.inaturalist.org/observations/183875536	https://inaturalist-open-data.s3.amazonaws.com/photos/320861803/medium.jpeg	61831847d7e1eb6c28cf18f83401e4dae39753cf002cdd9f758d2371aa68b742
plant	poison_sumac_233122366.jpg	CC0	https://www.inaturalist.org/observations/233122366	https://inaturalist-open-data.s3.amazonaws.com/photos/414360534/medium.jpeg	5faf2b83bfac204ab2cd7c9f71e1d99565d2ccbb44c9a5ae68d94190878cc7e3
plant	poison_sumac_81163949.jpg	CC0	https://www.inaturalist.org/observations/81163949	https://inaturalist-open-data.s3.amazonaws.com/photos/133093913/medium.jpeg	29d3c34f6d6e1df352ef85401b456fa3b7a15a495f6c15aed6799baa48ca7236
plant	poison_sumac_241642163.jpg	CC0	https://www.inaturalist.org/observations/241642163	https://inaturalist-open-data.s3.amazonaws.com/photos/430691846/medium.jpeg	39e5ca9afa7a5dfdcc8b600e741fe8fc3cce758a151de3ac88fd288371b39d2d
plant	poison_sumac_189283633.jpg	CC0	https://www.inaturalist.org/observations/189283633	https://inaturalist-open-data.s3.amazonaws.com/photos/331534980/medium.jpg	b3ce3cc6d3190eed06aec76d907a770aba651200e63fb22e427c8340e77d5c94
plant	pokeweed_60455060.jpg	CC0	https://www.inaturalist.org/observations/60455060	https://inaturalist-open-data.s3.amazonaws.com/photos/96669752/medium.jpeg	e9f0904d3b7753814e5b4f679991edd1f2371122a6738027f394348838b36793
plant	pokeweed_230542881.jpg	CC0	https://www.inaturalist.org/observations/230542881	https://inaturalist-open-data.s3.amazonaws.com/photos/409361438/medium.jpeg	c070cb15e63f810491fa3ae9b1832fe6f3189fc7646720588bdbef635c542e2d
plant	pokeweed_124308350.jpg	CC0	https://www.inaturalist.org/observations/124308350	https://inaturalist-open-data.s3.amazonaws.com/photos/210685593/medium.jpeg	412bc9a8744a85507e8f947eb58a00da58011755711a3a0bafed4159b00885f3
plant	pokeweed_348788863.jpg	CC0	https://www.inaturalist.org/observations/348788863	https://inaturalist-open-data.s3.amazonaws.com/photos/636170524/medium.jpg	d0a8ed267b1f9b70bc21589eca5be2fddb0d182e88da2adaa939adf5316ccbec
plant	pokeweed_210262679.jpg	CC0	https://www.inaturalist.org/observations/210262679	https://inaturalist-open-data.s3.amazonaws.com/photos/371926108/medium.jpeg	f6c7ee59817de04dfaf46eb16fcf89cbaf380824051f920d48c5b7b0a7f7d688
plant	pokeweed_29634110.jpg	CC0	https://www.inaturalist.org/observations/29634110	https://inaturalist-open-data.s3.amazonaws.com/photos/46258474/medium.jpeg	050518259515c76fef277ffff66549dfab516c357fd069e0831e7b8f76420b3c
plant	pokeweed_388023321.jpg	CC0	https://www.inaturalist.org/observations/388023321	https://inaturalist-open-data.s3.amazonaws.com/photos/710601809/medium.jpg	b7b37bed68cb180efc7e07e2619f776a5787199ac939e156b11b08f2386a6108
plant	pokeweed_157764467.jpg	CC0	https://www.inaturalist.org/observations/157764467	https://inaturalist-open-data.s3.amazonaws.com/photos/272729655/medium.jpg	78e2ac9f49fe4018f8c85b237c6584f4f8c45daabc597c9cac724edcde745f74
plant	pokeweed_87058636.jpg	CC0	https://www.inaturalist.org/observations/87058636	https://inaturalist-open-data.s3.amazonaws.com/photos/143503861/medium.jpeg	470ef99fa2d8eaa9ee5dc6c2baeed7673bf3664108772cadd094c16d11510503
plant	pokeweed_166650461.jpg	CC0	https://www.inaturalist.org/observations/166650461	https://inaturalist-open-data.s3.amazonaws.com/photos/288603601/medium.jpeg	47e97e865c0908ed7cc54ca362535bb82dc47284acc9283458cbb0f5acd6aa0a
plant	horsenettle_128063257.jpg	CC0	https://www.inaturalist.org/observations/128063257	https://inaturalist-open-data.s3.amazonaws.com/photos/217490101/medium.jpeg	3d60d2bb9fca7b3d468949a8a6cc852f544a6fae697c79037d71323bd1adf647
plant	horsenettle_265551501.jpg	CC0	https://www.inaturalist.org/observations/265551501	https://inaturalist-open-data.s3.amazonaws.com/photos/477004687/medium.jpg	b8eae8ac176edc73639c8cafef15cea8c99a441bce724f6e50ee5f42143a7278
plant	horsenettle_217820218.jpg	CC0	https://www.inaturalist.org/observations/217820218	https://inaturalist-open-data.s3.amazonaws.com/photos/385383452/medium.jpeg	5ad2aaeb43449c92d0e08d471759b0b7e4188ba2eeb6f3c8bad4bcec1febb0f6
plant	horsenettle_166822583.jpg	CC0	https://www.inaturalist.org/observations/166822583	https://inaturalist-open-data.s3.amazonaws.com/photos/288917444/medium.jpg	3367c1d49f844337185eaa155d9e30dcfa57581c98c7635671c998c833c419b4
plant	horsenettle_7378512.jpg	CC0	https://www.inaturalist.org/observations/7378512	https://inaturalist-open-data.s3.amazonaws.com/photos/9573160/medium.jpg	c0098a9149e9560dc85eeffe522d579df0d41c6aae0d4e75110a64285aefc422
plant	horsenettle_294427611.jpg	CC0	https://www.inaturalist.org/observations/294427611	https://inaturalist-open-data.s3.amazonaws.com/photos/529952467/medium.jpg	53390d0d7177e1d5ec609c428e9b7857580c94601c48adf4283667ad18e38703
plant	horsenettle_127279141.jpg	CC0	https://www.inaturalist.org/observations/127279141	https://inaturalist-open-data.s3.amazonaws.com/photos/216064359/medium.jpeg	7d22eeb265e20f4b5782176cc184f3f78133ea8cfd95ba956963542385feb2a7
plant	horsenettle_317558499.jpg	CC0	https://www.inaturalist.org/observations/317558499	https://inaturalist-open-data.s3.amazonaws.com/photos/573835861/medium.jpg	bfad303400557268f446cd51fce6ffc6e30a7c42c74da79c0084f82ace054af0
plant	horsenettle_363487826.jpg	CC0	https://www.inaturalist.org/observations/363487826	https://inaturalist-open-data.s3.amazonaws.com/photos/663512454/medium.jpg	c0ab69f76df4cf8062d4d2642fb7616cf4b48fbb1b8de3e43f3df5560a4c07ae
plant	horsenettle_298443769.jpg	CC0	https://www.inaturalist.org/observations/298443769	https://inaturalist-open-data.s3.amazonaws.com/photos/537576899/medium.jpg	edd9f17e31b06c2e159a0ce27cc388afd69006ec21cce7ccdf0e67ae41754922
non-plant	np_dog_26592914.jpg	CC0	https://commons.wikimedia.org/wiki/File:Dog_in_Chacachacare.jpg	https://thumb.wikimedia.org/wikipedia/commons/thumb/2/2b/Dog_in_Chacachacare.jpg/500px-Dog_in_Chacachacare.jpg	c252491108b54b94f05e37ebe17e3f971b6979f67b744c1271d21c734ebb3214
non-plant	np_dog_38582289.jpg	Public domain	https://commons.wikimedia.org/wiki/File:NASA_astronaut_Leland_D._Melvin_with_his_dogs_Jake_and_Scout.jpg	https://thumb.wikimedia.org/wikipedia/commons/thumb/8/80/NASA_astronaut_Leland_D._Melvin_with_his_dogs_Jake_and_Scout.jpg/500px-NASA_astronaut_Leland_D._Melvin_with_his_dogs_Jake_and_Scout.jpg	bae8e92ed407f6279764be21143af36ae44ddeb9deb20cf68e4ff1214be20cba
non-plant	np_cat_68608952.jpg	CC0	https://commons.wikimedia.org/wiki/File:Tabby_cat_with_blue_eyes-3336579.jpg	https://thumb.wikimedia.org/wikipedia/commons/thumb/c/c7/Tabby_cat_with_blue_eyes-3336579.jpg/500px-Tabby_cat_with_blue_eyes-3336579.jpg	48f613bdb485f13cc1d86e6360358bcb598cb4030f38e90561a9c87d7640de4d
non-plant	np_cat_12676003.jpg	Public domain	https://commons.wikimedia.org/wiki/File:Domestic_cat_2011_G02.jpg	https://thumb.wikimedia.org/wikipedia/commons/thumb/5/5c/Domestic_cat_2011_G02.jpg/500px-Domestic_cat_2011_G02.jpg	c346de9be78360b9cd7d15e82925fa8192b147ecd8481f450bce13dc8469c88d
non-plant	np_cat_83442815.jpg	Public domain	https://commons.wikimedia.org/wiki/File:Domestic_cat_2019_G1.jpg	https://thumb.wikimedia.org/wikipedia/commons/thumb/6/6c/Domestic_cat_2019_G1.jpg/500px-Domestic_cat_2019_G1.jpg	1678b859d677cd422f2173e54342645f4c5273a4dc39f8591f2e18064d378ae8
non-plant	np_cat_21376945.jpg	Public domain	https://commons.wikimedia.org/wiki/File:An_Afghan_elder_and_his_cat_sit_outside_his_store_at_the_Anaba_bazaar_in_Panjshir_province,_Afghanistan.jpg	https://thumb.wikimedia.org/wikipedia/commons/thumb/8/85/An_Afghan_elder_and_his_cat_sit_outside_his_store_at_the_Anaba_bazaar_in_Panjshir_province%2C_Afghanistan.jpg/500px-An_Afghan_elder_and_his_cat_sit_outside_his_store_at_the_Anaba_bazaar_in_Panjshir_province%2C_Afghanistan.jpg	582b9cb208e6a09d0ddd1aa148562b6fc73b0b700e2a3b51c77500aa27a63fbc
non-plant	np_bicycle_143875268.jpg	CC0	https://commons.wikimedia.org/wiki/File:Bike_on_a_snowy_street_in_Quebec_City_at_night.jpg	https://thumb.wikimedia.org/wikipedia/commons/thumb/3/30/Bike_on_a_snowy_street_in_Quebec_City_at_night.jpg/500px-Bike_on_a_snowy_street_in_Quebec_City_at_night.jpg	11e66ac85bb4c7eb05fc89b73ec72f575f91267620f5157355483af8cb9a920f
non-plant	np_bicycle_163920035.jpg	CC0	https://commons.wikimedia.org/wiki/File:Man_riding_a_bicycle_in_a_snowstorm_in_Quebec_city,_Quebec,_Canada.jpg	https://thumb.wikimedia.org/wikipedia/commons/thumb/4/4b/Man_riding_a_bicycle_in_a_snowstorm_in_Quebec_city%2C_Quebec%2C_Canada.jpg/500px-Man_riding_a_bicycle_in_a_snowstorm_in_Quebec_city%2C_Quebec%2C_Canada.jpg	e7194c5168984729fb7da6caa6c7c0689d816e82482c22495ac67641f4c593f6
non-plant	np_toy_truck_61338016.jpg	CC0	https://commons.wikimedia.org/wiki/File:Plastic_toy_truck_and_pail_in_sand.jpg	https://thumb.wikimedia.org/wikipedia/commons/thumb/2/29/Plastic_toy_truck_and_pail_in_sand.jpg/500px-Plastic_toy_truck_and_pail_in_sand.jpg	996f60684cca622c924515643294d463629e8cb217dac2accc4c8cf98c09a746
non-plant	np_playground_61722244.jpg	CC0	https://commons.wikimedia.org/wiki/File:Playground.JPG	https://thumb.wikimedia.org/wikipedia/commons/thumb/1/13/Playground.JPG/500px-Playground.JPG	950b6a64596927dcb9badd40b86e79cb99b0c1ad3b109bfedfbf4f78b03178a0
mixed	np_playground_198553608.jpg	CC0	https://commons.wikimedia.org/wiki/File:Fox_playground,_Champ_de_Mars,_Colmar,_2026.jpg	https://thumb.wikimedia.org/wikipedia/commons/thumb/5/5a/Fox_playground%2C_Champ_de_Mars%2C_Colmar%2C_2026.jpg/500px-Fox_playground%2C_Champ_de_Mars%2C_Colmar%2C_2026.jpg	6b0b45077bc59d888f372d08e261d02ff1310ba21b5bcba13006817a1a86d4bc
mixed	np_playground_102609390.jpg	CC0	https://commons.wikimedia.org/wiki/File:Oakhurst_Place_Play_Area,_Brinklehurst_Drive,_Bexhill.jpg	https://thumb.wikimedia.org/wikipedia/commons/thumb/9/98/Oakhurst_Place_Play_Area%2C_Brinklehurst_Drive%2C_Bexhill.jpg/500px-Oakhurst_Place_Play_Area%2C_Brinklehurst_Drive%2C_Bexhill.jpg	dc20940bae101c7b76fc4141f2c94d19ef9caa4457c1923f9098d957c2cf9d75
non-plant	np_car_25211371.jpg	CC0	https://commons.wikimedia.org/wiki/File:Public_transport_share_taxi_in_Maracaibo_city,_Zulia,_Venezuela.jpg	https://thumb.wikimedia.org/wikipedia/commons/thumb/7/7f/Public_transport_share_taxi_in_Maracaibo_city%2C_Zulia%2C_Venezuela.jpg/500px-Public_transport_share_taxi_in_Maracaibo_city%2C_Zulia%2C_Venezuela.jpg	94f08507ca5befd085812931d0ac39cd96e3ad6e336c5154d5858a8be36a727a
non-plant	np_pickup_truck_114984589.jpg	CC0	https://commons.wikimedia.org/wiki/File:Toronto_Police_Mounted_Unit_pickup_truck_with_horse_trailer,_2017_livery.jpg	https://thumb.wikimedia.org/wikipedia/commons/thumb/7/73/Toronto_Police_Mounted_Unit_pickup_truck_with_horse_trailer%2C_2017_livery.jpg/500px-Toronto_Police_Mounted_Unit_pickup_truck_with_horse_trailer%2C_2017_livery.jpg	e7781e2148e8c1780178c9752b7d8e33a7c22677b6421d62fe27b2a392b7ac3d
non-plant	np_pickup_truck_176165368.jpg	CC0	https://commons.wikimedia.org/wiki/File:Chairs_inside_a_Pickup_Truck,_Monastiraki_Square,_Athens,_Greece.jpg	https://thumb.wikimedia.org/wikipedia/commons/thumb/5/57/Chairs_inside_a_Pickup_Truck%2C_Monastiraki_Square%2C_Athens%2C_Greece.jpg/500px-Chairs_inside_a_Pickup_Truck%2C_Monastiraki_Square%2C_Athens%2C_Greece.jpg	afb0de83f558485eeaa94d4b792482ed134a585a93af546e8e33682e0af049d6
non-plant	np_pickup_truck_169044612.jpg	CC0	https://commons.wikimedia.org/wiki/File:Pickup_truck_for_transportation_of_goods_in_Lagos.jpg	https://thumb.wikimedia.org/wikipedia/commons/thumb/5/52/Pickup_truck_for_transportation_of_goods_in_Lagos.jpg/500px-Pickup_truck_for_transportation_of_goods_in_Lagos.jpg	adfd4afada94796b6f7688a6ef4d5dab60ce294ccae44c7989a744f3d15bff89
non-plant	np_house_exterior_24012965.jpg	CC0	https://commons.wikimedia.org/wiki/File:Old_house_typical_of_the_island_of_Margarita.jpg	https://thumb.wikimedia.org/wikipedia/commons/thumb/3/3b/Old_house_typical_of_the_island_of_Margarita.jpg/500px-Old_house_typical_of_the_island_of_Margarita.jpg	a2a6b465347a1460dabf9c727a44c1e8e0e08488c0c5efce791e5d9e54e4aff4
non-plant	np_soil_117265761.jpg	CC0	https://commons.wikimedia.org/wiki/File:Soil_turbation.jpg	https://thumb.wikimedia.org/wikipedia/commons/thumb/2/20/Soil_turbation.jpg/500px-Soil_turbation.jpg	1bf55d09409497afc9d4cae29eeb5686cf780e493c81f971d93b550bfeb8acff
mixed	np_soil_117751523.jpg	CC0	https://commons.wikimedia.org/wiki/File:Field_soil_sampling.jpg	https://thumb.wikimedia.org/wikipedia/commons/thumb/7/7b/Field_soil_sampling.jpg/500px-Field_soil_sampling.jpg	115831a91991b52900e171ba6129c72c39009852072b131ec3573161771797b6
non-plant	np_soil_152128849.jpg	CC0	https://commons.wikimedia.org/wiki/File:Outdoor_soil_microscopy.png	https://thumb.wikimedia.org/wikipedia/commons/thumb/2/22/Outdoor_soil_microscopy.png/500px-Outdoor_soil_microscopy.png	cc6fffe03d40069732107c4b11c8a16e897d2fe5b41a9c2a0f5fe84ee04437b1
non-plant	np_sidewalk_24351238.jpg	Public domain	https://commons.wikimedia.org/wiki/File:Max_Dupain_-_Adelaide_-_Google_Art_Project.jpg	https://thumb.wikimedia.org/wikipedia/commons/thumb/4/4a/Max_Dupain_-_Adelaide_-_Google_Art_Project.jpg/500px-Max_Dupain_-_Adelaide_-_Google_Art_Project.jpg	5972f6df4a8935880f60b28f1648b007ffa0c78249b3b6a699c91817000d02dc
non-plant	np_sidewalk_79356991.jpg	CC0	https://commons.wikimedia.org/wiki/File:Pavement_ants_battling_on_sidewalk.jpg	https://thumb.wikimedia.org/wikipedia/commons/thumb/2/21/Pavement_ants_battling_on_sidewalk.jpg/500px-Pavement_ants_battling_on_sidewalk.jpg	4cc0e42ca1ce26a8fcfb8ebd005e253e0973a75683eb48e9ac925faad1c84372
non-plant	np_child_253058.jpg	Public domain	https://commons.wikimedia.org/wiki/File:Child_laborer.jpg	https://thumb.wikimedia.org/wikipedia/commons/thumb/9/9a/Child_laborer.jpg/500px-Child_laborer.jpg	9eaf3cc089fb1eb5d37448ea5db3ce284a20b9a1e5d3a285da2b2da63f6dad66
non-plant	np_child_4394235.jpg	Public domain	https://commons.wikimedia.org/wiki/File:Child_with_Smallpox_Bangladesh.jpg	https://thumb.wikimedia.org/wikipedia/commons/thumb/6/66/Child_with_Smallpox_Bangladesh.jpg/500px-Child_with_Smallpox_Bangladesh.jpg	19a26fda5c690f72ac0852afcd496bef45a26235eace600ff3f261ad11aa709d
non-plant	np_child_57853964.jpg	CC0	https://commons.wikimedia.org/wiki/File:Seated_goddess_with_a_child_MET_DT873.jpg	https://thumb.wikimedia.org/wikipedia/commons/thumb/8/82/Seated_goddess_with_a_child_MET_DT873.jpg/500px-Seated_goddess_with_a_child_MET_DT873.jpg	66795593c434711e6ee32a20a723f2aac9419f835ef6beea26202f6c667b3106
non-plant	np_person_walking_71203996.jpg	Public domain	https://commons.wikimedia.org/wiki/File:Little_boy_walking_dog_in_Taihoku_1938.jpg	https://thumb.wikimedia.org/wikipedia/commons/thumb/8/85/Little_boy_walking_dog_in_Taihoku_1938.jpg/500px-Little_boy_walking_dog_in_Taihoku_1938.jpg	64e0cc3fe1db82b77df42084d4c6cd9c75047cec80c7de2ef689a6377d59a8bb
non-plant	np_person_walking_128639416.jpg	CC0	https://commons.wikimedia.org/wiki/File:Person_in_winter_clothing_in_Quebec_City.jpg	https://thumb.wikimedia.org/wikipedia/commons/thumb/e/e7/Person_in_winter_clothing_in_Quebec_City.jpg/500px-Person_in_winter_clothing_in_Quebec_City.jpg	ba9c53485be72d23fccf534a78fa69c4e70765d2092167764372b4140bf4b7b1
non-plant	np_person_walking_96580873.jpg	Public domain	https://commons.wikimedia.org/wiki/File:Visitor_walking_dog_leash_rialto_beach_hikers_c_bubar_march_06-2015_(17184427098).jpg	https://thumb.wikimedia.org/wikipedia/commons/thumb/f/fd/Visitor_walking_dog_leash_rialto_beach_hikers_c_bubar_march_06-2015_%2817184427098%29.jpg/500px-Visitor_walking_dog_leash_rialto_beach_hikers_c_bubar_march_06-2015_%2817184427098%29.jpg	283625e67b58391b85c446d3d776a613288b7499139dc1525cc576ee027033fa
non-plant	np_person_walking_7925442.jpg	Public domain	https://commons.wikimedia.org/wiki/File:Couple_walking_dog_at_Buckingham_Fountain.jpg	https://thumb.wikimedia.org/wikipedia/commons/thumb/5/53/Couple_walking_dog_at_Buckingham_Fountain.jpg/500px-Couple_walking_dog_at_Buckingham_Fountain.jpg	2e89668eaadb1d0fc6c4e38c58c3882ec91c9ce13056c9db0d4f115ac78d2ba3
non-plant	np_sneakers_156796419.jpg	CC0	https://commons.wikimedia.org/wiki/File:Avia_Shoes.jpg	https://thumb.wikimedia.org/wikipedia/commons/thumb/2/2f/Avia_Shoes.jpg/500px-Avia_Shoes.jpg	d2a8ff2913f841e7e3287940517c17a65028ca28c9b3df76c394fb07c919451b
non-plant	np_sneakers_148795318.jpg	CC0	https://commons.wikimedia.org/wiki/File:Panam_Bota_Meztli.jpg	https://thumb.wikimedia.org/wikipedia/commons/thumb/6/60/Panam_Bota_Meztli.jpg/500px-Panam_Bota_Meztli.jpg	388c76df91f44d5ac79d73f436d8934401dddbede1094f040fab524d74a15c00
non-plant	np_sneakers_142107090.jpg	CC0	https://commons.wikimedia.org/wiki/File:Nike_Terminator.jpg	https://thumb.wikimedia.org/wikipedia/commons/thumb/a/a4/Nike_Terminator.jpg/500px-Nike_Terminator.jpg	81497a2f8c3cdb0671c78e87e424b2bc573705876e930e28c82622bc84bc70dc
non-plant	np_sneakers_154322715.jpg	CC0	https://commons.wikimedia.org/wiki/File:Adidas_SL_72_OG.jpg	https://thumb.wikimedia.org/wikipedia/commons/thumb/8/80/Adidas_SL_72_OG.jpg/500px-Adidas_SL_72_OG.jpg	944f1410d91c1941106f3024fa60d663593d4a9d338c076679095206e4f13150
non-plant	np_soccer_ball_154708470.jpg	CC0	https://commons.wikimedia.org/wiki/File:Ball_soccer_1990s2.jpg	https://thumb.wikimedia.org/wikipedia/commons/thumb/b/bf/Ball_soccer_1990s2.jpg/500px-Ball_soccer_1990s2.jpg	21658962b129283dd28475d36a53fbab70a1172d36d7d469beee51e086d4868f
mixed	np_soccer_ball_176654613.jpg	CC0	https://commons.wikimedia.org/wiki/File:Boy_Kicking_Soccer_Ball_at_Adirondack_Camp_in_NY.jpg	https://thumb.wikimedia.org/wikipedia/commons/thumb/e/ea/Boy_Kicking_Soccer_Ball_at_Adirondack_Camp_in_NY.jpg/500px-Boy_Kicking_Soccer_Ball_at_Adirondack_Camp_in_NY.jpg	d61e86c133a1e1c8e525a8fb05be5e1cd8b4feb03b1f7714a4a927af6df526f1
non-plant	np_soccer_ball_154708472.jpg	CC0	https://commons.wikimedia.org/wiki/File:Ball_soccer_1990s1.jpg	https://thumb.wikimedia.org/wikipedia/commons/thumb/a/ae/Ball_soccer_1990s1.jpg/500px-Ball_soccer_1990s1.jpg	9ee07d362d774cab5a656d1ba8640f68be4c74dfcdad6ce65b49592e5b4b9280
mixed	np_soccer_ball_80307817.jpg	Public domain	https://commons.wikimedia.org/wiki/File:President_William_J._Clinton_Kicking_a_Soccer_Ball_-_DPLA_-_37ba2c68327df7d00558e9bf38f4ee51.jpg	https://thumb.wikimedia.org/wikipedia/commons/thumb/a/a4/President_William_J._Clinton_Kicking_a_Soccer_Ball_-_DPLA_-_37ba2c68327df7d00558e9bf38f4ee51.jpg/500px-President_William_J._Clinton_Kicking_a_Soccer_Ball_-_DPLA_-_37ba2c68327df7d00558e9bf38f4ee51.jpg	a3d9bd929839c8f3c510eb788ccdd187baf4b00ef302ba1e6d5741b532051c41
non-plant	np_trampoline_144617482.jpg	CC0	https://commons.wikimedia.org/wiki/File:OutdoorTrampoline.png	https://thumb.wikimedia.org/wikipedia/commons/thumb/e/e2/OutdoorTrampoline.png/500px-OutdoorTrampoline.png	f0531f374c2ff193df3f24d96b80ecca40c4c75d4039812610b7ecb547505a7a
non-plant	np_trampoline_151824670.jpg	CC0	https://commons.wikimedia.org/wiki/File:Water_trampoline.jpg	https://thumb.wikimedia.org/wikipedia/commons/thumb/1/1c/Water_trampoline.jpg/500px-Water_trampoline.jpg	ee17a1df5fc1ddb22a421ce51648a76559bd0c5552435895a03031e35a3f44a9
mixed	np_trampoline_183886.jpg	Public domain	https://commons.wikimedia.org/wiki/File:Hometrampoline.jpg	https://thumb.wikimedia.org/wikipedia/commons/thumb/c/cc/Hometrampoline.jpg/500px-Hometrampoline.jpg	020410795593a094dbbb3ee67521d48c444c02c094a38fbe1b56668268fde88b
mixed	np_trampoline_189691419.jpg	CC0	https://commons.wikimedia.org/wiki/File:Mainz-Gro%C3%9Fberg_-_Trampoline_am_Weg_zum_Gro%C3%9Fbergpark.jpg	https://thumb.wikimedia.org/wikipedia/commons/thumb/a/a7/Mainz-Gro%C3%9Fberg_-_Trampoline_am_Weg_zum_Gro%C3%9Fbergpark.jpg/500px-Mainz-Gro%C3%9Fberg_-_Trampoline_am_Weg_zum_Gro%C3%9Fbergpark.jpg	e97a9341ab0ec8fc66950d5019c9afd968da8cefd3687de61add2263559ec357
non-plant	np_wooden_fence_167255829.jpg	CC0	https://commons.wikimedia.org/wiki/File:Wooden_fence_of_the_hotel%22Monastery%22,_%D0%B4%D1%80%D0%B2%D0%B5%D0%BD%D0%B0_%D0%BE%D0%B3%D1%80%D0%B0%D0%B4%D0%B0_%D0%BD%D0%B0_%D1%85%D0%BE%D1%82%D0%B5%D0%BB%D0%BE%D1%82_,,%D0%9C%D0%B0%D0%BD%D0%B0%D1%81%D1%82%D0%B8%D1%80%E2%80%9C_%D0%91%D0%B5%D1%80%D0%BE%D0%B2%D0%BE,_%D0%A1.%D0%9C%D0%B0%D0%BA%D0%B5%D0%B4%D0%BE%D0%BD%D0%B8%D1%98%D0%B0.jpg	https://thumb.wikimedia.org/wikipedia/commons/thumb/b/b5/Wooden_fence_of_the_hotel%22Monastery%22%2C_%D0%B4%D1%80%D0%B2%D0%B5%D0%BD%D0%B0_%D0%BE%D0%B3%D1%80%D0%B0%D0%B4%D0%B0_%D0%BD%D0%B0_%D1%85%D0%BE%D1%82%D0%B5%D0%BB%D0%BE%D1%82_%2C%2C%D0%9C%D0%B0%D0%BD%D0%B0%D1%81%D1%82%D0%B8%D1%80%E2%80%9C_%D0%91%D0%B5%D1%80%D0%BE%D0%B2%D0%BE%2C_%D0%A1.%D0%9C%D0%B0%D0%BA%D0%B5%D0%B4%D0%BE%D0%BD%D0%B8%D1%98%D0%B0.jpg/500px-Wooden_fence_of_the_hotel%22Monastery%22%2C_%D0%B4%D1%80%D0%B2%D0%B5%D0%BD%D0%B0_%D0%BE%D0%B3%D1%80%D0%B0%D0%B4%D0%B0_%D0%BD%D0%B0_%D1%85%D0%BE%D1%82%D0%B5%D0%BB%D0%BE%D1%82_%2C%2C%D0%9C%D0%B0%D0%BD%D0%B0%D1%81%D1%82%D0%B8%D1%80%E2%80%9C_%D0%91%D0%B5%D1%80%D0%BE%D0%B2%D0%BE%2C_%D0%A1.%D0%9C%D0%B0%D0%BA%D0%B5%D0%B4%D0%BE%D0%BD%D0%B8%D1%98%D0%B0.jpg	935b4a865f3bb6eafed75ba00e6d78230f127c6f28fc57a7d25e1c0453212492
mixed	np_wooden_fence_175393497.jpg	CC0	https://commons.wikimedia.org/wiki/File:Long-haired_calico_cat_on_top_of_wooden_fence_2025-09-21.jpg	https://thumb.wikimedia.org/wikipedia/commons/thumb/7/77/Long-haired_calico_cat_on_top_of_wooden_fence_2025-09-21.jpg/500px-Long-haired_calico_cat_on_top_of_wooden_fence_2025-09-21.jpg	bd0918170816b1b9c3decb7a502018bc76f21b6f4e49fad05ed56c2d8ffd0f7c
mixed	np_mailbox_23132189.jpg	Public domain	https://commons.wikimedia.org/wiki/File:NZ_letter_box_416.jpg	https://thumb.wikimedia.org/wikipedia/commons/thumb/4/4f/NZ_letter_box_416.jpg/500px-NZ_letter_box_416.jpg	2a3c252cd9b8c0096941f6dff40ab721ceee93688847d3575617c67c875302c8
non-plant	np_mailbox_82804144.jpg	Public domain	https://commons.wikimedia.org/wiki/File:NZ_letter_box_15.jpg	https://thumb.wikimedia.org/wikipedia/commons/thumb/b/b8/NZ_letter_box_15.jpg/500px-NZ_letter_box_15.jpg	aad929e5de03d5a191d3d4d5ef44ed0113b002d811f37890c9c2ac3992ace627
non-plant	np_mailbox_82804158.jpg	Public domain	https://commons.wikimedia.org/wiki/File:NZ_letter_box_90.jpg	https://thumb.wikimedia.org/wikipedia/commons/thumb/9/99/NZ_letter_box_90.jpg/500px-NZ_letter_box_90.jpg	0141fd99592e9b6d37a56d81a057bb80c52f0b59caf688b8a53676add7dad738
mixed	np_garden_hose_856264.jpg	Public domain	https://commons.wikimedia.org/wiki/File:Garden_hose_pistol.JPG	https://thumb.wikimedia.org/wikipedia/commons/thumb/9/92/Garden_hose_pistol.JPG/500px-Garden_hose_pistol.JPG	b4ce4b8224353e1f0c61521637d5816262fc983318a4117e13a1404109305cd4
non-plant	np_garden_hose_51440858.jpg	CC0	https://commons.wikimedia.org/wiki/File:Garden-gardening-hosepipe-tube_(23957197619).jpg	https://thumb.wikimedia.org/wikipedia/commons/thumb/5/5c/Garden-gardening-hosepipe-tube_%2823957197619%29.jpg/500px-Garden-gardening-hosepipe-tube_%2823957197619%29.jpg	6d76d255d8e10daec7115f1173d5f5a4f702544c1b08f1d3f6ef20738bb0c125
mixed	np_park_bench_159101229.jpg	Public domain	https://commons.wikimedia.org/wiki/File:Lonely_Park_Bench_(49497870088).jpg	https://thumb.wikimedia.org/wikipedia/commons/thumb/0/01/Lonely_Park_Bench_%2849497870088%29.jpg/500px-Lonely_Park_Bench_%2849497870088%29.jpg	5542fca9b55c1c5d1314f9ec4c299f7a245d438c9c60e449841db9b2cf19b72b
non-plant	np_rocks_51402336.jpg	CC0	https://commons.wikimedia.org/wiki/File:Rocks_in_Karystos_Euboea_Greece.jpg	https://thumb.wikimedia.org/wikipedia/commons/thumb/f/f5/Rocks_in_Karystos_Euboea_Greece.jpg/500px-Rocks_in_Karystos_Euboea_Greece.jpg	71199d4b72eb82449384445d6f87317761b79c4c39e0d895e166fd6313678a9a
non-plant	np_rocks_53950578.jpg	CC0	https://commons.wikimedia.org/wiki/File:Rocks_and_sea_Karystos_Euboea_Greece.jpg	https://thumb.wikimedia.org/wikipedia/commons/thumb/5/5a/Rocks_and_sea_Karystos_Euboea_Greece.jpg/500px-Rocks_and_sea_Karystos_Euboea_Greece.jpg	c3bdbda4bc0324b21c8de3ac24d926d12d1eb22357bb181da265d17099dbe84d
non-plant	np_brick_wall_28818900.jpg	CC0	https://commons.wikimedia.org/wiki/File:Surfaces_vertical_brick_wall_closeup_view.JPG	https://thumb.wikimedia.org/wikipedia/commons/thumb/3/37/Surfaces_vertical_brick_wall_closeup_view.JPG/500px-Surfaces_vertical_brick_wall_closeup_view.JPG	b0a56ac5781827f9c81fc82f759961d1151d70a1b9e73c40daf16af14f184976
non-plant	np_brick_wall_117737596.jpg	CC0	https://commons.wikimedia.org/wiki/File:Brick_Wall_Building.jpg	https://thumb.wikimedia.org/wikipedia/commons/thumb/8/83/Brick_Wall_Building.jpg/500px-Brick_Wall_Building.jpg	169e7f5f15e750000fd65651846fc0e2e990502142688818c3958701d5a14d51
non-plant	np_television_109987635.jpg	CC0	https://commons.wikimedia.org/wiki/File:Family_watching_television_1958_cropped2.jpg	https://upload.wikimedia.org/wikipedia/commons/3/3d/Family_watching_television_1958_cropped2.jpg	a70cb112d38c0141ba8f8733669291798177c1d2e7def2dc03b840ca270f0c13
non-plant	np_television_52802305.jpg	Public domain	https://commons.wikimedia.org/wiki/File:18.11.1950_Television_exhibition_at_Stockmann_department_store_in_Helsinki_(29408138822).jpg	https://thumb.wikimedia.org/wikipedia/commons/thumb/9/9c/18.11.1950_Television_exhibition_at_Stockmann_department_store_in_Helsinki_%2829408138822%29.jpg/500px-18.11.1950_Television_exhibition_at_Stockmann_department_store_in_Helsinki_%2829408138822%29.jpg	c4e419d7fdfe90e73539c0d3f9db7def2ebe88781bf0244b38ed82706074a3de
non-plant	np_television_43906515.jpg	Public domain	https://commons.wikimedia.org/wiki/File:Cptvdisplay.jpg	https://thumb.wikimedia.org/wikipedia/commons/thumb/4/40/Cptvdisplay.jpg/500px-Cptvdisplay.jpg	e22f0458673294a704b41bc8c0fe71aa13b7fc6d288be2080d4db260991b1365
non-plant	np_smartphone_119015398.jpg	CC0	https://commons.wikimedia.org/wiki/File:Smartphone_Use.jpg	https://thumb.wikimedia.org/wikipedia/commons/thumb/5/57/Smartphone_Use.jpg/500px-Smartphone_Use.jpg	f9ea5d0d7d5e220e42464e3c121926f454da00ea05909b29995c65c8d4ab03f1
non-plant	np_smartphone_116899833.jpg	CC0	https://commons.wikimedia.org/wiki/File:Leaflet_at_Narita_arrival._Requirement_to_have_a_smartphone_to_enter_Japan_during_COVID-19_pandemic.jpg	https://thumb.wikimedia.org/wikipedia/commons/thumb/3/3c/Leaflet_at_Narita_arrival._Requirement_to_have_a_smartphone_to_enter_Japan_during_COVID-19_pandemic.jpg/500px-Leaflet_at_Narita_arrival._Requirement_to_have_a_smartphone_to_enter_Japan_during_COVID-19_pandemic.jpg	e4a78e33fda6d8b0f878d8ad9f1c0ea9046a151bc858fa9f05f662014461f600
non-plant	np_smartphone_196609173.jpg	CC0	https://commons.wikimedia.org/wiki/File:Smartphones_-_MediaMarkt_-_HUMA_Einkaufspark_2025_-_07.jpg	https://thumb.wikimedia.org/wikipedia/commons/thumb/3/3a/Smartphones_-_MediaMarkt_-_HUMA_Einkaufspark_2025_-_07.jpg/500px-Smartphones_-_MediaMarkt_-_HUMA_Einkaufspark_2025_-_07.jpg	2ac331286695c3daa21fddc96078179a73156aa5af4a090af93adb60c1970f86
mixed	np_brick_wall_105538175.jpg	CC0	https://commons.wikimedia.org/wiki/File:Moscow,_ferns_on_a_brick_wall_05.jpg	https://thumb.wikimedia.org/wikipedia/commons/thumb/2/22/Moscow%2C_ferns_on_a_brick_wall_05.jpg/500px-Moscow%2C_ferns_on_a_brick_wall_05.jpg	aa45a76eb919dd8bf488853e8e80cb4cc4427220a93029d1ceec9f9d15aa0e9b
mixed	np_brick_wall_105538174.jpg	CC0	https://commons.wikimedia.org/wiki/File:Moscow,_ferns_on_a_brick_wall_07.jpg	https://thumb.wikimedia.org/wikipedia/commons/thumb/2/2e/Moscow%2C_ferns_on_a_brick_wall_07.jpg/500px-Moscow%2C_ferns_on_a_brick_wall_07.jpg	fb10bb9e734e822ab00acadb40d0cc67f55459d7fa6ea1be62645dcb0f5eca73
