photo,set,species,observation,reticle_share,full_share,reticle_plant,full_plant,reticle_hazard_rank,reticle_best_hazard,full_hazard_rank,full_best_hazard,hazard_warn,top1,top1_genus,top1_score,top1_unique,best_blocker,blocker_score,gap,margin_ok,pool_top1,whole_table_top1,tutorial_top1,grass_rank,tutorial_pass,verdict,found_any,right_genus,pass_own
target_Conoclinium_coelestinum_404305465.jpg,target,Conoclinium coelestinum,404305465,0.9584,0.9610,True,True,173,Clematis drummondii,78,Clematis drummondii,False,Conoclinium coelestinum,Conoclinium,0.6597,True,Brickellia eupatorioides,0.5275,0.1323,True,Conoclinium coelestinum,Conoclinium coelestinum,Solanum carolinense,6,False,goal_met,True,True,True
target_Conoclinium_coelestinum_403544356.jpg,target,Conoclinium coelestinum,403544356,0.9328,0.9258,True,True,50,Cynanchum laeve,70,Hypericum punctatum,False,Conoclinium coelestinum,Conoclinium,0.6846,True,Ageratina altissima,0.5378,0.1468,True,Conoclinium coelestinum,Conoclinium coelestinum,Solanum carolinense,6,False,goal_met,True,True,True
target_Callicarpa_americana_400532330.jpg,target,Callicarpa americana,400532330,0.9241,0.9327,True,True,41,Phytolacca americana,18,Phytolacca americana,False,Callicarpa americana,Callicarpa,0.6542,True,Symphoricarpos orbiculatus,0.4753,0.1789,True,Callicarpa americana,Callicarpa americana,Phytolacca americana,6,False,goal_met,True,True,True
target_Callicarpa_americana_399137999.jpg,target,Callicarpa americana,399137999,0.9472,0.9630,True,True,50,Phytolacca americana,30,Phytolacca americana,False,Callicarpa americana,Callicarpa,0.6538,True,Verbesina virginica,0.4558,0.1980,True,Callicarpa americana,Callicarpa americana,Phytolacca americana,6,False,goal_met,True,True,True
target_Liquidambar_styraciflua_405042376.jpg,target,Liquidambar styraciflua,405042376,0.9716,0.9913,True,True,32,Arctium lappa,9,Cnidoscolus stimulosus,False,Liquidambar styraciflua,Liquidambar,0.5197,True,Smallanthus uvedalia,0.5469,-0.0272,False,Smallanthus uvedalia,Carya cordiformis,Solanum carolinense,7,False,no_match,False,True,False
target_Liquidambar_styraciflua_404493614.jpg,target,Liquidambar styraciflua,404493614,0.9383,0.9722,True,True,229,Toxicodendron vernix,179,Toxicodendron radicans,False,Cercis canadensis,Cercis,0.5108,True,Celastrus orbiculatus,0.5086,0.0022,False,Cercis canadensis,Koelreuteria paniculata,Toxicodendron vernix,5,False,no_match,False,False,False
target_Magnolia_grandiflora_396800120.jpg,target,Magnolia grandiflora,396800120,0.9024,0.8941,True,True,1,Mangifera indica,3,Mangifera indica,True,Magnolia grandiflora,Magnolia,0.5217,True,Photinia serratifolia,0.5654,-0.0437,False,Photinia serratifolia,Mangifera indica,Quercus,4,False,hazard,False,True,False
target_Magnolia_grandiflora_390971398.jpg,target,Magnolia grandiflora,390971398,0.9885,0.9882,True,True,11,Mangifera indica,18,Mangifera indica,False,Magnolia grandiflora,Magnolia,0.6147,True,Rhododendron maximum,0.5439,0.0707,True,Magnolia grandiflora,Magnolia grandiflora,Phytolacca americana,10,False,goal_met,True,True,True
target_Liriodendron_tulipifera_405512381.jpg,target,Liriodendron tulipifera,405512381,0.9566,0.9502,True,True,81,Ficus carica,198,Ficus carica,False,Platanus occidentalis,Platanus,0.4629,True,Triadica sebifera,0.4908,-0.0279,False,Triadica sebifera,Populus fremontii,Quercus,5,False,no_match,False,False,False
target_Liriodendron_tulipifera_405264498.jpg,target,Liriodendron tulipifera,405264498,0.9722,0.9866,True,True,66,Cynanchum laeve,109,Arctium lappa,False,Cercis canadensis,Cercis,0.5255,True,Menispermum canadense,0.5575,-0.0320,False,Menispermum canadense,Paulownia tomentosa,Solanum carolinense,7,False,no_match,False,False,False
target_Polystichum_acrostichoides_405345748.jpg,target,Polystichum acrostichoides,405345748,0.9969,0.9978,True,True,127,Ranunculus abortivus,131,Solanum carolinense,False,Polystichum acrostichoides,Polystichum,0.6894,True,Osmundastrum cinnamomeum,0.4854,0.2041,True,Polystichum acrostichoides,Polystichum acrostichoides,Polypodiopsida,6,False,goal_met,True,True,True
target_Polystichum_acrostichoides_405345610.jpg,target,Polystichum acrostichoides,405345610,0.9944,0.9962,True,True,133,Solanum carolinense,111,Euphorbia amygdaloides,False,Polystichum acrostichoides,Polystichum,0.6790,True,Pleopeltis michauxiana,0.4477,0.2313,True,Polystichum acrostichoides,Polystichum acrostichoides,Polypodiopsida,6,False,goal_met,True,True,True
target_Fagus_grandifolia_405501294.jpg,target,Fagus grandifolia,405501294,0.9552,0.9391,True,True,86,Moneses uniflora,33,Moneses uniflora,False,Phyllanthus urinaria,Phyllanthus,0.3937,True,Xanthium orientale,0.4817,-0.0880,False,Xanthium orientale,Drosera planchonii,Solanum carolinense,4,False,no_match,False,False,False
target_Fagus_grandifolia_405345574.jpg,target,Fagus grandifolia,405345574,0.9923,0.9890,True,True,171,Ficus pumila,237,Ornithogalum umbellatum,False,Fagus grandifolia,Fagus,0.5119,True,Prunus serotina,0.4168,0.0951,True,Fagus grandifolia,Fagus sylvatica,Quercus,6,False,goal_met,True,True,True
target_Erechtites_hieraciifolius_405067001.jpg,target,Erechtites hieraciifolius,405067001,0.8645,0.9226,True,True,23,Euphorbia bicolor,247,Apocynum cannabinum,False,Erechtites hieraciifolius,Erechtites,0.4790,True,Liatris aspera,0.5286,-0.0497,False,Liatris aspera,Eriogonum longifolium,Solanum carolinense,4,False,no_match,False,True,False
target_Ampelopsis_glandulosa_405082405.jpg,target,Ampelopsis glandulosa,405082405,0.9162,0.9573,True,True,19,Cynanchum laeve,8,Vitis mustangensis,False,Ampelopsis glandulosa,Ampelopsis,0.6063,True,Ampelopsis cordata,0.4926,0.1138,True,Ampelopsis glandulosa,Ampelopsis glandulosa,Toxicodendron radicans,7,False,goal_met,True,True,True
target_Diospyros_virginiana_403124444.jpg,target,Diospyros virginiana,403124444,0.9903,0.9917,True,True,34,Toxicodendron vernix,26,Toxicodendron vernix,False,Diospyros virginiana,Diospyros,0.5610,True,Asimina triloba,0.5277,0.0332,False,Diospyros virginiana,Nyssa sylvatica,Toxicodendron vernix,8,False,no_match,False,True,False
target_Platanus_occidentalis_405314707.jpg,target,Platanus occidentalis,405314707,0.9878,0.9899,True,True,48,Toxicodendron radicans,27,Vitis mustangensis,False,Platanus occidentalis,Platanus,0.5119,True,Acer rubrum,0.4714,0.0405,False,Platanus occidentalis,Hamamelis virginiana,Toxicodendron radicans,8,False,no_match,False,True,False
target_Vitis_rotundifolia_402327267.jpg,target,Vitis rotundifolia,402327267,0.9534,0.9612,True,True,6,Vitis mustangensis,7,Vitis mustangensis,False,Vitis rotundifolia,Vitis,0.6616,True,Melothria pendula,0.5135,0.1481,True,Vitis rotundifolia,Vitis rotundifolia,Toxicodendron radicans,10,False,goal_met,True,True,True
target_Pueraria_montana_404096208.jpg,target,Pueraria montana,404096208,0.9887,0.9879,True,True,23,Calotropis gigantea,28,Ficus carica,False,Pueraria montana,Pueraria,0.6138,True,Clitoria ternatea,0.5039,0.1099,True,Pueraria montana,Pueraria montana,Phytolacca americana,4,False,goal_met,True,True,True
target_Cercis_canadensis_404198314.jpg,target,Cercis canadensis,404198314,0.9882,0.9861,True,True,43,Cynanchum laeve,18,Cynanchum laeve,False,Cercis canadensis,Cercis,0.6310,True,Ipomoea pandurata,0.5456,0.0854,True,Cercis canadensis,Cercis canadensis,Phytolacca americana,8,False,goal_met,True,True,True
target_Quercus_nigra_400010614.jpg,target,Quercus nigra,400010614,0.8953,0.9507,True,True,120,Ficus pumila,35,Ficus pumila,False,Quercus nigra,Quercus,0.5194,True,Quercus stellata,0.5746,-0.0552,False,Quercus stellata,Quercus fusiformis,Quercus,8,False,no_match,False,True,False
target_Albizia_julibrissin_401649566.jpg,target,Albizia julibrissin,401649566,0.9861,0.9956,True,True,25,Araujia sericifera,53,Ricinus communis,False,Albizia julibrissin,Albizia,0.4863,True,Gleditsia triacanthos,0.5474,-0.0611,False,Gleditsia triacanthos,Gleditsia triacanthos,Polypodiopsida,2,True,no_match,False,True,False
target_Chimaphila_maculata_405278636.jpg,target,Chimaphila maculata,405278636,0.9826,0.9863,True,True,7,Euphorbia lathyris,49,Moneses uniflora,False,Chimaphila maculata,Chimaphila,0.5482,True,Lobelia puberula,0.4718,0.0763,True,Chimaphila maculata,Goodyera oblongifolia,Phytolacca americana,10,False,goal_met,True,True,True
target_Rhus_copallinum_405529666.jpg,target,Rhus copallinum,405529666,0.9676,0.9826,True,True,4,Schinus terebinthifolia,6,Toxicodendron vernix,True,Rhus copallinum,Rhus,0.4620,True,Aesculus pavia,0.4170,0.0450,False,Rhus copallinum,Rhus lanceolata,Toxicodendron vernix,8,False,hazard,False,True,False
target_Ilex_cornuta_355455003.jpg,target,Ilex cornuta,355455003,0.9821,0.9806,True,True,44,Codiaeum variegatum,106,Arum italicum,False,Ilex cornuta,Ilex,0.6693,True,Ilex opaca,0.5318,0.1376,True,Ilex cornuta,Ilex cornuta,Phytolacca americana,7,False,goal_met,True,True,True
target_Solidago_altissima_403428628.jpg,target,Solidago altissima,403428628,0.9474,0.9412,True,True,51,Pastinaca sativa,114,Hypericum punctatum,False,Solidago altissima,Solidago,0.5433,True,Helenium autumnale,0.4367,0.1066,True,Solidago altissima,Solidago rigida,Taraxacum,5,False,goal_met,True,True,True
target_Sassafras_albidum_405971253.jpg,target,Sassafras albidum,405971253,0.9930,0.9920,True,True,47,Ficus carica,48,Apocynum cannabinum,False,Sassafras albidum,Sassafras,0.6472,True,Asimina triloba,0.4731,0.1741,True,Sassafras albidum,Sassafras albidum,Toxicodendron vernix,9,False,goal_met,True,True,True
target_Tipularia_discolor_398521399.jpg,target,Tipularia discolor,398521399,0.9535,0.9728,True,True,175,Persicaria hydropiper,143,Tradescantia virginiana,False,Tipularia discolor,Tipularia,0.4832,True,Sorghum halepense,0.5249,-0.0417,False,Sorghum halepense,Oryzopsis asperifolia,Poaceae,1,True,no_match,False,True,False
target_Phyllanthus_urinaria_396003845.jpg,target,Phyllanthus urinaria,396003845,0.9732,0.9727,True,True,45,Euphorbia hypericifolia,7,Euphorbia hypericifolia,False,Phyllanthus urinaria,Phyllanthus,0.5726,True,Phyllanthus tenellus,0.5183,0.0543,True,Phyllanthus urinaria,Phyllanthus urinaria,Trifolium,2,True,goal_met,True,True,True
grass_Arundo_donax_406751438.jpg,grass,Arundo donax,406751438,0.9711,0.9701,True,True,33,Nerium oleander,43,Nerium oleander,False,Ampelopsis glandulosa,Ampelopsis,0.3147,True,Sorghum halepense,0.5133,-0.1986,False,Sorghum halepense,Arundo donax,Poaceae,1,True,no_match,False,False,False
grass_Hordeum_jubatum_406696238.jpg,grass,Hordeum jubatum,406696238,0.9742,0.9842,True,True,50,Phacelia sericea,62,Phacelia sericea,False,Albizia julibrissin,Albizia,0.2451,True,Setaria parviflora,0.3797,-0.1346,False,Setaria parviflora,Hordeum jubatum,Poaceae,1,True,no_match,False,False,False
grass_Arrhenatherum_elatius_406671945.jpg,grass,Arrhenatherum elatius,406671945,0.9907,0.9922,True,True,109,Ornithogalum umbellatum,146,Ornithogalum umbellatum,False,Erechtites hieraciifolius,Erechtites,0.3246,True,Sorghum halepense,0.4383,-0.1137,False,Sorghum halepense,Bromus hordeaceus,Poaceae,1,True,no_match,False,False,False
grass_Diplachne_fusca_406653544.jpg,grass,Diplachne fusca,406653544,0.9497,0.9197,True,True,167,Turricula parryi,207,Turricula parryi,False,Albizia julibrissin,Albizia,0.3818,True,Juniperus virginiana,0.4137,-0.0319,False,Juniperus virginiana,Casuarina equisetifolia,Pinus,3,True,no_match,False,False,False
grass_Steinchisma_hians_406606905.jpg,grass,Steinchisma hians,406606905,0.8761,0.9091,True,True,171,Schinus terebinthifolia,181,Nolina texana,False,Phyllanthus urinaria,Phyllanthus,0.4294,True,Sorghum halepense,0.6144,-0.1849,False,Sorghum halepense,Sorghum halepense,Poaceae,1,True,no_match,False,False,False
grass_Andropogon_gerardi_406597519.jpg,grass,Andropogon gerardi,406597519,0.6068,0.7366,True,True,102,Nolina texana,103,Nolina texana,False,Tipularia discolor,Tipularia,0.3788,True,Panicum virgatum,0.5626,-0.1839,False,Panicum virgatum,Schizachyrium scoparium,Poaceae,1,True,no_match,False,False,False
grass_Paspalum_distichum_406584892.jpg,grass,Paspalum distichum,406584892,0.9500,0.9671,True,True,43,Persicaria hydropiper,66,Persicaria hydropiper,False,Phyllanthus urinaria,Phyllanthus,0.3982,True,Paspalum dilatatum,0.6332,-0.2350,False,Paspalum dilatatum,Paspalum dilatatum,Poaceae,1,True,no_match,False,False,False
grass_Sorghastrum_nutans_406580824.jpg,grass,Sorghastrum nutans,406580824,0.8836,0.9001,True,True,74,Nolina texana,65,Nolina texana,False,Pueraria montana,Pueraria,0.3267,True,Panicum virgatum,0.4763,-0.1496,False,Panicum virgatum,Tridens albescens,Poaceae,1,True,no_match,False,False,False
grass_Panicum_racemosum_406576237.jpg,grass,Panicum racemosum,406576237,0.9283,0.9539,True,True,141,Verbascum thapsus,183,Heracleum maximum,False,Pueraria montana,Pueraria,0.3507,True,Eleusine indica,0.4894,-0.1387,False,Eleusine indica,Triticum aestivum,Poaceae,1,True,no_match,False,False,False
grass_Pseudoroegneria_spicata_406559012.jpg,grass,Pseudoroegneria spicata,406559012,0.9610,0.9528,True,True,202,Cneoridium dumosum,102,Clematis ligusticifolia,False,Phyllanthus urinaria,Phyllanthus,0.3502,True,Brickellia eupatorioides,0.4900,-0.1398,False,Brickellia eupatorioides,Atriplex semibaccata,Trifolium,2,True,no_match,False,False,False
non_grass_Trifolium_repens_406359770.jpg,non_grass,Trifolium repens,406359770,0.9675,0.9805,True,True,43,Trifolium hybridum,35,Trifolium hybridum,False,Phyllanthus urinaria,Phyllanthus,0.4128,True,Medicago arabica,0.6467,-0.2339,False,Medicago arabica,Medicago polymorpha,Trifolium,3,True,no_match,False,False,False
non_grass_Taraxacum_officinale_406035391.jpg,non_grass,Taraxacum officinale,406035391,0.9755,0.9745,True,True,56,Echium plantagineum,29,Echium plantagineum,False,Erechtites hieraciifolius,Erechtites,0.4455,True,Hypochaeris radicata,0.6096,-0.1641,False,Hypochaeris radicata,Hypochaeris radicata,Taraxacum,3,True,no_match,False,False,False
non_grass_Plantago_lanceolata_406558218.jpg,non_grass,Plantago lanceolata,406558218,0.9636,0.9849,True,True,21,Tradescantia virginiana,19,Tradescantia virginiana,False,Polystichum acrostichoides,Polystichum,0.3262,True,Tradescantia virginiana,0.4508,-0.1246,False,Tradescantia virginiana,Plantago lanceolata,Poaceae,1,True,no_match,False,False,False
non_grass_Oxalis_stricta_rufa_406756800.jpg,non_grass,Oxalis stricta rufa,406756800,0.9553,0.9727,True,True,34,Centella asiatica,5,Ranunculus abortivus,True,Phyllanthus urinaria,Phyllanthus,0.3997,True,Oxalis stricta,0.6069,-0.2072,False,Oxalis stricta,Oxalis corniculata,Trifolium,2,True,hazard,False,False,False
non_grass_Quercus_alba_405748845.jpg,non_grass,Quercus alba,405748845,0.9937,0.9900,True,True,107,Toxicodendron pubescens,72,Toxicodendron pubescens,False,Quercus nigra,Quercus,0.4320,True,Quercus alba,0.5209,-0.0889,False,Quercus alba,Quercus rubra,Quercus,11,False,no_match,False,True,False
non_grass_Acer_rubrum_405066941.jpg,non_grass,Acer rubrum,405066941,0.9698,0.9829,True,True,104,Toxicodendron vernix,75,Toxicodendron radicans,False,Sassafras albidum,Sassafras,0.4636,True,Acer rubrum,0.5383,-0.0747,False,Acer rubrum,Acer rubrum,Toxicodendron vernix,9,False,no_match,False,False,False
non_grass_Lonicera_japonica_406655855.jpg,non_grass,Lonicera japonica,406655855,0.9815,0.9649,True,True,3,Solanum mauritianum,3,Solanum mauritianum,True,Callicarpa americana,Callicarpa,0.3789,True,Physalis peruviana,0.5443,-0.1654,False,Physalis peruviana,Solanum chenopodioides,Solanum carolinense,3,True,hazard,False,False,False
non_grass_Rubus_ulmifolius_406649712.jpg,non_grass,Rubus ulmifolius,406649712,0.9873,0.9935,True,True,45,Ficus pumila,88,Toxicodendron radicans,False,Ampelopsis glandulosa,Ampelopsis,0.5249,True,Ipomoea pandurata,0.5114,0.0135,False,Ampelopsis glandulosa,Cayratia japonica,Polypodiopsida,2,True,no_match,False,False,False
non_grass_Polystichum_acrostichoides_405278830.jpg,non_grass,Polystichum acrostichoides,405278830,0.9852,0.9952,True,True,141,Euphorbia amygdaloides,145,Ficus pumila,False,Polystichum acrostichoides,Polystichum,0.6281,True,Pleopeltis michauxiana,0.4433,0.1848,True,Polystichum acrostichoides,Polystichum acrostichoides,Polypodiopsida,6,False,goal_met,True,True,False
non_grass_Carex_enneastachya_406638844.jpg,non_grass,Carex enneastachya,406638844,0.9611,0.9747,True,True,166,Toxicodendron diversilobum,96,Toxicodendron diversilobum,False,Cercis canadensis,Cercis,0.3088,True,Paspalum urvillei,0.4581,-0.1493,False,Paspalum urvillei,Carex obnupta,Poaceae,1,True,no_match,False,False,False
