set,photo,species,kind,reticle_share,reticle_plant,reticle_rank_old,reticle_hazard_old,reticle_rank_new,reticle_hazard_new,reticle_rank_tri,reticle_hazard_tri,reticle_rank_local,reticle_hazard_local,reticle_rank_tri_local,reticle_hazard_tri_local,full_share,full_plant,full_rank_old,full_hazard_old,full_rank_new,full_hazard_new,full_rank_tri,full_hazard_tri,full_rank_local,full_hazard_local,full_rank_tri_local,full_hazard_tri_local,rank_old,rank_new,rank_tri,rank_local,rank_tri_local,region,on_list,on_triaged_list,species_local,hunt_region,month,radius_km,hunt_status,obscured
hazard,hazard_Urtica_dioica_315487630.jpg,Urtica dioica,hazard,0.9874,True,436,Solanum carolinense,1,Urtica dioica,1,Urtica dioica,1,Urtica dioica,1,Urtica dioica,0.9859,True,260,Solanum carolinense,1,Urtica dioica,1,Urtica dioica,1,Urtica dioica,1,Urtica dioica,260,1,1,1,1,Georgia,True,True,True,43_45,9,75,ready,False
hazard,hazard_Urtica_dioica_406861592.jpg,Urtica dioica,hazard,0.9950,True,763,Toxicodendron diversilobum,1,Urtica dioica,1,Urtica dioica,1,Urtica dioica,1,Urtica dioica,0.9958,True,665,Toxicodendron diversilobum,1,Urtica dioica,1,Urtica dioica,1,Urtica dioica,1,Urtica dioica,665,1,1,1,1,Europe,True,True,True,53_-3,10,75,ready,False
hazard,hazard_Urtica_dioica_403816305.jpg,Urtica dioica,hazard,0.9830,True,576,Solanum carolinense,1,Urtica dioica,1,Urtica dioica,1,Urtica dioica,1,Urtica dioica,0.9754,True,369,Solanum carolinense,1,Urtica dioica,1,Urtica dioica,1,Urtica dioica,1,Urtica dioica,369,1,1,1,1,Asia,True,True,True,53_104,9,75,ready,False
hazard,hazard_Urtica_dioica_386439213.jpg,Urtica dioica,hazard,0.9389,True,683,Toxicodendron diversilobum,1,Urtica dioica,1,Urtica dioica,1,Urtica dioica,1,Urtica dioica,0.9600,True,296,Phytolacca americana,1,Urtica dioica,1,Urtica dioica,1,Urtica dioica,1,Urtica dioica,296,1,1,1,1,Canada,True,True,True,52_-55,7,75,ready,False
hazard,hazard_Urtica_dioica_166243947.jpg,Urtica dioica,hazard,0.9804,True,184,Phytolacca americana,1,Urtica dioica,1,Urtica dioica,1,Urtica dioica,1,Urtica dioica,0.9829,True,374,Phytolacca americana,1,Urtica dioica,1,Urtica dioica,1,Urtica dioica,1,Urtica dioica,184,1,1,1,1,Georgia,True,True,True,43_45,6,150,ready,False
hazard,hazard_Urtica_urens_406021658.jpg,Urtica urens,hazard,0.9880,True,846,Phytolacca americana,1,Urtica urens,1,Urtica urens,1,Urtica urens,1,Urtica urens,0.9869,True,537,Toxicodendron diversilobum,1,Urtica urens,1,Urtica urens,1,Urtica urens,1,Urtica urens,537,1,1,1,1,Europe,True,True,True,51_14,10,75,ready,False
hazard,hazard_Urtica_urens_343639399.jpg,Urtica urens,hazard,0.9896,True,924,Phytolacca americana,1,Urtica urens,1,Urtica urens,1,Urtica urens,1,Urtica urens,0.9935,True,735,Solanum carolinense,1,Urtica urens,1,Urtica urens,1,Urtica urens,1,Urtica urens,735,1,1,1,1,Asia,True,True,True,38_26,3,75,ready,True
hazard,hazard_Urtica_urens_404233735.jpg,Urtica urens,hazard,0.9783,True,666,Toxicodendron diversilobum,1,Urtica urens,1,Urtica urens,1,Urtica urens,1,Urtica urens,0.9902,True,781,Toxicodendron diversilobum,1,Urtica urens,1,Urtica urens,1,Urtica urens,1,Urtica urens,666,1,1,1,1,Europe,True,True,True,51_0,9,75,ready,False
hazard,hazard_Urtica_urens_206224938.jpg,Urtica urens,hazard,0.9944,True,681,Toxicodendron diversilobum,1,Urtica urens,1,Urtica urens,1,Urtica urens,1,Urtica urens,0.9921,True,300,Toxicodendron diversilobum,1,Urtica urens,1,Urtica urens,1,Urtica urens,1,Urtica urens,300,1,1,1,1,Asia,True,True,True,39_49,1,150,not_enough,False
hazard,hazard_Laportea_canadensis_405347202.jpg,Laportea canadensis,hazard,0.9910,True,66,Phytolacca americana,1,Laportea canadensis,1,Laportea canadensis,1,Laportea canadensis,1,Laportea canadensis,0.9902,True,127,Phytolacca americana,1,Laportea canadensis,1,Laportea canadensis,1,Laportea canadensis,1,Laportea canadensis,66,1,1,1,1,Canada,True,True,True,43_-81,10,75,ready,False
hazard,hazard_Laportea_canadensis_401733986.jpg,Laportea canadensis,hazard,0.9765,True,102,Phytolacca americana,4,Conium maculatum,4,Conium maculatum,4,Conium maculatum,4,Conium maculatum,0.9735,True,120,Phytolacca americana,2,Laportea canadensis,2,Laportea canadensis,2,Laportea canadensis,2,Laportea canadensis,102,2,2,2,2,Canada,True,True,True,45_-74,9,75,ready,False
hazard,hazard_Laportea_canadensis_394846225.jpg,Laportea canadensis,hazard,0.9825,True,94,Toxicodendron radicans,1,Laportea canadensis,1,Laportea canadensis,1,Laportea canadensis,1,Laportea canadensis,0.9789,True,55,Toxicodendron radicans,1,Laportea canadensis,1,Laportea canadensis,1,Laportea canadensis,1,Laportea canadensis,55,1,1,1,1,Canada,True,True,True,45_-73,8,75,ready,False
hazard,hazard_Laportea_canadensis_377396623.jpg,Laportea canadensis,hazard,0.9881,True,55,Phytolacca americana,1,Laportea canadensis,1,Laportea canadensis,1,Laportea canadensis,1,Laportea canadensis,0.9926,True,55,Phytolacca americana,1,Laportea canadensis,1,Laportea canadensis,1,Laportea canadensis,1,Laportea canadensis,55,1,1,1,1,Canada,True,True,True,46_-75,6,75,ready,False
hazard,hazard_Heracleum_mantegazzianum_394666960.jpg,Heracleum mantegazzianum,hazard,0.9780,True,161,Solanum carolinense,27,Heracleum mantegazzianum,27,Heracleum mantegazzianum,27,Heracleum mantegazzianum,27,Heracleum mantegazzianum,0.9825,True,47,Solanum carolinense,8,Heracleum mantegazzianum,8,Heracleum mantegazzianum,8,Heracleum mantegazzianum,8,Heracleum mantegazzianum,47,8,8,8,8,Europe,True,True,True,53_-2,8,75,ready,False
hazard,hazard_Heracleum_mantegazzianum_297886850.jpg,Heracleum mantegazzianum,hazard,0.9075,True,1348,Toxicodendron diversilobum,2,Heracleum sosnowskyi,1,Heracleum sphondylium,6,Heracleum mantegazzianum,6,Heracleum mantegazzianum,0.8954,True,1078,Phytolacca americana,1,Heracleum sosnowskyi,1,Heracleum sosnowskyi,4,Heracleum mantegazzianum,4,Heracleum mantegazzianum,1078,1,1,4,4,Asia,True,True,True,38_43,6,150,ready,False
hazard,hazard_Heracleum_mantegazzianum_279116226.jpg,Heracleum mantegazzianum,hazard,0.9823,True,728,Solanum carolinense,1,Heracleum mantegazzianum,1,Heracleum mantegazzianum,1,Heracleum mantegazzianum,1,Heracleum mantegazzianum,0.9862,True,174,Toxicodendron diversilobum,1,Heracleum maximum,1,Heracleum maximum,1,Heracleum maximum,1,Heracleum maximum,174,1,1,1,1,Canada,True,True,True,44_-80,5,75,ready,False
hazard,hazard_Heracleum_mantegazzianum_382777466.jpg,Heracleum mantegazzianum,hazard,0.9547,True,326,Phytolacca americana,1,Heracleum mantegazzianum,1,Heracleum mantegazzianum,1,Heracleum mantegazzianum,1,Heracleum mantegazzianum,0.9119,True,645,Phytolacca americana,1,Heracleum maximum,1,Heracleum maximum,2,Heracleum mantegazzianum,2,Heracleum mantegazzianum,326,1,1,1,1,Europe,True,True,True,48_12,7,75,ready,False
hazard,hazard_Heracleum_mantegazzianum_244049383.jpg,Heracleum mantegazzianum,hazard,0.9718,True,138,Toxicodendron diversilobum,4,Heracleum mantegazzianum,4,Heracleum mantegazzianum,4,Heracleum mantegazzianum,4,Heracleum mantegazzianum,0.9876,True,440,Solanum carolinense,2,Heracleum mantegazzianum,1,Heracleum sphondylium,2,Heracleum mantegazzianum,2,Heracleum mantegazzianum,138,2,1,2,2,Canada,True,True,True,49_-124,9,75,ready,False
hazard,hazard_Heracleum_sosnowskyi_73610526.jpg,Heracleum sosnowskyi,hazard,0.9317,True,949,Toxicodendron diversilobum,3,Heracleum maximum,2,Heracleum sphondylium,4,Conium maculatum,4,Conium maculatum,0.8785,True,1039,Phytolacca americana,1,Heracleum mantegazzianum,1,Heracleum mantegazzianum,5,Heracleum sosnowskyi,5,Heracleum sosnowskyi,949,1,1,4,4,Georgia,True,True,True,43_43,7,75,ready,False
hazard,hazard_Heracleum_sosnowskyi_399994807.jpg,Heracleum sosnowskyi,hazard,0.9732,True,1466,Phytolacca americana,1,Heracleum mantegazzianum,1,Heracleum mantegazzianum,2,Heracleum sosnowskyi,2,Heracleum sosnowskyi,0.9819,True,2087,Phytolacca americana,1,Heracleum sosnowskyi,1,Heracleum sosnowskyi,1,Heracleum sosnowskyi,1,Heracleum sosnowskyi,1466,1,1,1,1,Europe,True,True,True,54_45,9,75,ready,False
hazard,hazard_Heracleum_sosnowskyi_403821769.jpg,Heracleum sosnowskyi,hazard,0.9606,True,89,Toxicodendron diversilobum,1,Heracleum maximum,1,Heracleum maximum,30,Heracleum sosnowskyi,30,Heracleum sosnowskyi,0.9854,True,1021,Solanum carolinense,2,Heracleum mantegazzianum,2,Heracleum mantegazzianum,5,Heracleum sosnowskyi,5,Heracleum sosnowskyi,89,1,1,5,5,Asia,True,True,True,57_61,9,75,ready,False
hazard,hazard_Heracleum_sosnowskyi_398333858.jpg,Heracleum sosnowskyi,hazard,0.9828,True,555,Phytolacca americana,2,Heracleum mantegazzianum,2,Heracleum mantegazzianum,11,Heracleum sosnowskyi,11,Heracleum sosnowskyi,0.9863,True,807,Phytolacca americana,1,Heracleum mantegazzianum,1,Heracleum mantegazzianum,3,Heracleum sosnowskyi,3,Heracleum sosnowskyi,555,1,1,3,3,Europe,True,True,True,58_42,8,75,ready,False
hazard,hazard_Heracleum_sosnowskyi_384070230.jpg,Heracleum sosnowskyi,hazard,0.9840,True,119,Solanum carolinense,12,Heracleum mantegazzianum,12,Heracleum mantegazzianum,33,Heracleum sosnowskyi,33,Heracleum sosnowskyi,0.9883,True,405,Toxicodendron diversilobum,2,Heracleum mantegazzianum,2,Heracleum mantegazzianum,10,Heracleum maximum,10,Heracleum maximum,119,2,2,10,10,Asia,True,True,True,47_143,7,75,ready,False
hazard,hazard_Heracleum_sphondylium_406995060.jpg,Heracleum sphondylium,hazard,0.9717,True,168,Toxicodendron diversilobum,19,Heracleum maximum,19,Heracleum maximum,50,Urtica dioica,21,Heracleum sphondylium,0.9857,True,97,Toxicodendron diversilobum,2,Heracleum maximum,2,Heracleum maximum,90,Pentaglottis sempervirens,5,Heracleum sphondylium,97,2,2,50,5,Europe,False,True,True,53_-3,10,75,ready,False
hazard,hazard_Heracleum_sphondylium_406784917.jpg,Heracleum sphondylium,hazard,0.8707,True,983,Toxicodendron diversilobum,5,Heracleum maximum,1,Heracleum sphondylium,7,Heracleum mantegazzianum,1,Heracleum sphondylium,0.9313,True,469,Phytolacca americana,1,Heracleum maximum,1,Heracleum maximum,4,Heracleum mantegazzianum,4,Heracleum mantegazzianum,469,1,1,4,1,Europe,False,True,True,51_-3,10,75,ready,False
hazard,hazard_Heracleum_sphondylium_406609414.jpg,Heracleum sphondylium,hazard,0.9726,True,909,Phytolacca americana,4,Heracleum sosnowskyi,1,Heracleum sphondylium,8,Heracleum mantegazzianum,1,Heracleum sphondylium,0.9765,True,100,Solanum carolinense,18,Heracleum sosnowskyi,11,Heracleum sphondylium,31,Arctium lappa,11,Heracleum sphondylium,100,4,1,8,1,Europe,False,True,True,51_6,10,75,ready,False
hazard,hazard_Heracleum_sphondylium_406190071.jpg,Heracleum sphondylium,hazard,0.9800,True,32,Toxicodendron diversilobum,4,Heracleum maximum,4,Heracleum maximum,32,Toxicodendron diversilobum,32,Toxicodendron diversilobum,0.9803,True,61,Toxicodendron diversilobum,6,Heracleum maximum,6,Heracleum maximum,61,Toxicodendron diversilobum,61,Toxicodendron diversilobum,32,4,4,32,32,Europe,False,True,True,54_-3,9,75,ready,False
hazard,hazard_Heracleum_maximum_378351755.jpg,Heracleum maximum,hazard,0.9893,True,164,Toxicodendron diversilobum,1,Heracleum maximum,1,Heracleum maximum,1,Heracleum maximum,1,Heracleum maximum,0.9936,True,325,Phytolacca americana,1,Heracleum maximum,1,Heracleum maximum,1,Heracleum maximum,1,Heracleum maximum,164,1,1,1,1,Asia,True,True,True,53_158,7,75,ready,False
hazard,hazard_Heracleum_maximum_403171366.jpg,Heracleum maximum,hazard,0.9733,True,395,Toxicodendron diversilobum,1,Heracleum maximum,1,Heracleum maximum,1,Heracleum maximum,1,Heracleum maximum,0.9793,True,420,Solanum carolinense,2,Heracleum maximum,2,Heracleum maximum,2,Heracleum maximum,2,Heracleum maximum,395,1,1,1,1,Canada,True,True,True,54_-111,9,75,ready,False
hazard,hazard_Heracleum_maximum_235310452.jpg,Heracleum maximum,hazard,0.9647,True,462,Toxicodendron diversilobum,37,Schinus terebinthifolia,37,Schinus terebinthifolia,329,Urtica dioica,329,Urtica dioica,0.9738,True,278,Toxicodendron diversilobum,1,Heracleum maximum,1,Heracleum maximum,1,Heracleum maximum,1,Heracleum maximum,278,1,1,1,1,Asia,True,True,True,53_159,8,75,ready,False
hazard,hazard_Heracleum_maximum_400644107.jpg,Heracleum maximum,hazard,0.9765,True,245,Toxicodendron diversilobum,14,Heracleum maximum,14,Heracleum maximum,14,Heracleum maximum,14,Heracleum maximum,0.9814,True,233,Toxicodendron diversilobum,1,Heracleum maximum,1,Heracleum maximum,1,Heracleum maximum,1,Heracleum maximum,233,1,1,1,1,Canada,True,True,True,54_-123,9,75,ready,False
hazard,hazard_Pastinaca_sativa_406497686.jpg,Pastinaca sativa,hazard,0.9680,True,1732,Toxicodendron diversilobum,13,Pastinaca sativa,13,Pastinaca sativa,13,Pastinaca sativa,13,Pastinaca sativa,0.9872,True,1194,Toxicodendron diversilobum,14,Pastinaca sativa,11,Heracleum sphondylium,14,Pastinaca sativa,14,Pastinaca sativa,1194,13,11,13,13,Europe,True,True,True,53_45,8,75,ready,False
hazard,hazard_Pastinaca_sativa_295403303.jpg,Pastinaca sativa,hazard,0.9151,True,121,Toxicodendron diversilobum,2,Pastinaca sativa,2,Pastinaca sativa,2,Pastinaca sativa,2,Pastinaca sativa,0.9168,True,283,Toxicodendron diversilobum,3,Pastinaca sativa,3,Pastinaca sativa,3,Pastinaca sativa,3,Pastinaca sativa,121,2,2,2,2,Asia,True,True,True,57_61,7,75,ready,False
hazard,hazard_Pastinaca_sativa_387065358.jpg,Pastinaca sativa,hazard,0.9426,True,645,Toxicodendron vernix,1,Pastinaca sativa,1,Pastinaca sativa,1,Pastinaca sativa,1,Pastinaca sativa,0.9561,True,416,Toxicodendron diversilobum,1,Pastinaca sativa,1,Pastinaca sativa,1,Pastinaca sativa,1,Pastinaca sativa,416,1,1,1,1,Canada,True,True,True,50_-96,7,75,ready,False
hazard,hazard_Pastinaca_sativa_401246006.jpg,Pastinaca sativa,hazard,0.9259,True,639,Toxicodendron rydbergii,30,Ranunculus sceleratus,30,Ranunculus sceleratus,30,Ranunculus sceleratus,30,Ranunculus sceleratus,0.9360,True,330,Toxicodendron rydbergii,3,Euphorbia cyparissias,3,Euphorbia cyparissias,3,Euphorbia cyparissias,3,Euphorbia cyparissias,330,3,3,3,3,Europe,True,True,True,51_0,9,75,ready,False
hazard,hazard_Pastinaca_sativa_248432727.jpg,Pastinaca sativa,hazard,0.9755,True,671,Toxicodendron rydbergii,4,Pastinaca sativa,4,Pastinaca sativa,4,Pastinaca sativa,4,Pastinaca sativa,0.9901,True,752,Toxicodendron radicans,2,Pastinaca sativa,2,Pastinaca sativa,2,Pastinaca sativa,2,Pastinaca sativa,671,2,2,2,2,Asia,True,True,True,60_60,10,75,ready,False
hazard,hazard_Euphorbia_cyparissias_406587038.jpg,Euphorbia cyparissias,hazard,0.9770,True,1139,Toxicodendron diversilobum,1,Euphorbia cyparissias,1,Euphorbia cyparissias,1,Euphorbia cyparissias,1,Euphorbia cyparissias,0.9902,True,670,Toxicodendron rydbergii,10,Euphorbia cyparissias,10,Euphorbia cyparissias,10,Euphorbia cyparissias,10,Euphorbia cyparissias,670,1,1,1,1,Europe,True,True,True,49_-2,10,75,ready,False
hazard,hazard_Euphorbia_cyparissias_119038818.jpg,Euphorbia cyparissias,hazard,0.9776,True,1483,Phytolacca americana,3,Euphorbia cyparissias,3,Euphorbia cyparissias,3,Euphorbia cyparissias,3,Euphorbia cyparissias,0.9865,True,1523,Toxicodendron rydbergii,1,Euphorbia cyparissias,1,Euphorbia cyparissias,1,Euphorbia cyparissias,1,Euphorbia cyparissias,1483,1,1,1,1,Asia,True,True,True,54_88,5,75,ready,False
hazard,hazard_Euphorbia_cyparissias_366424273.jpg,Euphorbia cyparissias,hazard,0.9300,True,72,Toxicodendron rydbergii,1,Euphorbia cyparissias,1,Euphorbia cyparissias,1,Euphorbia cyparissias,1,Euphorbia cyparissias,0.9484,True,48,Toxicodendron rydbergii,1,Euphorbia cyparissias,1,Euphorbia cyparissias,1,Euphorbia cyparissias,1,Euphorbia cyparissias,48,1,1,1,1,Canada,True,True,True,45_-76,5,75,ready,False
hazard,hazard_Euphorbia_cyparissias_406392683.jpg,Euphorbia cyparissias,hazard,0.9896,True,968,Toxicodendron pubescens,1,Euphorbia cyparissias,1,Euphorbia cyparissias,1,Euphorbia cyparissias,1,Euphorbia cyparissias,0.9870,True,627,Toxicodendron pubescens,1,Euphorbia cyparissias,1,Euphorbia cyparissias,1,Euphorbia cyparissias,1,Euphorbia cyparissias,627,1,1,1,1,Europe,True,True,True,45_14,10,75,ready,False
hazard,hazard_Euphorbia_virgata_369007998.jpg,Euphorbia virgata,hazard,0.9778,True,567,Toxicodendron rydbergii,2,Euphorbia amygdaloides,2,Euphorbia amygdaloides,108,Sedum acre,108,Sedum acre,0.9729,True,147,Toxicodendron rydbergii,2,Euphorbia cyparissias,2,Euphorbia cyparissias,90,Sedum acre,90,Sedum acre,147,2,2,90,90,Georgia,False,False,True,42_45,6,75,ready,False
hazard,hazard_Euphorbia_virgata_392907952.jpg,Euphorbia virgata,hazard,0.9454,True,358,Toxicodendron rydbergii,2,Euphorbia cyparissias,2,Euphorbia cyparissias,2,Euphorbia cyparissias,2,Euphorbia cyparissias,0.9522,True,525,Toxicodendron pubescens,14,Euphorbia cyparissias,14,Euphorbia cyparissias,14,Euphorbia cyparissias,14,Euphorbia cyparissias,358,2,2,2,2,Europe,False,False,True,55_38,8,75,ready,False
hazard,hazard_Euphorbia_virgata_221036587.jpg,Euphorbia virgata,hazard,0.9355,True,86,Toxicodendron rydbergii,2,Euphorbia cyparissias,2,Euphorbia cyparissias,38,Pastinaca sativa,38,Pastinaca sativa,0.9509,True,42,Toxicodendron rydbergii,2,Euphorbia cyparissias,2,Euphorbia cyparissias,42,Toxicodendron rydbergii,42,Toxicodendron rydbergii,42,2,2,38,38,Asia,False,False,True,54_103,6,75,ready,False
hazard,hazard_Euphorbia_virgata_402628874.jpg,Euphorbia virgata,hazard,0.9725,True,1814,Toxicodendron diversilobum,75,Codiaeum variegatum,75,Codiaeum variegatum,591,Apocynum cannabinum,591,Apocynum cannabinum,0.9774,True,701,Toxicodendron rydbergii,11,Daphne gnidium,11,Daphne gnidium,76,Apocynum cannabinum,76,Apocynum cannabinum,701,11,11,76,76,Canada,False,False,True,54_-113,9,75,ready,False
hazard,hazard_Chelidonium_majus_169585329.jpg,Chelidonium majus,hazard,0.9627,True,413,Solanum carolinense,9,Ranunculus repens,9,Ranunculus repens,9,Ranunculus repens,9,Ranunculus repens,0.9265,True,313,Solanum carolinense,5,Ranunculus repens,5,Ranunculus repens,5,Ranunculus repens,5,Ranunculus repens,313,5,5,5,5,Georgia,False,False,True,42_45,6,75,ready,False
hazard,hazard_Chelidonium_majus_407057708.jpg,Chelidonium majus,hazard,0.9598,True,596,Solanum carolinense,11,Fumaria officinalis,11,Fumaria officinalis,18,Ranunculus repens,18,Ranunculus repens,0.9460,True,396,Solanum carolinense,14,Ranunculus repens,14,Ranunculus repens,14,Ranunculus repens,14,Ranunculus repens,396,11,11,14,14,Europe,False,False,True,48_1,10,75,ready,False
hazard,hazard_Chelidonium_majus_360646683.jpg,Chelidonium majus,hazard,0.9815,True,23,Solanum carolinense,7,Cnidoscolus texanus,7,Cnidoscolus texanus,23,Solanum carolinense,23,Solanum carolinense,0.9765,True,274,Solanum carolinense,10,Ranunculus repens,10,Ranunculus repens,10,Ranunculus repens,10,Ranunculus repens,23,7,7,10,10,Asia,False,False,True,41_45,5,75,ready,False
hazard,hazard_Chelidonium_majus_403405927.jpg,Chelidonium majus,hazard,0.9776,True,33,Toxicodendron diversilobum,29,Heracleum maximum,7,Marah fabacea,33,Toxicodendron diversilobum,33,Toxicodendron diversilobum,0.9793,True,33,Toxicodendron diversilobum,31,Heracleum maximum,31,Heracleum maximum,33,Toxicodendron diversilobum,33,Toxicodendron diversilobum,33,29,7,33,33,Canada,False,False,True,46_-74,9,75,ready,False
hazard,hazard_Ficus_carica_406992462.jpg,Ficus carica,hazard,0.9709,True,488,Toxicodendron diversilobum,1,Ficus carica,1,Ficus carica,1,Ficus carica,1,Ficus carica,0.9607,True,161,Toxicodendron diversilobum,1,Ficus carica,1,Ficus carica,1,Ficus carica,1,Ficus carica,161,1,1,1,1,Europe,True,True,True,37_-8,10,75,ready,False
hazard,hazard_Ficus_carica_322038044.jpg,Ficus carica,hazard,0.9798,True,187,Toxicodendron diversilobum,3,Ficus carica,3,Ficus carica,3,Ficus carica,3,Ficus carica,0.9848,True,726,Toxicodendron diversilobum,1,Ficus carica,1,Ficus carica,1,Ficus carica,1,Ficus carica,187,1,1,1,1,Asia,True,True,True,35_34,10,75,ready,False
hazard,hazard_Ficus_carica_404297181.jpg,Ficus carica,hazard,0.9483,True,259,Phytolacca americana,1,Ficus carica,1,Ficus carica,1,Ficus carica,1,Ficus carica,0.9644,True,412,Toxicodendron diversilobum,1,Ficus carica,1,Ficus carica,1,Ficus carica,1,Ficus carica,259,1,1,1,1,Europe,True,True,True,46_6,9,75,ready,False
hazard,hazard_Ficus_carica_312884329.jpg,Ficus carica,hazard,0.7540,True,1614,Toxicodendron diversilobum,50,Clematis paniculata,50,Clematis paniculata,284,Ficus carica,284,Ficus carica,0.8317,True,1270,Toxicodendron radicans,13,Araujia sericifera,13,Araujia sericifera,140,Euphorbia peplus,140,Euphorbia peplus,1270,13,13,140,140,Asia,True,True,True,41_29,8,75,ready,False
safe,safe_Lamium_album_406332622.jpg,Lamium album,safe,0.9652,True,450,Solanum carolinense,3,Urtica dioica,3,Urtica dioica,3,Urtica dioica,3,Urtica dioica,0.9684,True,651,Solanum carolinense,5,Urtica dioica,5,Urtica dioica,5,Urtica dioica,5,Urtica dioica,450,3,3,3,3,Europe,False,False,True,53_-2,10,75,ready,False
safe,safe_Lamium_album_289846028.jpg,Lamium album,safe,0.9618,True,218,Solanum carolinense,15,Urtica dioica,15,Urtica dioica,15,Urtica dioica,15,Urtica dioica,0.9637,True,730,Solanum carolinense,8,Urtica dioica,8,Urtica dioica,8,Urtica dioica,8,Urtica dioica,218,8,8,8,8,Asia,False,False,True,56_86,6,75,ready,False
safe,safe_Lamium_purpureum_405740598.jpg,Lamium purpureum,safe,0.9614,True,1914,Toxicodendron diversilobum,23,Urtica urens,23,Urtica urens,23,Urtica urens,23,Urtica urens,0.9480,True,1261,Solanum carolinense,27,Urtica dioica,27,Urtica dioica,27,Urtica dioica,27,Urtica dioica,1261,23,23,23,23,Europe,False,False,True,48_8,10,75,ready,False
safe,safe_Lamium_purpureum_352050799.jpg,Lamium purpureum,safe,0.8894,True,1509,Solanum carolinense,48,Urtica dioica,48,Urtica dioica,310,Ficaria verna,93,Heracleum sphondylium,0.8836,True,1466,Phytolacca americana,42,Fumaria officinalis,42,Fumaria officinalis,95,Ficaria verna,95,Ficaria verna,1466,42,42,95,93,Asia,False,False,True,36_139,4,75,ready,False
safe,safe_Lamium_maculatum_405464332.jpg,Lamium maculatum,safe,0.9593,True,1010,Phytolacca americana,16,Urtica dioica,16,Urtica dioica,16,Urtica dioica,16,Urtica dioica,0.9783,True,811,Solanum carolinense,6,Urtica dioica,6,Urtica dioica,6,Urtica dioica,6,Urtica dioica,811,6,6,6,6,Europe,False,False,True,55_24,10,75,ready,False
safe,safe_Lamium_maculatum_35490267.jpg,Lamium maculatum,safe,0.9373,True,265,Solanum carolinense,26,Urtica dioica,26,Urtica dioica,51,Urtica urens,51,Urtica urens,0.9737,True,909,Solanum carolinense,4,Urtica dioica,4,Urtica dioica,8,Urtica urens,8,Urtica urens,265,4,4,8,8,Asia,False,False,True,37_34,11,150,not_enough,False
safe,safe_Galeopsis_tetrahit_401821027.jpg,Galeopsis tetrahit,safe,0.9752,True,184,Solanum carolinense,174,Arctium lappa,184,Solanum carolinense,184,Solanum carolinense,184,Solanum carolinense,0.9831,True,109,Solanum carolinense,109,Solanum carolinense,109,Solanum carolinense,109,Solanum carolinense,109,Solanum carolinense,109,109,109,109,109,Europe,False,False,True,48_7,9,75,ready,False
safe,safe_Galeopsis_tetrahit_401720229.jpg,Galeopsis tetrahit,safe,0.9767,True,443,Solanum carolinense,34,Urtica dioica,34,Urtica dioica,232,Arctium lappa,443,Solanum carolinense,0.9711,True,301,Solanum carolinense,47,Urtica dioica,47,Urtica dioica,219,Trifolium hybridum,301,Solanum carolinense,301,34,34,219,301,Canada,False,False,True,51_-114,9,75,ready,False
safe,safe_Stachys_sylvatica_402996235.jpg,Stachys sylvatica,safe,0.9634,True,1658,Solanum carolinense,22,Centella asiatica,49,Dioscorea communis,49,Dioscorea communis,49,Dioscorea communis,0.9551,True,617,Toxicodendron diversilobum,33,Urtica urens,33,Urtica urens,33,Urtica urens,33,Urtica urens,617,22,33,33,33,Europe,False,False,True,52_-1,9,75,ready,False
safe,safe_Stachys_sylvatica_402003964.jpg,Stachys sylvatica,safe,0.9674,True,612,Phytolacca americana,10,Urtica dioica,10,Urtica dioica,10,Urtica dioica,10,Urtica dioica,0.9593,True,1082,Phytolacca americana,7,Urtica dioica,7,Urtica dioica,7,Urtica dioica,7,Urtica dioica,612,7,7,7,7,Europe,False,False,True,60_11,9,75,ready,False
safe,safe_Ballota_nigra_406789771.jpg,Ballota nigra,safe,0.9693,True,1415,Solanum carolinense,29,Urtica dioica,29,Urtica dioica,29,Urtica dioica,29,Urtica dioica,0.9484,True,626,Toxicodendron diversilobum,55,Turricula parryi,55,Turricula parryi,80,Urtica dioica,80,Urtica dioica,626,29,29,29,29,Europe,False,False,True,52_0,10,75,ready,False
safe,safe_Ballota_nigra_406778039.jpg,Ballota nigra,safe,0.9644,True,939,Toxicodendron diversilobum,36,Eucnide urens,36,Eucnide urens,297,Pentaglottis sempervirens,297,Pentaglottis sempervirens,0.9501,True,686,Toxicodendron diversilobum,39,Phacelia sericea,39,Phacelia sericea,53,Echium plantagineum,90,Pentaglottis sempervirens,686,36,36,53,90,Europe,False,False,True,56_12,8,75,ready,False
safe,safe_Mentha_longifolia_403932334.jpg,Mentha longifolia,safe,0.9703,True,181,Phytolacca americana,86,Urtica dioica,86,Urtica dioica,86,Urtica dioica,86,Urtica dioica,0.9827,True,90,Phytolacca americana,60,Apocynum cannabinum,60,Apocynum cannabinum,62,Urtica dioica,62,Urtica dioica,90,60,60,62,62,Europe,False,False,True,49_19,9,75,ready,False
safe,safe_Mentha_longifolia_86761758.jpg,Mentha longifolia,safe,0.9346,True,1367,Phytolacca americana,143,Echium plantagineum,148,Fumaria officinalis,366,Daucus carota,366,Daucus carota,0.9282,True,925,Phytolacca americana,55,Phacelia sericea,55,Phacelia sericea,491,Daucus carota,491,Daucus carota,925,55,55,366,366,Asia,False,False,True,32_35,7,75,ready,False
safe,safe_Melissa_officinalis_391358863.jpg,Melissa officinalis,safe,0.9628,True,990,Solanum carolinense,21,Urtica urens,21,Urtica urens,26,Urtica dioica,26,Urtica dioica,0.9643,True,836,Solanum carolinense,29,Urtica dioica,29,Urtica dioica,29,Urtica dioica,29,Urtica dioica,836,21,21,26,26,Europe,False,False,True,47_-1,8,75,ready,False
safe,safe_Melissa_officinalis_282320818.jpg,Melissa officinalis,safe,0.9745,True,517,Toxicodendron diversilobum,12,Urtica chamaedryoides,12,Urtica chamaedryoides,267,Urtica dioica,267,Urtica dioica,0.9772,True,1050,Solanum carolinense,10,Urtica chamaedryoides,10,Urtica chamaedryoides,94,Urtica dioica,94,Urtica dioica,517,10,10,94,94,Asia,False,False,True,43_75,5,75,ready,False
safe,safe_Filipendula_ulmaria_406407244.jpg,Filipendula ulmaria,safe,0.9697,True,1357,Phytolacca americana,78,Heracleum mantegazzianum,20,Heracleum sphondylium,111,Urtica dioica,20,Heracleum sphondylium,0.9830,True,1059,Toxicodendron vernix,94,Heracleum mantegazzianum,26,Heracleum sphondylium,109,Urtica dioica,26,Heracleum sphondylium,1059,78,20,109,20,Europe,False,False,True,54_-7,10,75,ready,False
safe,safe_Filipendula_ulmaria_307275447.jpg,Filipendula ulmaria,safe,0.9122,True,1030,Toxicodendron vernix,39,Urtica dioica,13,Heracleum sphondylium,39,Urtica dioica,13,Heracleum sphondylium,0.9497,True,307,Toxicodendron vernix,78,Daucus carota,78,Daucus carota,78,Daucus carota,78,Daucus carota,307,39,13,39,13,Canada,False,False,True,46_-63,8,75,ready,False
safe,safe_Carum_carvi_354310919.jpg,Carum carvi,safe,0.9463,True,919,Toxicodendron rydbergii,4,Conium maculatum,4,Conium maculatum,4,Conium maculatum,4,Conium maculatum,0.9730,True,1268,Toxicodendron diversilobum,2,Conium maculatum,2,Conium maculatum,2,Conium maculatum,2,Conium maculatum,919,2,2,2,2,Europe,False,False,True,48_16,4,75,ready,False
safe,safe_Carum_carvi_291827465.jpg,Carum carvi,safe,0.9562,True,158,Toxicodendron pubescens,5,Daucus carota,5,Daucus carota,158,Toxicodendron pubescens,158,Toxicodendron pubescens,0.9376,True,425,Toxicodendron radicans,7,Daucus carota,7,Daucus carota,425,Toxicodendron radicans,425,Toxicodendron radicans,158,5,5,158,158,Asia,False,False,True,60_60,6,75,ready,False
safe,safe_Astrantia_major_392839928.jpg,Astrantia major,safe,0.9379,True,2166,Phytolacca americana,38,Heracleum mantegazzianum,15,Heracleum sphondylium,38,Heracleum mantegazzianum,15,Heracleum sphondylium,0.9586,True,2412,Phytolacca americana,41,Heracleum mantegazzianum,14,Heracleum sphondylium,41,Heracleum mantegazzianum,14,Heracleum sphondylium,2166,38,14,38,14,Europe,False,False,True,49_24,8,75,ready,False
safe,safe_Astrantia_major_174753554.jpg,Astrantia major,safe,0.9235,True,1004,Solanum carolinense,17,Trifolium hybridum,33,Heracleum maximum,17,Trifolium hybridum,33,Heracleum maximum,0.8367,True,1890,Toxicodendron rydbergii,12,Daucus carota,12,Daucus carota,12,Daucus carota,12,Daucus carota,1004,12,12,12,12,Canada,False,False,True,47_-84,7,75,ready,False
safe,safe_Angelica_atropurpurea_370753382.jpg,Angelica atropurpurea,safe,0.9736,True,1167,Phytolacca americana,7,Heracleum sosnowskyi,6,Heracleum sphondylium,11,Pastinaca sativa,11,Pastinaca sativa,0.9814,True,896,Phytolacca americana,7,Heracleum sosnowskyi,5,Heracleum sphondylium,9,Heracleum maximum,9,Heracleum maximum,896,7,5,9,9,Canada,False,False,True,44_-81,6,75,ready,False
safe,safe_Angelica_atropurpurea_362572431.jpg,Angelica atropurpurea,safe,0.9714,True,109,Phytolacca americana,8,Heracleum mantegazzianum,8,Heracleum mantegazzianum,8,Heracleum mantegazzianum,8,Heracleum mantegazzianum,0.9739,True,402,Phytolacca americana,5,Heracleum maximum,5,Heracleum maximum,5,Heracleum maximum,5,Heracleum maximum,109,5,5,5,5,Canada,False,False,True,43_-80,5,75,ready,False
safe,safe_Smyrnium_olusatrum_405866823.jpg,Smyrnium olusatrum,safe,0.9038,True,1167,Toxicodendron diversilobum,2,Conium maculatum,2,Conium maculatum,70,Daucus carota,70,Daucus carota,0.9112,True,1440,Phytolacca americana,4,Conium maculatum,4,Conium maculatum,11,Pastinaca sativa,11,Pastinaca sativa,1167,2,2,11,11,Europe,False,False,True,44_7,10,75,ready,False
safe,safe_Smyrnium_olusatrum_5218204.jpg,Smyrnium olusatrum,safe,0.9621,True,545,Phytolacca americana,1,Heracleum maximum,1,Heracleum maximum,36,Ricinus communis,36,Ricinus communis,0.9665,True,177,Toxicodendron diversilobum,4,Conium maculatum,4,Conium maculatum,15,Ficus carica,15,Ficus carica,177,1,1,15,15,Asia,False,False,True,35_33,3,75,ready,False
safe,safe_Geranium_robertianum_406315823.jpg,Geranium robertianum,safe,0.9748,True,1100,Toxicodendron diversilobum,7,Ranunculus repens,7,Ranunculus repens,7,Ranunculus repens,7,Ranunculus repens,0.9792,True,723,Toxicodendron radicans,7,Conium maculatum,7,Conium maculatum,22,Daucus carota,22,Daucus carota,723,7,7,7,7,Europe,False,False,True,56_-4,10,75,ready,False
safe,safe_Geranium_robertianum_403518727.jpg,Geranium robertianum,safe,0.9789,True,1005,Toxicodendron radicans,45,Heracleum maximum,45,Heracleum maximum,412,Moneses uniflora,412,Moneses uniflora,0.9639,True,819,Toxicodendron diversilobum,45,Fumaria officinalis,45,Fumaria officinalis,438,Moneses uniflora,438,Moneses uniflora,819,45,45,412,412,Asia,False,False,True,24_121,5,75,ready,False
safe,safe_Leucanthemum_vulgare_394789161.jpg,Leucanthemum vulgare,safe,0.8928,True,1248,Solanum carolinense,3,Anthemis cotula,60,Daucus carota,60,Daucus carota,60,Daucus carota,0.8804,True,1202,Solanum carolinense,3,Anthemis cotula,127,Pulsatilla occidentalis,117,Trifolium hybridum,159,Daucus carota,1202,3,60,60,60,Europe,False,False,True,51_17,8,75,ready,False
safe,safe_Leucanthemum_vulgare_319319567.jpg,Leucanthemum vulgare,safe,0.9131,True,1345,Solanum carolinense,4,Anthemis cotula,74,Daucus carota,94,Trifolium hybridum,98,Ranunculus repens,0.8882,True,1277,Solanum carolinense,3,Anthemis cotula,21,Daucus carota,87,Conium maculatum,87,Conium maculatum,1277,3,21,87,87,Asia,False,False,True,56_59,7,75,ready,False
