t_ns,sensor_ns,gap_ms,frame_w,frame_h,rotation,verdict,streak,reticle_share,full_share,reticle_hazard_rank,full_hazard_rank,goal_score,goal_rank,af_state,diopters,zoom,focus_matched,crop_ms,resize_ms,gate_ms,bioclip_ms,hazard_ms,goal_ms,verify_ms,frame_ms
137557916740270,137557819626819,,886,1920,90,not_plant,0,0.1498992357195583,0.1498992357195583,,,,,1,-1.0,1.0,true,13.856927,12.120521,81.367969,0.003177,0.009791,4.69E-4,107.371042,107.89901
137558170155270,137558086179944,253.415,886,1920,90,not_plant,0,0.1498992357195583,0.1498992357195583,,,,,1,-1.0,1.0,true,9.73474,12.234323,67.875,0.002812,0.00599,3.12E-4,89.865,89.90026
137558373281936,137558286094736,203.126666,886,1920,90,not_plant,0,0.16696924937730123,0.1609295504955377,,,,,1,-1.0,1.0,true,14.277604,15.303906,69.993594,0.002916,0.006771,3.13E-4,99.605312,99.638438
137558632406624,137558552647653,259.124688,886,1920,90,not_plant,0,0.15779572936079647,0.16116908271786715,,,,,1,-1.0,1.0,true,17.494948,14.463645,69.035521,0.003229,0.007605,3.64E-4,101.024583,101.061041
137558834042040,137558752562444,201.635416,886,1920,90,not_plant,0,0.15693056170067282,0.16298262590249585,,,,,1,0.25157234,1.0,true,15.424427,19.373385,69.385417,0.002448,0.003229,3.64E-4,104.205573,104.242136
137559038154019,137558952477236,204.111979,886,1920,90,not_plant,0,0.15785435275617649,0.16667116249160766,,,,,6,0.25157234,1.0,true,15.468646,15.780625,66.310729,0.002761,0.003698,3.12E-4,97.585209,97.618646
137559303733811,137559219030153,265.579792,886,1920,90,not_plant,0,0.16238232736857305,0.16667429981298734,,,,,6,0.25157234,1.0,true,19.550208,14.774219,70.937917,0.002812,0.006354,3.65E-4,105.334375,105.373542
137559569583863,137559485583278,265.850052,886,1920,90,not_plant,0,0.1671783920750535,0.16732740725832612,,,,,6,0.25157234,1.0,true,13.863854,15.802239,74.783073,0.003229,0.007917,4.17E-4,104.486979,104.551406
137559836882873,137559752136194,267.29901,886,1920,90,not_plant,0,0.16500183847628078,0.16259757903870115,,,,,6,0.25157234,1.0,true,16.938594,17.456562,69.676563,0.00276,0.003854,2.61E-4,104.103854,104.155781
137560039025217,137559952050986,202.142344,886,1920,90,not_plant,0,0.1672760448460932,0.16804074530291283,,,,,6,0.25157234,1.0,true,15.840417,22.43875,73.681406,0.005052,0.005313,3.64E-4,112.007917,112.049427
137560301321936,137560218604111,262.296719,886,1920,90,not_plant,0,0.17358660049548597,0.1655910062108853,,,,,6,0.25157234,1.0,true,17.965677,17.75875,65.080365,0.002969,0.00427,3.13E-4,100.825834,100.864895
137560788460373,137560685071819,487.138437,886,1920,90,not_plant,0,0.16195019907845462,0.16282096952666092,,,,,6,0.25157234,1.0,true,16.462187,20.054375,101.246146,0.00349,0.004271,4.68E-4,137.791302,137.830052
137561033819331,137560951624944,245.358958,886,1920,90,not_plant,0,0.16562376019478875,0.15645979426698223,,,,,6,0.25157234,1.0,true,16.302916,14.392396,86.355729,0.002761,0.004375,5.21E-4,117.08401,117.123594
137561241554383,137561151539528,207.735052,886,1920,90,not_plant,0,0.1626703723646571,0.15810282009940305,,,,,6,0.25157234,1.0,true,28.090365,25.974531,115.687552,0.003542,0.005052,5.2E-4,169.789948,169.850417
137561499627300,137561418092653,258.072917,886,1920,90,not_plant,0,0.16469639744004294,0.16186135182976627,,,,,6,0.25157234,1.0,true,17.981719,15.712344,93.60802,0.005261,0.006666,4.17E-4,127.344583,127.390468
137561703070112,137561618007444,203.442812,886,1920,90,not_plant,0,0.16534313921269836,0.15981396127902722,,,,,6,0.25157234,1.0,true,16.726302,19.413541,116.38349,0.004844,0.006979,5.21E-4,152.573385,152.648438
137561974679852,137561884560361,271.60974,886,1920,90,not_plant,0,0.16250189906141485,0.1587703183363696,,,,,6,0.25157234,1.0,true,18.58151,18.002448,95.326198,0.003281,0.005417,4.68E-4,131.957447,132.004531
137562237319591,137562151113486,262.639739,886,1920,90,not_plant,0,0.1562479748229879,0.1603678198620327,,,,,6,0.25157234,1.0,true,19.045521,18.739218,99.205313,0.004479,0.006354,0.015156,137.033698,137.078958
137562440326258,137562351028278,203.006667,886,1920,90,not_plant,0,0.15908843574394588,0.15898692950665902,,,,,6,0.25157234,1.0,true,26.294063,21.741094,102.635833,0.004583,0.005365,4.69E-4,150.699323,150.764687
137562702556362,137562617581194,262.230104,886,1920,90,not_plant,0,0.16351607207024174,0.15895375597531222,,,,,6,0.25157234,1.0,true,18.102344,17.570156,134.314062,0.003542,0.005208,4.69E-4,170.016458,170.067656
137562969342560,137562884134319,266.786198,886,1920,90,not_plant,0,0.1627962892425797,0.16386066816948844,,,,,6,0.25157234,1.0,true,19.340312,17.475208,84.448386,0.003125,0.004687,4.17E-4,121.291302,121.331666
137563233633236,137563150687236,264.290676,886,1920,90,not_plant,0,0.16178818987557234,0.16057986090129936,,,,,6,0.25157234,1.0,true,25.561771,23.882604,94.115833,0.00349,0.004896,4.69E-4,143.593854,143.649428
137563440299434,137563350602028,206.666198,886,1920,90,not_plant,0,0.16461225465358212,0.1591136307357515,,,,,6,0.25157234,1.0,true,23.992552,17.722135,111.700573,0.003177,0.004896,3.65E-4,153.448333,153.507761
137563701465215,137563617154944,261.165781,886,1920,90,not_plant,0,0.15672239164453008,0.16305544688859602,,,,,6,0.25157234,1.0,true,21.41151,15.42948,94.499062,0.002448,0.00474,3.64E-4,131.374115,131.412917
137563902338028,137563817069736,200.872813,886,1920,90,not_plant,0,0.15937554313961505,0.16089749503561884,,,,,6,0.25157234,1.0,true,26.61849,20.247343,89.946511,0.002916,0.004375,4.69E-4,136.846875,136.905989
137564110491778,137564016984528,208.15375,886,1920,90,not_plant,0,0.15826524748985776,0.15911646602861823,,,,,6,0.25157234,1.0,true,27.906042,19.41125,96.46151,0.008178,0.012708,5.21E-4,143.862605,143.943073
137564375529017,137564283537653,265.037239,886,1920,90,not_plant,0,0.16018712387181971,0.16233756791172044,,,,,6,0.25157234,1.0,true,27.680313,29.303125,99.363698,0.009114,0.012969,5.21E-4,156.4,156.490938
137564732986205,137564616728903,357.457188,886,1920,90,not_plant,0,0.16605381595341392,0.156344959735677,,,,,6,0.25157234,1.0,true,21.194427,16.808698,96.981198,0.003906,0.00698,5.2E-4,135.020365,135.077343
137564968458392,137564883281819,235.472187,886,1920,90,not_plant,0,0.1586309073009556,0.15849916331207523,,,,,6,0.25157234,1.0,true,20.907083,17.758646,94.692969,0.003229,0.004635,4.69E-4,133.387292,133.44875
137565169469382,137565083196611,201.01099,886,1920,90,not_plant,0,0.16176361878789272,0.15802440101033427,,,,,6,0.25157234,1.0,true,27.100572,15.777605,108.468958,0.003594,0.005677,5.73E-4,151.380625,151.439531
137565441740996,137565349749736,272.271614,886,1920,90,not_plant,0,0.1627461433522808,0.15977965993467153,,,,,6,0.25157234,1.0,true,25.583281,17.126719,103.964948,0.003594,0.004791,0.015313,146.726719,146.785156
137565704758131,137565616302653,263.017135,886,1920,90,not_plant,0,0.15984349280107504,0.15734911681690325,,,,,6,0.25157234,1.0,true,16.94776,17.69625,96.028125,0.003073,0.00849,4.68E-4,130.715104,130.758438
137565976219381,137565882855778,271.46125,886,1920,90,not_plant,0,0.16324701310877338,0.15831935768197034,,,,,6,0.25157234,1.0,true,26.47573,27.103177,94.438854,0.005364,0.006407,4.68E-4,148.067917,148.134375
137566244959069,137566149408694,268.739688,886,1920,90,not_plant,0,0.16641932745525082,0.1608384501011466,,,,,6,0.25157234,1.0,true,27.803906,22.389583,89.538177,0.004636,0.006093,5.21E-4,139.785781,139.864166
137566509548860,137566415961819,264.589791,886,1920,90,not_plant,0,0.16228638487962732,0.15934269294148215,,,,,6,0.25157234,1.0,true,30.027917,20.022135,86.347344,0.003437,0.005469,3.65E-4,136.420677,136.494479
137566778490371,137566682514736,268.941511,886,1920,90,not_plant,0,0.1600054960234086,0.15605475162634572,,,,,6,0.25157234,1.0,true,25.772812,19.752188,92.673229,0.003542,0.005156,3.64E-4,138.223229,138.290937
137567044658443,137566949067861,266.168072,886,1920,90,not_plant,0,0.161712133702452,0.16006847194114618,,,,,6,0.25157234,1.0,true,23.953542,21.925677,92.982343,0.005469,0.006511,4.68E-4,138.899948,138.974948
137567310451047,137567215620778,265.792604,886,1920,90,not_plant,0,0.16190065893035888,0.16113647197154393,,,,,6,0.25157234,1.0,true,24.189688,20.601146,98.761145,0.004948,0.006094,4.69E-4,143.589479,143.659375
137567585038443,137567482173903,274.587396,886,1920,90,not_plant,0,0.16472134421854118,0.15860613288792938,,,,,6,0.25157234,1.0,true,25.269688,19.344427,87.515833,0.004635,0.006355,3.64E-4,132.16724,132.321406
137567842070995,137567748726819,257.032552,886,1920,90,not_plant,0,0.16592301129639625,0.16100058155486727,,,,,6,0.25157234,1.0,true,21.114792,16.649531,86.362396,0.003177,0.006302,3.65E-4,124.168282,124.240833
137568111184224,137568015279944,269.113229,886,1920,90,not_plant,0,0.16106679408004068,0.16288351106687213,,,,,6,0.25157234,1.0,true,24.155573,21.016927,89.462969,0.003541,0.005365,5.73E-4,134.680156,134.734531
137568372391047,137568281832861,261.206823,886,1920,90,not_plant,0,0.15808694458039296,0.15778032444802942,,,,,6,0.25157234,1.0,true,24.261094,17.812448,90.944739,0.00474,0.006354,4.69E-4,133.068437,133.121979
137568641689901,137568548385778,269.298854,886,1920,90,not_plant,0,0.16564002422885027,0.15439041334485878,,,,,6,0.25157234,1.0,true,26.94349,19.846823,86.573333,0.004636,0.005989,5.21E-4,133.391667,133.46724
137568910454953,137568814938903,268.765052,886,1920,90,not_plant,0,0.1654547159834369,0.15780091009628147,,,,,6,0.25157234,1.0,true,31.978229,17.513646,89.390052,0.005156,0.00625,4.69E-4,138.914896,138.98599
137569169373755,137569081491819,258.918802,886,1920,90,not_plant,0,0.1635271302968971,0.15678364766203423,,,,,6,0.25157234,1.0,true,18.117188,22.851614,90.520625,0.003542,0.00625,4.69E-4,131.523438,131.56974
137569372339120,137569281406611,202.965365,886,1920,90,not_plant,0,0.16236172557455628,0.1596206215479753,,,,,6,0.25157234,1.0,true,18.103594,22.691302,89.600573,0.003802,0.006875,4.69E-4,130.433125,130.514635
137569578997401,137569481321403,206.658281,886,1920,90,not_plant,0,0.15958202958907722,0.15776181990154942,,,,,6,0.25157234,1.0,true,25.639636,26.800208,88.09599,0.003906,0.005625,4.16E-4,140.571406,140.648593
137569841974119,137569747874528,262.976718,886,1920,90,not_plant,0,0.15881639591453225,0.15609517076492474,,,,,6,0.25157234,1.0,true,26.529531,29.426563,87.201666,0.004375,0.006094,4.17E-4,143.200573,143.279115
137570110426463,137570014427444,268.452344,886,1920,90,not_plant,0,0.16166618447626835,0.1572632503261548,,,,,6,0.25157234,1.0,true,27.197761,19.70177,89.201042,0.003646,0.005364,4.69E-4,136.145938,136.220833
137570375520109,137570280980569,265.093646,886,1920,90,not_plant,0,0.1613735037577766,0.15598357004069835,,,,,6,0.25157234,1.0,true,28.304791,22.78,85.147136,0.003854,0.005313,4.68E-4,136.271458,136.345208
137570576126359,137570480895361,200.60625,886,1920,90,not_plant,0,0.160207332518122,0.15978096488423413,,,,,6,0.25157234,1.0,true,16.084323,23.262031,98.516146,0.004375,0.006094,4.17E-4,137.911406,137.976354
137570843619223,137570747448278,267.492864,886,1920,90,not_plant,0,0.16562879876741116,0.15976752758826707,,,,,6,0.25157234,1.0,true,25.700157,22.547083,84.934375,0.003229,0.005938,3.64E-4,133.206302,133.280313
137571108964640,137571014001194,265.345417,886,1920,90,not_plant,0,0.1598823956427593,0.16067742627070325,,,,,6,0.25157234,1.0,true,28.442083,23.144479,88.419115,0.004271,0.005677,4.69E-4,140.069896,140.149791
137571384581306,137571280554319,275.616666,886,1920,90,not_plant,0,0.15861249079855205,0.16140052882765268,,,,,6,0.25157234,1.0,true,27.373698,24.46052,87.68599,0.004896,0.006302,4.69E-4,139.555729,139.625469
137571642000212,137571547107236,257.418906,886,1920,90,not_plant,0,0.1572597905109855,0.16148625763309846,,,,,6,0.25157234,1.0,true,17.49625,22.271354,89.841406,0.004739,0.005261,4.17E-4,129.647083,129.7025
137571898169119,137571813660361,256.168907,886,1920,90,not_plant,0,0.15961541690725958,0.1594634015993876,,,,,6,0.25157234,1.0,true,23.090833,14.979375,85.956094,0.004166,0.005886,3.64E-4,124.065156,124.112031
137572109459900,137572013575153,211.290781,886,1920,90,not_plant,0,0.15843985806834932,0.1576196598456822,,,,,6,0.25157234,1.0,true,27.514948,21.3125,101.271979,0.004479,0.005677,5.21E-4,150.142292,150.217083
137572377483858,137572280128069,268.023958,886,1920,90,not_plant,0,0.16155708886179673,0.15612166875277797,,,,,6,0.25157234,1.0,true,26.654114,17.412917,91.072656,0.004063,0.006667,4.68E-4,135.189114,135.259844
137572643283858,137572546681194,265.8,886,1920,90,not_plant,0,0.16522416200365,0.16036427985153212,,,,,6,0.25157234,1.0,true,19.329063,23.963542,97.858698,0.004062,0.005365,4.68E-4,141.199011,141.273177
137572920570837,137572813234111,277.286979,886,1920,90,not_plant,0,0.16389999955483633,0.15620500719903177,,,,,6,0.25157234,1.0,true,25.570156,16.114375,85.137188,0.004375,0.007343,3.65E-4,126.852552,126.917552
137573174550837,137573079787236,253.98,886,1920,90,not_plant,0,0.16334281507757123,0.160120991727794,,,,,6,0.25157234,1.0,true,19.197292,17.206666,88.527604,0.004219,0.005781,3.65E-4,124.959844,125.017656
137573434147972,137573346340153,259.597135,886,1920,90,not_plant,0,0.16528317910422938,0.1565634802659098,,,,,6,0.25157234,1.0,true,18.270052,17.0075,89.097812,0.003229,0.006511,4.68E-4,124.40927,124.46
137573644350160,137573546254944,210.202188,886,1920,90,not_plant,0,0.1652721338303297,0.15858967057460638,,,,,6,0.25157234,1.0,true,18.356927,19.569844,88.074688,0.003593,0.006355,4.16E-4,126.036354,126.1
137573907013284,137573812808069,262.663124,886,1920,90,not_plant,0,0.1650291849200577,0.15878831295241508,,,,,6,0.25157234,1.0,true,24.996093,22.003698,82.886979,0.003698,0.02599,3.65E-4,129.946093,130.017813
137574174268753,137574079360986,267.255469,886,1920,90,not_plant,0,0.1652174532294432,0.16028431241754956,,,,,6,0.25157234,1.0,true,25.974271,20.457084,92.880104,0.004479,0.006302,4.17E-4,139.35375,139.413021
137574439258961,137574345914111,264.990208,886,1920,90,not_plant,0,0.1637082821701839,0.1618367649248172,,,,,6,0.25157234,1.0,true,19.680469,21.417291,100.417604,0.005573,0.00724,5.73E-4,141.568125,141.626459
137574706127086,137574612467028,266.868125,886,1920,90,not_plant,0,0.16174790225894153,0.163504883319259,,,,,6,0.25157234,1.0,true,21.769427,17.307552,92.429062,0.003698,0.00724,0.011979,131.571354,131.62875
137574968556930,137574879020153,262.429844,886,1920,90,not_plant,0,0.16286100012499544,0.1550411535624034,,,,,6,0.25157234,1.0,true,29.775052,19.420833,98.053021,0.004792,0.00651,5.21E-4,147.306615,147.372239
137575240812555,137575145573069,272.255625,886,1920,90,not_plant,0,0.1636983443873138,0.16044176656408418,,,,,6,0.25157234,1.0,true,25.879792,25.006771,98.942917,0.004948,0.006197,3.65E-4,149.860469,149.932604
137575505874326,137575412126194,265.061771,886,1920,90,not_plant,0,0.1614593458284375,0.15745806561576717,,,,,6,0.25157234,1.0,true,26.541563,17.269792,97.207239,0.004896,0.006667,4.16E-4,141.054688,141.128749
137575706131096,137575612040778,200.25677,886,1920,90,not_plant,0,0.16188958604769008,0.1585002519402122,,,,,6,0.25157234,1.0,true,17.364844,24.718072,95.101407,0.003854,0.005885,4.69E-4,137.218541,137.269896
137575975138492,137575878593903,269.007396,886,1920,90,not_plant,0,0.16535926438403792,0.1558105721828348,,,,,6,0.25157234,1.0,true,31.008334,18.255208,99.32849,0.004739,0.031615,7.29E-4,148.660313,148.727031
137576235988857,137576145146819,260.850365,886,1920,90,not_plant,0,0.16121092197940304,0.15657478597004434,,,,,6,0.25157234,1.0,true,24.075364,20.676146,100.058021,0.004635,0.006511,6.25E-4,144.856614,144.923854
137576506227502,137576411699944,270.238645,886,1920,90,not_plant,0,0.1603290460464141,0.16022801069100753,,,,,6,0.25157234,1.0,true,26.179636,19.344843,96.691927,0.004948,0.006875,5.73E-4,142.269271,142.351042
137576706831929,137576611614736,200.604427,886,1920,90,not_plant,0,0.16014018531481566,0.16136157117085453,,,,,6,0.25157234,1.0,true,22.848333,21.187657,119.420416,0.005104,0.01,6.78E-4,163.511875,163.57875
137576964736044,137576878167653,257.904115,886,1920,90,not_plant,0,0.16241683269149096,0.15843500076587325,,,,,6,0.25157234,1.0,true,22.521875,20.06724,104.97651,0.013854,0.020834,4.16E-4,147.650365,147.721979
137577735821096,137577611188486,771.085052,886,1920,90,not_plant,0,0.16225934666440323,0.15884652072597086,,,,,6,0.25157234,1.0,true,25.047344,22.219792,117.835104,0.003437,0.005261,6.25E-4,165.13474,165.179427
137577966029481,137577877741611,230.208385,886,1920,90,not_plant,0,0.16193495608145747,0.15879469099680402,,,,,6,0.25157234,1.0,true,26.071302,18.130521,100.363802,0.003542,0.004792,5.72E-4,144.599219,144.658698
137578238075054,137578144294528,272.045573,886,1920,90,not_plant,0,0.16079971298852028,0.16056922442722688,,,,,6,0.25157234,1.0,true,19.9325,22.091771,97.843906,0.003437,0.005417,5.21E-4,139.907343,139.969114
137578501917085,137578410847653,263.842031,886,1920,90,not_plant,0,0.1594265155048466,0.1623069520680709,,,,,6,0.25157234,1.0,true,28.211718,22.734375,92.00849,0.003542,0.004739,5.73E-4,142.990312,143.056875
137578705809533,137578610762236,203.892448,886,1920,90,not_plant,0,0.16243076368693996,0.1610313173297013,,,,,6,0.25157234,1.0,true,14.316094,20.697292,107.72776,0.003646,0.005052,7.29E-4,142.784896,142.840833
137578981214741,137578877315361,275.405208,886,1920,90,not_plant,0,0.16178735287194157,0.1615615695002843,,,,,6,0.25157234,1.0,true,25.462136,19.9425,94.801302,0.003646,0.021718,5.21E-4,140.272761,140.347396
137579238442866,137579143868278,257.228125,886,1920,90,not_plant,0,0.16171317263463028,0.15809247677151558,,,,,6,0.25157234,1.0,true,28.456302,25.737553,97.459843,0.004167,0.005521,5.21E-4,151.707604,151.77625
137579496943074,137579410421403,258.500208,886,1920,90,not_plant,0,0.1618028769174068,0.15664423657508197,,,,,6,0.25157234,1.0,true,27.134114,19.265105,97.844166,0.00375,0.005677,4.69E-4,144.271146,144.334844
137579698166407,137579610336194,201.223333,886,1920,90,not_plant,0,0.15928445300862623,0.1563249309108819,,,,,6,0.25157234,1.0,true,25.532448,17.079062,103.496354,0.003438,0.005469,5.72E-4,146.138854,146.19849
137579902138751,137579810250986,203.972344,886,1920,90,not_plant,0,0.1621356673323497,0.15791776573136193,,,,,6,0.25157234,1.0,true,21.673385,16.775729,92.720938,0.003021,0.00526,4.69E-4,131.198958,131.243437
137580170558490,137580076803903,268.419739,886,1920,90,not_plant,0,0.1640972166103661,0.15706753840067,,,,,6,0.25157234,1.0,true,24.424635,17.18526,96.874792,0.003229,0.005209,4.16E-4,138.516093,138.686563
137580446125574,137580343357028,275.567084,886,1920,90,not_plant,0,0.16101192886019955,0.1603340823065728,,,,,6,0.25157234,1.0,true,25.11026,16.845312,95.972865,0.003906,0.005886,0.018125,137.988333,138.03401
137580703198021,137580609909944,257.072447,886,1920,90,not_plant,0,0.16594911916839222,0.1631167092589448,,,,,6,0.25157234,1.0,true,28.441094,31.486615,96.061354,0.00375,0.005833,5.73E-4,156.034011,156.090886
137580960043438,137580876463069,256.845417,886,1920,90,not_plant,0,0.16673891596039253,0.1633145943372766,,,,,6,0.25157234,1.0,true,19.94724,19.821614,101.420365,0.007031,0.017917,4.69E-4,141.262709,141.310521
137581166186667,137581076377653,206.143229,886,1920,90,not_plant,0,0.16160619297370704,0.158767412968627,,,,,6,0.25157234,1.0,true,27.31151,17.888646,137.584375,0.006458,0.008542,5.21E-4,182.903437,182.962865
137581368259948,137581276292444,202.073281,886,1920,90,not_plant,0,0.16226378612322187,0.16212588515154133,,,,,6,0.25157234,1.0,true,17.631666,19.983282,104.917135,0.006458,0.00823,5.2E-4,142.600312,142.643229
137581628949479,137581542845569,260.689531,886,1920,90,not_plant,0,0.16325494960718387,0.15906983569923158,,,,,6,0.25157234,1.0,true,20.521042,16.753854,108.300885,0.003542,0.006511,6.25E-4,145.615521,145.665157
137581903806146,137581809398486,274.856667,886,1920,90,not_plant,0,0.1612895368127796,0.15987292313391183,,,,,6,0.25157234,1.0,true,27.019635,17.744688,96.104531,0.003229,0.008229,6.77E-4,140.90177,140.954062
137582165905052,137582075951611,262.098906,886,1920,90,not_plant,0,0.16785067692197195,0.16043437988210507,,,,,6,0.25157234,1.0,true,18.443907,17.73802,106.00073,0.004531,0.007083,6.25E-4,142.222344,142.255886
137582431909010,137582342504528,266.003958,886,1920,90,not_plant,0,0.16206122223399,0.1578594343846208,,,,,6,0.25157234,1.0,true,26.758282,23.351979,97.98026,0.00349,0.005364,5.21E-4,148.12724,148.173542
137582633548542,137582542419319,201.639532,886,1920,90,not_plant,0,0.16696476507737712,0.15905264951720555,,,,,6,0.25157234,1.0,true,25.970521,17.017552,90.993958,0.0025,0.004427,4.17E-4,134.01401,134.059583
137582911750677,137582808972444,278.202135,886,1920,90,not_plant,0,0.16366674899633588,0.16088461088740677,,,,,6,0.25157234,1.0,true,29.075105,19.833645,108.286719,0.005052,0.006719,5.21E-4,157.246407,157.295833
137583169874166,137583075525361,258.123489,886,1920,90,not_plant,0,0.16500690191166867,0.16437801337193403,,,,,6,0.25157234,1.0,true,26.435834,21.030937,97.341042,0.004635,0.006302,5.73E-4,144.859532,144.918959
137583435014114,137583342078486,265.139948,886,1920,90,not_plant,0,0.16352325343079538,0.16093402192448045,,,,,6,0.25157234,1.0,true,25.70375,18.662292,95.550729,0.004583,0.007032,3.64E-4,139.967552,140.032083
137583636921562,137583541993069,201.907448,886,1920,90,not_plant,0,0.16544935346790546,0.15754678426107943,,,,,6,0.25157234,1.0,true,16.318229,25.069219,104.304999,0.005261,0.007083,5.21E-4,145.725104,145.788698
137583837388385,137583741907861,200.466823,886,1920,90,not_plant,0,0.16000530169654886,0.1596718306665836,,,,,6,0.25157234,1.0,true,14.653281,17.510365,105.3475,0.004479,0.006042,5.72E-4,137.545052,137.604114
137584093844062,137584008460986,256.455677,886,1920,90,not_plant,0,0.16660617062332853,0.1595271752162601,,,,,6,0.25157234,1.0,true,20.747031,22.504115,111.357239,0.004688,0.00625,6.25E-4,154.647083,154.690677
137584295713801,137584208375778,201.869739,886,1920,90,not_plant,0,0.16572996560107947,0.16036247292884698,,,,,6,0.25157234,1.0,true,26.208646,19.658125,115.677031,0.005469,0.007813,6.25E-4,161.590104,161.644323
137584501223437,137584408290361,205.509636,886,1920,90,not_plant,0,0.16224654386935017,0.16240733641944174,,,,,6,0.25157234,1.0,true,27.656615,22.907864,115.305625,0.00526,0.007136,6.25E-4,165.919323,165.976927
137584768689739,137584674843486,267.466302,886,1920,90,not_plant,0,0.1610898017485403,0.15864120100381432,,,,,6,0.25157234,1.0,true,27.424584,33.302135,118.406406,0.003907,0.006354,6.25E-4,179.181511,179.24052
137585037761249,137584941396403,269.07151,886,1920,90,not_plant,0,0.1633535369047313,0.1628026226079259,,,,,6,0.25157234,1.0,true,28.480104,26.663698,138.785365,0.003281,0.006562,4.69E-4,193.974792,194.034896
137585301846926,137585207949528,264.085677,886,1920,90,not_plant,0,0.15971992003017413,0.16121875518033565,,,,,6,0.25157234,1.0,true,27.087813,19.95302,110.131146,0.004271,0.007031,4.69E-4,157.223229,157.288542
137585571952499,137585474502444,270.105573,886,1920,90,not_plant,0,0.16492438324260872,0.1632222990577605,,,,,6,0.25157234,1.0,true,34.056563,21.017239,108.885677,0.005104,0.006407,4.68E-4,164.01349,164.073698
137585830440572,137585741055569,258.488073,886,1920,90,not_plant,0,0.16054940689990518,0.16241407399589297,,,,,6,0.25157234,1.0,true,28.719427,24.738229,119.39651,0.006511,0.008437,6.25E-4,172.895156,172.95875
137586103314322,137586007608486,272.87375,886,1920,90,not_plant,0,0.1624428901186012,0.15987092008796341,,,,,6,0.25157234,1.0,true,23.888177,19.177708,109.563386,0.004896,0.007135,4.69E-4,152.66474,152.725572
137586370542863,137586274161611,267.228541,886,1920,90,not_plant,0,0.1645095822399142,0.15889887139688452,,,,,6,0.25157234,1.0,true,21.078959,33.798021,112.029375,0.004479,0.007396,6.25E-4,166.952969,167.009323
137586626065207,137586540714528,255.522344,886,1920,90,not_plant,0,0.1617051933109003,0.16364128287109914,,,,,6,0.25157234,1.0,true,24.918541,18.739427,104.811719,0.003906,0.006875,4.69E-4,148.511458,148.560573
137586842396925,137586740629319,216.331718,886,1920,90,not_plant,0,0.15852385908154107,0.15716647725658875,,,,,6,0.25157234,1.0,true,20.183802,23.5675,125.880833,0.004636,0.006562,5.73E-4,169.680521,169.742448
137587043096561,137586940544111,200.699636,886,1920,90,not_plant,0,0.16443889071619347,0.15904098363439645,,,,,6,0.25157234,1.0,true,24.074792,19.236354,214.850885,0.005521,0.010937,6.78E-4,258.237083,258.27901
137587306306040,137587207097236,263.209479,886,1920,90,not_plant,0,0.1652971209412669,0.16246140706869996,,,,,6,0.25157234,1.0,true,20.787448,22.542239,121.413385,0.004323,0.006719,4.69E-4,164.792187,164.833802
137587564053488,137587473650153,257.747448,886,1920,90,not_plant,0,0.1659972684859622,0.15908932870287373,,,,,6,0.25157234,1.0,true,25.815521,26.270989,119.949271,0.005938,0.006927,6.25E-4,172.101146,172.162708
137587766761248,137587673564944,202.70776,886,1920,90,not_plant,0,0.16343166976455983,0.1549147993368006,,,,,6,0.25157234,1.0,true,16.819427,25.583177,127.28776,0.003177,0.00599,5.21E-4,169.73901,169.792239
137588027202029,137587940117861,260.440781,886,1920,90,not_plant,0,0.16353096569508688,0.1601530821979392,,,,,6,0.25157234,1.0,true,24.891771,18.526094,108.265885,0.004583,0.006459,4.68E-4,151.733281,151.78724
137588235007498,137588140032653,207.805469,886,1920,90,not_plant,0,0.16486747499981316,0.16128207065981315,,,,,6,0.25157234,1.0,true,19.920104,22.869636,111.695729,0.00401,0.005781,4.17E-4,154.517083,154.574739
137588499410675,137588406585778,264.403177,886,1920,90,not_plant,0,0.1615330524704704,0.15808518949560768,,,,,6,0.25157234,1.0,true,25.33573,24.567083,106.046406,0.005313,0.006666,5.73E-4,155.988698,156.054896
137588766544633,137588673138694,267.133958,886,1920,90,not_plant,0,0.15938372133021672,0.15491601752945908,,,,,6,0.25157234,1.0,true,28.731823,20.792813,111.639218,0.004948,0.006615,4.69E-4,161.204688,161.261667
137589032511039,137588939691819,265.966406,886,1920,90,not_plant,0,0.16727173037649692,0.1606274837504073,,,,,6,0.25157234,1.0,true,37.384323,20.543906,244.417656,0.005782,0.015729,6.25E-4,302.409844,302.478177
137589346743799,137589206244736,314.23276,886,1920,90,not_plant,0,0.16277671353825296,0.15839782149360895,,,,,6,0.25157234,1.0,true,27.815261,19.751823,128.802396,0.005312,0.007917,6.77E-4,176.4275,176.477761
137589566614529,137589472797861,219.87073,886,1920,90,not_plant,0,0.1629729884405441,0.16054200362199428,,,,,6,0.25157234,1.0,true,28.814219,23.54375,115.492812,0.003907,0.007708,6.25E-4,167.911719,167.971093
137589833150674,137589739350778,266.536145,886,1920,90,not_plant,0,0.1642103102465132,0.15912963646500072,,,,,6,0.25157234,1.0,true,25.176822,24.368282,120.971406,0.004427,0.00724,6.25E-4,170.581249,170.630156
137590091988539,137590005903903,258.837865,886,1920,90,not_plant,0,0.16577112792778573,0.15310082811795053,,,,,6,0.25157234,1.0,true,27.90625,24.519063,110.665573,0.005208,0.007031,5.21E-4,163.127344,163.183698
137590293422705,137590205818694,201.434166,886,1920,90,not_plant,0,0.1593815351343181,0.1561183340792697,,,,,6,0.25157234,1.0,true,17.153646,20.228594,114.772187,0.005365,0.0075,5.73E-4,152.195937,152.248334
137590507861039,137590405733278,214.438334,886,1920,90,not_plant,0,0.15976362474344818,0.16271271380241506,,,,,6,0.25157234,1.0,true,34.687917,17.496094,115.788073,0.00401,0.006979,6.25E-4,168.014792,168.077291
137590769240049,137590672286403,261.37901,886,1920,90,not_plant,0,0.166731009183377,0.1587614953119413,,,,,6,0.25157234,1.0,true,27.643073,21.804375,106.269843,0.004063,0.005729,5.21E-4,155.75276,155.83875
137591027917132,137590938839319,258.677083,886,1920,90,not_plant,0,0.15876361656523788,0.15889479925645716,,,,,6,0.25157234,1.0,true,24.825156,22.335208,107.203281,0.003959,0.005885,4.69E-4,154.402916,154.458698
137591301816403,137591205392444,273.899271,886,1920,90,not_plant,0,0.1643756154562478,0.15556007557073795,,,,,6,0.25157234,1.0,true,29.644636,33.162708,131.581354,0.004531,0.011302,6.77E-4,194.443542,194.507031
137591535454267,137591405307236,233.637864,886,1920,90,not_plant,0,0.16054261752072843,0.15669530750468647,,,,,6,0.25157234,1.0,true,17.750469,23.49651,126.937344,0.009583,0.012553,5.72E-4,168.264844,168.335834
137591764754788,137591671860153,229.300521,886,1920,90,not_plant,0,0.1629072423422847,0.15880195638808778,,,,,6,0.25157234,1.0,true,23.676146,26.677812,113.666146,0.005365,0.006979,6.25E-4,164.078594,164.151615
137592027158486,137591938413278,262.403698,886,1920,90,not_plant,0,0.16442104083371714,0.15459521114795818,,,,,6,0.25157234,1.0,true,25.915885,23.207031,138.421146,0.003906,0.008334,6.25E-4,187.612968,187.680989
137592798967027,137592671434111,771.808541,886,1920,90,not_plant,0,0.16067381458510627,0.16799540515412106,,,,,6,0.25157234,1.0,true,24.27474,26.481354,125.846146,0.004844,0.011354,6.77E-4,176.648855,176.689167
137593024769631,137592937987028,225.802604,886,1920,90,not_plant,0,0.16113396181677725,0.15777526356848537,,,,,6,0.25157234,1.0,true,22.850885,23.601563,121.411093,0.004063,0.005469,5.21E-4,167.900885,167.952292
137593301483069,137593204540153,276.713438,886,1920,90,not_plant,0,0.16061026933015882,0.15502166112737806,,,,,6,0.25157234,1.0,true,30.206042,21.824479,115.940729,0.004584,0.007187,6.77E-4,168.024271,168.079271
137593567580152,137593471093069,266.097083,886,1920,90,not_plant,0,0.157929553392089,0.1588983884032524,,,,,6,0.25157234,1.0,true,26.531355,23.316093,120.223334,0.004791,0.007761,6.25E-4,170.128073,170.179375
137593824678954,137593737646194,257.098802,886,1920,90,not_plant,0,0.16163696809887737,0.15879971204969504,,,,,6,0.25157234,1.0,true,25.329323,22.258125,123.800938,0.004583,0.006823,6.77E-4,171.457813,171.52
137594033441454,137593937560778,208.7625,886,1920,90,not_plant,0,0.16142051275346517,0.1564863735883074,,,,,6,0.25157234,1.0,true,29.062396,19.936719,115.042083,0.00474,0.007083,4.69E-4,164.095208,164.147708
137594299067391,137594204113903,265.625937,886,1920,90,not_plant,0,0.16130419016495626,0.16037126246486536,,,,,6,0.25157234,1.0,true,31.743229,21.890313,111.303021,0.004323,0.006041,5.73E-4,164.966927,165.018698
137594563123381,137594470666819,264.05599,886,1920,90,not_plant,0,0.16294443087976213,0.15953601104395543,,,,,6,0.25157234,1.0,true,24.753437,26.63599,107.698802,0.005156,0.008958,4.69E-4,159.124687,159.183385
137594829647183,137594737219944,266.523802,886,1920,90,not_plant,0,0.16482736416943194,0.1580316517856395,,,,,6,0.25157234,1.0,true,28.613281,19.969636,110.013281,0.004896,0.007448,4.68E-4,158.635885,158.697604
137595096832912,137595003772861,267.185729,886,1920,90,not_plant,0,0.1624211843047135,0.15956315398432588,,,,,6,0.25157234,1.0,true,30.213594,24.286093,126.940938,0.010833,0.016042,0.00276,181.574948,181.653385
137595362044578,137595270325986,265.211666,886,1920,90,not_plant,0,0.1619690244331493,0.1605352037638257,,,,,6,0.25157234,1.0,true,26.457917,29.122916,116.479115,0.005417,0.008073,6.77E-4,172.112813,172.206615
137595628751401,137595536878903,266.706823,886,1920,90,not_plant,0,0.16298059773195572,0.16054255092482028,,,,,6,0.25157234,1.0,true,27.95302,19.119323,108.170729,0.00474,0.007969,4.68E-4,155.291614,155.348802
137595831052182,137595736793694,202.300781,886,1920,90,not_plant,0,0.1634481758688733,0.16091103034391135,,,,,6,0.25157234,1.0,true,37.623282,17.708698,108.892864,0.004844,0.006458,4.69E-4,164.27349,164.334844
137596100657911,137596003346819,269.605729,886,1920,90,not_plant,0,0.16030436612316978,0.1551789061007819,,,,,6,0.25157234,1.0,true,27.489166,26.523854,111.346354,0.002917,0.006354,4.69E-4,165.408749,165.467657
137596361887182,137596269899736,261.229271,886,1920,90,not_plant,0,0.1693906956574544,0.1623185395481017,,,,,6,0.25157234,1.0,true,26.809792,23.056823,109.132135,0.004323,0.005625,5.21E-4,159.024635,159.080365
137596621946817,137596536452861,260.059635,886,1920,90,not_plant,0,0.16390209093024088,0.15804144977219664,,,,,6,0.25157234,1.0,true,22.135312,18.929688,108.951302,0.005312,0.007188,5.2E-4,150.054322,150.10448
137596828414370,137596736367653,206.467553,886,1920,90,not_plant,0,0.16076801379624078,0.1578613153263693,,,,,6,0.25157234,1.0,true,24.965573,23.231875,106.370573,0.005156,0.007031,4.69E-4,154.605052,154.660677
137597095184682,137597002920569,266.770312,886,1920,90,not_plant,0,0.15979827848482783,0.15583832726490107,,,,,6,0.25157234,1.0,true,32.122239,23.671823,104.943854,0.005156,0.006928,4.16E-4,160.778281,160.842708
137597357892130,137597269473694,262.707448,886,1920,90,not_plant,0,0.16596720473761922,0.1622061248441548,,,,,6,0.25157234,1.0,true,19.025365,27.729791,115.401198,0.005052,0.006823,6.77E-4,162.206563,162.267812
137597560064317,137597469388278,202.172187,886,1920,90,not_plant,0,0.1660535134499105,0.16096869295701594,,,,,6,0.25157234,1.0,true,24.512916,26.831771,111.465417,0.004896,0.006614,4.69E-4,162.857968,162.913438
137597835289265,137597735941403,275.224948,886,1920,90,not_plant,0,0.16415215577105394,0.15713698994495168,,,,,6,0.25157234,1.0,true,28.025677,22.008178,112.254531,0.004948,0.006614,4.69E-4,162.336198,162.400937
137598085481609,137598002494319,250.192344,886,1920,90,not_plant,0,0.15805294513473633,0.15521250254621155,,,,,6,0.25157234,1.0,true,28.472812,24.170729,136.575,0.004896,0.007969,5.21E-4,189.274583,189.333072
137598298698015,137598202409111,213.216406,886,1920,90,not_plant,0,0.1634462099371946,0.15508827960630678,,,,,6,0.25157234,1.0,true,21.26552,29.211771,133.185261,0.003802,0.006823,4.16E-4,183.712031,183.753541
137598556423536,137598468962236,257.725521,886,1920,90,not_plant,0,0.16028893183785242,0.15603870700870087,,,,,6,0.25157234,1.0,true,23.475833,22.241458,105.015105,0.004218,0.006407,4.16E-4,150.762916,150.812343
137598758489785,137598668877028,202.066249,886,1920,90,not_plant,0,0.16182320499037184,0.15380343697845117,,,,,6,0.25157234,1.0,true,28.484584,25.048385,114.564948,0.005156,0.006615,4.68E-4,168.133073,168.195209
137599022972962,137598935429944,264.483177,886,1920,90,not_plant,0,0.16411166744200542,0.15758755250696274,,,,,6,0.25157234,1.0,true,18.921823,28.351146,118.220989,0.004792,0.006354,5.21E-4,165.531927,165.583646
137599297340514,137599201983069,274.367552,886,1920,90,not_plant,0,0.1620911120403161,0.1559664976667214,,,,,6,0.25157234,1.0,true,21.530782,21.567552,110.556718,0.003803,0.006979,4.68E-4,153.694375,153.748646
137599556891608,137599468535986,259.551094,886,1920,90,not_plant,0,0.1591973467790497,0.16034436645323127,,,,,6,0.25157234,1.0,true,27.580468,19.333542,110.306614,0.004896,0.007396,4.17E-4,157.265364,157.318594
137599759803223,137599668450778,202.911615,886,1920,90,not_plant,0,0.16223408490111785,0.15761056327451453,,,,,6,0.25157234,1.0,true,28.3,25.96677,113.251146,0.005417,0.007812,6.25E-4,167.576197,167.639895
137600025221295,137599935003694,265.418072,886,1920,90,not_plant,0,0.1608312639244209,0.15994514020988781,,,,,6,0.25157234,1.0,true,25.997864,19.459375,105.614375,0.003854,0.006406,4.17E-4,151.120156,151.170365
137600301260462,137600201556819,276.039167,886,1920,90,not_plant,0,0.15862684723094894,0.15929892826693376,,,,,6,0.25157234,1.0,true,33.664166,21.283334,111.093854,0.003385,0.007604,4.17E-4,166.094583,166.150469
137600564626139,137600468109736,263.365677,886,1920,90,not_plant,0,0.16456302798582606,0.1614884241910287,,,,,6,0.25157234,1.0,true,26.665365,20.791406,106.262136,0.004479,0.007448,4.68E-4,153.773334,153.834375
137600829815930,137600734662861,265.189791,886,1920,90,not_plant,0,0.16397816746492866,0.15734007969066313,,,,,6,0.25157234,1.0,true,19.059531,21.169167,121.725364,0.005469,0.011875,7.29E-4,161.998437,162.062344
137601088151191,137601001215778,258.335261,886,1920,90,not_plant,0,0.16514818515939717,0.16239435593386764,,,,,6,0.25157234,1.0,true,22.006198,34.402395,115.308438,0.005312,0.011719,5.73E-4,171.758229,171.806875
137601361187753,137601267768903,273.036562,886,1920,90,not_plant,0,0.15947765252034557,0.15964359476833842,,,,,6,0.25157234,1.0,true,24.982291,24.48125,111.389375,0.005573,0.006615,6.25E-4,160.901249,160.954375
137601624590045,137601534321819,263.402292,886,1920,90,not_plant,0,0.16503359454024588,0.16708013535868058,,,,,6,0.25157234,1.0,true,27.466458,21.765573,108.675104,0.005417,0.007083,5.21E-4,157.951562,158.019114
137601830811086,137601734236611,206.221041,886,1920,90,not_plant,0,0.16059893139535417,0.16223156495771893,,,,,6,0.25157234,1.0,true,16.515469,20.353229,109.23651,0.004636,0.007448,4.68E-4,146.152135,146.209271
137602094705409,137602000789736,263.894323,886,1920,90,not_plant,0,0.16152741764761303,0.1586164664432944,,,,,6,0.25157234,1.0,true,23.913854,27.019323,109.535,0.004583,0.006511,4.68E-4,160.515989,160.562865
137602294885513,137602200704528,200.180104,886,1920,90,not_plant,0,0.16205522119190302,0.1570550573878338,,,,,6,0.25157234,1.0,true,17.246459,28.288906,122.027344,0.005156,0.007813,6.25E-4,167.623542,167.682969
137602508666555,137602400619111,213.781042,886,1920,90,not_plant,0,0.167036401291697,0.1595753623238229,,,,,6,0.25157234,1.0,true,27.26849,18.861458,117.899688,0.005104,0.008802,7.81E-4,164.099792,164.147187
137602758898065,137602667172236,250.23151,886,1920,90,not_plant,0,0.16210527297555957,0.16170527190814354,,,,,6,0.25157234,1.0,true,28.930312,20.802032,147.05802,0.004532,0.007031,4.17E-4,196.821354,196.890365
137602959853378,137602867087028,200.955313,886,1920,90,not_plant,0,0.1595285492975668,0.15864961075676498,,,,,6,0.25157234,1.0,true,21.98125,23.355313,114.51651,0.004115,0.008698,0.010729,159.895886,159.93302
137603220287805,137603133639944,260.434427,886,1920,90,not_plant,0,0.1608644346812815,0.1589843632599922,,,,,6,0.25157234,1.0,true,23.888698,31.047864,118.75375,0.005521,0.008229,6.77E-4,173.735312,173.791093
137603428704419,137603333554736,208.416614,886,1920,90,not_plant,0,0.1647729713738004,0.15724566974987167,,,,,6,0.25157234,1.0,true,36.254115,18.814427,109.560885,0.005469,0.00724,4.68E-4,164.669844,164.728385
137603692861919,137603600107861,264.1575,886,1920,90,not_plant,0,0.16668007779103783,0.15742404148112787,,,,,6,0.25157234,1.0,true,27.794531,22.576875,115.352864,0.005365,0.007708,5.73E-4,165.774322,165.831614
137603952823429,137603866660778,259.96151,886,1920,90,not_plant,0,0.16418545301166343,0.16151454579583482,,,,,6,0.25157234,1.0,true,26.240729,23.48875,114.170677,0.005469,0.00724,6.25E-4,163.980885,164.03
137604158546138,137604066575569,205.722709,886,1920,90,not_plant,0,0.16614512126305486,0.1582266921530065,,,,,6,0.25157234,1.0,true,29.20849,27.950729,115.085208,0.004583,0.007865,7.29E-4,172.301823,172.358749
137604420986346,137604333128486,262.440208,886,1920,90,not_plant,0,0.16218268791789991,0.1621376007583328,,,,,6,0.25157234,1.0,true,28.846146,19.449271,109.495104,0.004948,0.007136,6.77E-4,157.885469,157.947864
137604621408898,137604533043278,200.422552,886,1920,90,not_plant,0,0.1607912942506686,0.1596443476148078,,,,,6,0.25157234,1.0,true,22.487813,18.412187,105.230365,0.004167,0.007552,4.16E-4,146.186927,146.242239
137604830298325,137604732958069,208.889427,886,1920,90,not_plant,0,0.1610518775946624,0.16033627182174448,,,,,6,0.25157234,1.0,true,16.473021,25.214635,114.816406,0.005365,0.0075,5.21E-4,156.559062,156.617031
137605087743325,137604999511194,257.445,886,1920,90,not_plant,0,0.16568817021385135,0.16247828080552865,,,,,6,0.25157234,1.0,true,26.329792,20.855156,111.120469,0.004219,0.01151,5.21E-4,158.363073,158.413958
137605293188585,137605199425778,205.44526,886,1920,90,not_plant,0,0.16047311702013148,0.15708610427951356,,,,,6,0.25157234,1.0,true,25.504479,28.967292,144.588229,0.003646,0.007083,4.17E-4,199.094375,199.138021
137605496214522,137605332702444,203.025937,886,1920,90,not_plant,0,0.16224946180943076,0.15925873453648615,,,,,6,0.25157234,1.0,true,23.176562,32.153594,111.905208,0.004792,0.024531,4.69E-4,167.289479,167.327657
137606570511449,137606465552653,1074.296927,886,1920,90,not_plant,0,0.16399369758015284,0.16184950153346073,,,,,6,0.25157234,1.0,true,21.341615,22.877656,125.55375,0.003854,0.005729,4.69E-4,169.819479,169.85724
137606832600980,137606732105778,262.089531,886,1920,90,not_plant,0,0.15743704265955452,0.1624744962166997,,,,,6,0.25157234,1.0,true,33.019166,18.572552,119.435886,0.005781,0.010052,0.015729,171.110312,171.169792
137607092970459,137606998658694,260.369479,886,1920,90,not_plant,0,0.1621229519030159,0.16135621085852217,,,,,6,0.25157234,1.0,true,19.246406,24.302292,135.947552,0.00474,0.006614,6.25E-4,179.52776,179.587969
137607359899105,137607265211819,266.928646,886,1920,90,not_plant,0,0.1559471119016358,0.16344142379496257,,,,,6,0.25157234,1.0,true,19.327968,26.205313,107.872969,0.004895,0.007084,4.68E-4,153.445156,153.507708
137607626097959,137607531764736,266.198854,886,1920,90,not_plant,0,0.162904159509473,0.1614582233017582,,,,,6,0.25157234,1.0,true,33.93651,35.069948,117.461354,0.004531,0.007969,6.77E-4,186.510833,186.575365
137607828385563,137607731679528,202.287604,886,1920,90,not_plant,0,0.16221136570623576,0.15590815293266563,,,,,6,0.25157234,1.0,true,19.153229,22.007031,114.991302,0.005469,0.00776,6.25E-4,156.202448,156.251302
137608093923219,137607998232653,265.537656,886,1920,90,not_plant,0,0.16233949715904533,0.15478676540289377,,,,,6,0.25157234,1.0,true,30.800157,21.549062,106.519219,0.00526,0.007344,4.69E-4,158.912188,158.973282
137608354969573,137608264785569,261.046354,886,1920,90,not_plant,0,0.1609445442655308,0.15670557837937418,,,,,6,0.25157234,1.0,true,26.573489,22.022709,110.180885,0.004219,0.007292,5.2E-4,158.823854,158.885521
137608625492438,137608531338694,270.522865,886,1920,90,not_plant,0,0.1581792912253672,0.15787560715955296,,,,,6,0.25157234,1.0,true,33.390521,30.739739,120.348854,0.004115,0.007813,6.77E-4,184.563958,184.625677
137608825784365,137608731253278,200.291927,886,1920,90,not_plant,0,0.1599000000395168,0.1597801966408915,,,,,6,0.25157234,1.0,true,20.457813,22.459479,110.793229,0.004844,0.006875,4.69E-4,153.765417,153.811562
137609028655042,137608931168069,202.870677,886,1920,90,not_plant,0,0.16075575861593017,0.1610447130087107,,,,,6,0.25157234,1.0,true,19.976354,22.322344,132.293645,0.005834,0.007291,5.73E-4,174.657239,174.70651
137609292171656,137609197721194,263.516614,886,1920,90,not_plant,0,0.1614287078995614,0.15689736179677732,,,,,6,0.25157234,1.0,true,19.126979,24.337135,132.608386,0.004843,0.011407,6.77E-4,176.109948,176.181146
137609509748323,137609397635986,217.576667,886,1920,90,not_plant,0,0.1683431205790224,0.15783388304627347,,,,,6,0.25157234,1.0,true,23.172813,19.15901,113.230781,0.004011,0.006458,4.17E-4,155.595,155.634167
137609751371604,137609664188903,241.623281,886,1920,90,not_plant,0,0.16160984736194567,0.16133947803619134,,,,,6,0.25157234,1.0,true,24.577969,23.649688,126.560833,0.004115,0.006927,6.25E-4,174.828855,174.873125
137609962605354,137609864103694,211.23375,886,1920,90,not_plant,0,0.16599674178121193,0.16095596331748643,,,,,6,0.25157234,1.0,true,27.783334,21.185521,124.417083,0.007187,0.008386,6.77E-4,173.437865,173.490781
137610215981916,137610130656819,253.376562,886,1920,90,not_plant,0,0.16119751555779652,0.1605250993801752,,,,,6,0.25157234,1.0,true,19.847761,24.16,111.008958,0.004219,0.00776,4.69E-4,155.057917,155.116042
137610493174156,137610397209736,277.19224,886,1920,90,not_plant,0,0.16460849346466697,0.15845798769468025,,,,,6,0.25157234,1.0,true,30.605573,21.202239,116.279948,0.004531,0.007709,7.29E-4,168.145989,168.194219
137610755410875,137610663762653,262.236719,886,1920,90,not_plant,0,0.1627073253026657,0.15659654631234862,,,,,6,0.25157234,1.0,true,25.391302,21.301562,117.057708,0.006094,0.008594,6.77E-4,163.815104,163.864947
137611024751968,137610930315778,269.341093,886,1920,90,not_plant,0,0.16100119304014926,0.1581261643917441,,,,,6,0.25157234,1.0,true,27.323334,22.595416,113.574636,0.004948,0.006979,4.69E-4,163.549011,163.607709
137611285967437,137611196868694,261.215469,886,1920,90,not_plant,0,0.16266689661989228,0.16175669775474819,,,,,6,0.25157234,1.0,true,31.832812,23.901979,113.246511,0.005521,0.007864,6.25E-4,169.02,169.08625
137611488456187,137611396783486,202.48875,886,1920,90,not_plant,0,0.16010687189647121,0.16055207763866106,,,,,6,0.25157234,1.0,true,26.885573,20.4875,114.204375,0.004948,0.006667,5.73E-4,161.613386,161.67
137611759897333,137611663336611,271.441146,886,1920,90,not_plant,0,0.16133063656936944,0.1590381867238177,,,,,6,0.25157234,1.0,true,26.56099,21.835052,107.185104,0.004844,0.006562,4.69E-4,155.61901,155.671302
137612015763739,137611929889528,255.866406,886,1920,90,not_plant,0,0.16644292481650308,0.15785448214961173,,,,,6,0.25157234,1.0,true,27.270261,32.990104,132.556927,0.006094,0.007916,6.25E-4,192.866615,192.920573
137612224640145,137612129804319,208.876406,886,1920,90,not_plant,0,0.16394175457524987,0.1566480800361377,,,,,6,0.25157234,1.0,true,24.129271,20.154843,104.731615,0.004115,0.005989,4.69E-4,149.063177,149.103281
137612491002124,137612396357444,266.361979,886,1920,90,not_plant,0,0.15683660860514462,0.1579120619055145,,,,,6,0.25157234,1.0,true,27.364792,22.0725,111.134843,0.004948,0.006198,4.69E-4,160.617396,160.675885
137612762122801,137612662910361,271.120677,886,1920,90,not_plant,0,0.16279227328990709,0.16030115878709644,,,,,6,0.25157234,1.0,true,28.149323,23.491823,126.537864,0.004896,0.008438,7.29E-4,178.238177,178.296146
137613019985978,137612929463486,257.863177,886,1920,90,not_plant,0,0.16351973281703094,0.15710285470251317,,,,,6,0.25157234,1.0,true,26.306563,21.140781,111.718698,0.005417,0.007968,6.25E-4,159.232448,159.293437
137613282924988,137613196016403,262.93901,886,1920,90,not_plant,0,0.1593960464926954,0.15791494077014007,,,,,6,0.25157234,1.0,true,26.539791,23.472344,114.742344,0.005469,0.008125,7.29E-4,164.824791,164.889636
137613485511238,137613395931194,202.58625,886,1920,90,not_plant,0,0.1649665405137369,0.1599868271473678,,,,,6,0.25157234,1.0,true,28.54474,32.422187,122.152135,0.005105,0.007604,6.77E-4,183.155469,183.209635
137613690037436,137613595845986,204.526198,886,1920,90,not_plant,0,0.1634724088531771,0.15849108062237496,,,,,6,0.25157234,1.0,true,25.775365,22.998854,117.103958,0.005261,0.007239,0.024115,165.944792,165.98875
137613956473842,137613862398903,266.436406,886,1920,90,not_plant,0,0.16267671296897307,0.15498046407841015,,,,,6,0.25157234,1.0,true,35.804531,18.967448,111.915469,0.004947,0.007032,4.68E-4,166.727239,166.789427
137614222308582,137614128952028,265.83474,886,1920,90,not_plant,0,0.16032745185481742,0.15817551647449538,,,,,6,0.25157234,1.0,true,27.261041,21.122136,120.92,0.004375,0.008802,6.25E-4,169.352812,169.409114
137614487830977,137614395504944,265.522395,886,1920,90,not_plant,0,0.15878540891554205,0.1592484696013647,,,,,6,0.25157234,1.0,true,25.15026,23.939636,112.481719,0.005364,0.006927,6.77E-4,161.62526,161.676042
137614689991029,137614595419736,202.160052,886,1920,90,not_plant,0,0.16429445606939333,0.16045538980016089,,,,,6,0.25157234,1.0,true,27.562136,22.739375,121.741146,0.005,0.007812,6.25E-4,172.098594,172.158177
137614958603946,137614861972861,268.612917,886,1920,90,not_plant,0,0.16046648884850376,0.1599038340381076,,,,,6,0.25157234,1.0,true,25.50224,20.607292,117.252708,0.005625,0.008489,7.3E-4,163.427292,163.485781
137615216609206,137615128525778,258.00526,886,1920,90,not_plant,0,0.16091061402821943,0.15922334435227886,,,,,6,0.25157234,1.0,true,21.720469,21.800573,443.633958,0.010781,0.015573,0.002448,487.341875,487.40224
137615728468737,137615594993694,511.859531,886,1920,90,not_plant,0,0.16524728461745367,0.15781185581156754,,,,,6,0.25157234,1.0,true,19.480469,41.650729,267.326093,0.004063,0.009323,3.12E-4,328.487552,328.570625
